1	7.6148	5366	2015
10	6.69579	8351	2185
1000	6.41481	54	25
100015	6.53108	37	10
10008	5.79545	44	41
100089	7.21013	79	70
1001	5.11766	218	76
100104	6.63989	158	45
10014	6.38571	35	34
100169	7.54191	159	90
1002	6.90056	460	229
10022	7.20833	72	31
100275	6.39818	55	40
100278	6.36275	51	12
10033	5.76842	57	24
100374	4.85676	37	17
10038	6.95	39	36
1004	5.7785	100	31
100423	6.9778	23119	4590
10043	4.61441	111	55
100447	6.17595	79	17
100470	5.85366	41	14
100473	6.80885	130	44
10052	5.8	30	15
10065	6.63859	80	34
100670	5.09547	53	27
100679	6.69602	1220	244
1007	5.66677	164	62
100734	6.4196	721	209
10075	5.3314	43	19
100758	5.5625	72	15
100795	6.64198	81	20
100798	7.06889	45	14
10081	6.42617	2040	665
10084	6.27	53	30
10090	5.15156	45	15
100901	7.19203	21960	4312
10093	6.69625	5895	1512
10094	4.80392	51	15
10095	6.01613	31	15
10096	6.62691	81	22
101	6.77773	1097	486
101013	6.48935	618	221
10102	6.79054	74	57
101020	6.767	818	265
10104	5.37636	55	20
1011	4.89091	77	31
101118	7.16486	70	39
1012	5.76065	155	51
101206	7.33145	62	53
101239	5.6125	64	22
1013	6.65714	70	31
101335	4.6	105	30
1014	6.81663	152	36
10140	5.81976	259	100
101420	4.50842	76	18
101463	6.79355	62	23
10149	6.80137	146	86
101519	5.0875	40	13
10152	5.18108	37	19
101539	6.71333	30	19
10156	7.66266	277	149
101628	5.64839	31	36
101629	5.54516	31	37
10164	5.98189	579	144
101644	8.49194	62	18
101660	5.90196	46	10
101668	6.77273	33	6
10167	6.18323	1457	348
10168	7.77656	64	52
101682	7.994	225	98
101685	5.91292	89	31
1017	6.71411	929	432
10171	5.97927	82	11
101718	5.42412	255	82
101721	7.62277	7555	1735
101723	6.54878	41	13
101737	4.68638	354	137
10174	7.65835	289	181
10175	5.66127	44	21
101766	5.74244	41	34
101785	6.83504	3507	1064
101786	7.33558	452	107
101796	6.17998	318	113
10183	7.41101	252	184
10186	6.93091	110	65
101865	7.94218	321	89
101872	7.86897	35	26
10188	6.42682	39	29
1019	6.31081	37	9
101929	7.67801	241	98
101930	5.70229	516	199
101954	4.82449	49	22
10196	5.53618	228	103
101988	4.73431	137	108
102	6.21013	895	366
10203	5.51316	76	29
10206	6.04751	1133	362
102104	6.34484	5183	856
102107	6.13641	291	93
10213	4.74259	263	130
10214	5.95556	45	55
102144	7.28052	249	54
102145	6.53666	32	33
102148	6.49812	1432	386
10215	6.14194	31	37
102151	6.28061	98	55
102159	6.88438	96	52
102181	6.31974	764	206
10221	6.52778	54	26
102219	6.29703	165	46
102237	6.66867	2384	493
102253	7.29412	34	21
10226	7.79124	187	88
102275	6.88398	128	96
10230	7.61628	43	23
10234	6.4855	111	98
102346	7.19268	41	37
10236	6.52627	59	46
102435	7.97944	906	405
10244	7.85576	76	42
10245	7.91364	44	31
10248	7.84074	57	28
102548	6.81713	6084	1085
10256	5.94839	62	48
10257	5.30488	41	42
10258	6.0122	41	46
10261	6.55	61	58
102610	6.74356	427	131
10262	6.57549	102	82
102631	6.84871	122	14
10264	6.469	50	57
10265	5.98952	62	62
102652	7.19884	15194	3556
10266	6.86111	36	19
10267	6.37552	96	83
102676	6.8122	41	15
10268	7.18182	44	21
102680	7.75699	15575	2838
102681	6.5528	243	57
10269	6.61443	97	79
102690	6.63631	263	79
102698	7.77406	32	17
1027	5.68333	30	9
10270	4.72813	32	14
10272	6.88102	108	68
10275	5.0	34	16
102792	5.70382	200	59
102794	8.00149	29797	4813
1028	5.94741	116	38
10282	4.85484	31	13
10283	5.36159	157	116
102835	5.86435	914	307
102859	5.02447	155	48
102881	7.84537	136	74
102897	6.12381	774	264
102898	6.61256	911	266
1029	6.52	40	16
10291	5.46727	117	40
10293	5.48286	412	109
102940	5.85918	258	103
102965	4.98438	32	12
103	6.96883	3908	1566
10300	6.5437	81	57
10301	6.44535	86	58
103016	6.59157	35	16
10303	4.83056	36	25
103039	7.23689	45	42
10304	5.94217	83	49
10306	5.2675	40	10
103061	6.9378	247	88
10307	7.47941	34	15
103077	5.53396	71	19
10308	6.23077	65	32
103091	6.64917	582	156
103092	6.97611	1984	469
1031	5.58457	278	120
10310	7.5898	49	23
103132	6.75482	842	219
103184	6.48617	444	185
103185	6.98047	2218	617
103191	5.39254	201	90
1032	7.08421	1956	896
10320	4.08617	162	78
10323	6.59284	141	33
103235	6.1413	398	141
103236	5.98476	105	26
10325	4.29153	59	26
10326	6.28566	53	18
103261	4.76537	165	55
1033	6.68437	32	30
103327	4.55673	52	27
103328	6.04791	86	25
103339	7.94675	276	144
103343	7.57953	30266	4466
103368	6.80387	283	127
103402	4.40909	77	29
103405	4.57508	61	25
10341	5.56833	60	30
10345	5.18605	43	20
10346	6.78353	85	59
103469	7.00883	214	62
10348	6.36486	37	45
1035	7.5254	3234	1254
10353	5.91176	34	18
10354	5.77027	37	29
10355	4.47987	68	29
103573	4.69231	39	11
1036	6.68625	794	252
10361	6.84896	48	38
103638	5.64512	127	44
103640	5.25029	38	10
103649	6.53482	2225	604
103651	6.38153	479	169
103660	6.85987	1123	374
103666	6.75907	162	25
103670	7.55541	148	38
10368	5.20588	34	20
103686	6.67137	1771	448
103687	5.41026	39	18
1037	7.24994	642	283
103714	5.52173	228	104
103745	6.10179	56	36
103752	7.27679	56	18
103755	6.34697	33	11
10376	7.53046	87	56
103783	6.96364	55	19
1038	6.32546	1958	537
103806	5.75652	66	27
103807	6.47	63	14
103811	5.41739	46	14
103814	6.48718	322	75
103828	5.41127	96	32
10383	6.27209	2519	760
103830	7.21458	72	33
103843	6.06154	104	37
103844	5.39267	75	33
10386	5.83804	92	50
103877	6.46084	382	104
103883	6.33062	129	47
103885	7.67086	23718	3920
103886	7.18375	5469	1218
10392	5.7	35	27
103922	4.93731	67	28
103937	5.91435	115	53
10394	7.1875	40	25
103975	6.43571	98	30
104	7.00167	257	127
10400	4.85737	424	148
104006	7.51602	21171	3453
104012	6.67937	63	19
104020	7.21064	2619	595
104029	5.99268	41	21
104063	5.90118	241	72
1041	7.16999	4322	1424
10414	4.77596	52	20
104162	7.66731	23640	3950
10419	4.94091	44	19
1042	6.43377	3136	1022
104234	5.60315	240	70
104239	6.24912	57	12
10424	4.7375	40	19
1043	6.24667	75	30
10431	7.61464	269	97
10432	4.90625	32	18
104340	6.24714	192	63
104347	6.89745	4361	776
104351	5.77746	71	64
104353	6.3082	61	65
104363	7.0803	4309	1047
104376	5.99026	190	61
104377	6.34144	758	185
1044	7.13173	1015	478
10445	6.2632	229	90
10447	7.56452	31	12
104498	6.94424	143	60
1045	6.37105	57	26
10450	4.67042	71	25
10453	4.76329	360	114
104553	7.21557	61	22
104555	5.94506	342	85
104558	6.02844	90	24
104573	6.4431	690	245
104575	6.15922	436	158
104581	7.00171	1431	413
10459	5.625	36	22
104617	5.42896	138	49
10462	3.62838	37	16
104627	7.1084	353	109
10463	6.17742	31	25
104633	5.64186	221	92
104640	7.05554	202	49
104655	5.90874	397	153
10467	6.46128	161	52
1047	7.33143	35	38
10470	7.13942	52	30
10471	5.93636	66	49
104710	7.05612	4764	1067
10472	5.84833	120	105
104736	6.90141	99	15
104769	6.03718	91	13
104775	6.31317	80	40
104780	6.1613	131	40
104798	6.19909	55	23
104805	6.26677	440	140
104809	5.78182	55	23
104813	5.81081	37	23
104814	6.12444	35	13
104858	6.28571	49	15
104955	7.07466	1708	502
10496	6.10082	1200	560
104994	6.50606	973	282
105	6.76889	7053	2369
105004	6.01226	62	24
10501	7.74671	189	94
10502	5.05794	501	170
105023	6.89523	239	131
105024	7.99174	121	50
105037	6.99255	3043	804
10508	5.93714	70	32
10511	4.975	40	23
105123	4.68246	57	9
105134	7.4085	7839	1693
10518	4.86955	66	31
105187	6.57776	688	205
105199	5.9693	455	122
10520	5.96776	380	130
10523	6.4177	273	151
10525	7.03519	81	40
105265	6.01704	226	52
10527	6.62728	390	130
105280	6.10606	33	10
10529	7.72581	31	15
1053	6.23333	69	30
105305	6.12531	49	27
10533	6.11273	55	57
10534	6.15604	182	137
10537	5.3561	41	18
1054	6.275	40	26
10543	6.04231	39	31
105434	5.49211	38	10
10547	7.05682	39652	8335
10550	6.86633	1419	483
10551	6.45937	80	34
105550	5.61636	55	12
105551	7.3331	7647	1861
10557	6.31842	57	32
10559	6.13081	396	199
105593	6.42107	3305	562
1056	4.73333	30	13
105602	5.93507	79	37
10561	6.96042	48	47
105624	6.83283	790	287
10564	6.67179	78	60
10565	5.45574	111	37
10570	5.32895	38	27
10573	6.35424	59	28
10574	5.67	40	14
10575	5.2817	112	50
10578	5.32464	69	25
10579	7.05677	133	79
10581	7.29146	82	65
10582	4.84211	38	12
10584	6.78947	38	34
105864	6.57294	85	45
105866	6.30714	35	15
10589	6.21786	70	52
10590	5.58108	37	31
10593	5.43404	47	26
10599	4.83065	31	19
106	6.94325	3372	1197
10605	6.28519	54	14
10611	6.88235	34	20
106113	7.97732	97	67
10612	5.13333	54	24
10613	4.75922	130	69
106174	6.00294	136	60
10623	7.20632	174	102
10625	4.58537	41	16
10626	4.63889	36	24
1063	5.35	98	21
10630	7.55837	26847	6674
10631	5.83617	35	27
10634	6.08295	88	79
10640	6.85812	5086	1710
10641	7.97587	175	99
10642	7.99085	152	83
1065	5.93673	49	16
10651	5.7	36	14
106523	6.71034	58	24
10653	6.08204	2795	1261
106560	7.57018	57	20
10659	5.82167	830	310
1066	6.31458	144	41
10660	6.77115	787	489
10662	7.02505	214	119
106631	5.76776	183	81
106662	6.79734	3457	856
10668	6.95708	137	76
10672	5.91846	364	186
10673	5.18671	73	33
106753	5.95442	852	130
10676	6.43642	151	61
10679	7.6875	112	59
10681	5.83414	1093	378
10682	6.37698	315	147
10683	8.32881	59	22
106836	5.6	45	12
10687	4.936	130	46
10688	5.28545	55	23
106929	5.71724	87	18
106935	5.30645	31	10
106969	7.20789	38	18
106978	7.60064	69	46
106999	6.41697	797	224
1070	6.07499	952	401
107012	7.37097	31	39
107027	6.87778	36	36
107029	5.26657	35	16
107056	4.61875	32	9
10707	6.31059	320	109
1071	6.53182	66	28
10712	4.4308	313	81
107148	7.41747	289	53
10715	3.89075	279	121
10716	5.93317	93	32
107173	5.87559	211	69
10718	5.91053	57	33
107181	6.43616	73	24
107190	6.8484	781	242
1072	6.57808	287	78
107255	6.94304	2158	413
1073	4.94763	274	106
107372	6.85846	65	31
10742	5.72619	47	14
107420	6.4	30	11
107435	5.34281	64	25
10744	5.05172	58	26
107463	6.10132	151	45
107464	5.67702	258	66
107529	6.96022	20847	4092
10753	6.44	30	6
10756	5.72754	524	258
10757	5.92391	46	15
107583	5.24783	46	17
1076	6.23125	48	24
107604	5.99449	69	13
107635	6.52499	334	129
107638	6.11758	327	99
107649	6.18846	143	52
10765	5.77692	65	43
107680	5.51786	56	25
10769	5.2	31	12
1077	6.53125	32	17
107703	6.93469	49	34
107704	7.25221	367	90
107733	5.28388	208	68
10776	6.39886	44	24
10780	6.2	43	35
107811	5.42483	41	17
107829	4.88983	117	30
10783	7.26023	44	35
107834	6.25	38	17
10785	6.51136	44	31
107861	6.17177	333	142
10788	7.43195	503	276
10789	6.77192	260	108
1079	6.51842	38	21
107917	7.1059	61	27
10793	3.19697	33	21
107938	5.37538	62	15
10797	6.204	30	33
107971	4.5625	88	20
10799	3.64422	1498	517
108	6.76927	1364	539
108012	6.68517	118	36
108018	8.32677	353	70
10802	5.72057	209	78
108044	6.27412	2514	622
10805	5.51939	49	36
10807	4.92955	88	33
108079	6.39896	48	53
10808	4.60056	41	7
108080	6.675	88	89
10809	5.97097	31	17
1081	6.37707	157	111
108100	5.29524	42	8
10811	5.36538	52	22
10813	5.53556	45	18
10814	6.35273	893	334
10815	4.97795	292	107
108155	6.1049	96	31
108156	5.42091	55	13
108157	6.13551	390	92
10816	4.66658	1649	387
108161	6.71913	502	157
108176	4.63594	32	13
10819	7.17711	580	330
1082	5.98925	107	39
10820	5.85	48	9
10822	6.82021	47	46
10829	6.5	117	61
10831	4.79175	103	59
108341	6.3964	120	58
108344	6.51469	591	151
10836	6.11604	53	24
108377	6.53155	302	70
1084	4.92979	47	21
10842	5.90513	39	25
108429	7.10429	91	47
108430	8.1093	86	47
10845	5.98438	32	17
108459	7.09275	40	17
10855	5.98333	48	29
108554	5.61231	128	62
108637	6.61223	330	98
108665	6.08029	624	263
108679	5.8289	173	108
10869	5.49766	364	188
1087	5.6444	125	33
108705	6.39905	211	60
108711	5.88689	148	79
108722	6.98623	993	369
108737	6.61075	107	43
108745	7.39504	22017	3551
10878	6.00685	120	23
108783	6.16266	308	93
108784	7.29533	3454	664
10880	6.59818	55	16
108831	7.14838	501	144
108832	6.14358	120	32
10884	7.49254	67	42
10885	5.74565	46	28
108862	6.3975	40	12
10890	7.01852	54	21
108906	7.31938	3260	829
10893	6.97879	33	27
10898	6.025	55	27
109	6.08	388	137
1090	4.19048	42	19
109005	5.76552	87	23
109017	5.7598	51	24
109019	7.42121	33	27
109044	6.35	30	15
10906	6.20373	59	26
109070	7.83714	35	14
109077	6.08088	113	31
10908	5.94258	609	258
1091	5.75286	56	23
109105	5.5029	138	73
10912	4.8439	82	45
109125	7.60194	1257	342
10914	6.77576	33	23
109143	6.93947	76	38
10915	5.53288	146	53
10916	6.65926	81	30
10917	5.49412	34	18
109215	5.88475	244	145
10925	5.10027	186	62
109252	5.47928	251	98
109276	7.82363	6183	1236
109285	7.21556	90	62
109291	7.53357	1038	282
109296	6.20896	200	39
1093	5.36571	35	14
10934	6.07639	2157	541
1094	3.54619	257	132
109451	6.02204	1021	320
109456	5.56596	166	100
10946	5.975	124	133
10947	6.53716	744	252
10949	5.37429	35	6
1095	3.77432	81	41
109548	6.81519	331	134
1096	4.71696	56	21
10960	5.48043	92	32
109612	6.34392	74	27
10962	5.63742	163	85
109635	7.54545	66	42
10964	7.13007	153	98
109643	5.73719	156	89
109657	6.14351	131	51
10966	5.96774	31	20
10968	6.24845	71	38
10971	7.47806	36	27
109718	5.75886	88	49
109732	5.50146	48	17
109764	6.06487	900	287
109779	6.66656	1268	382
109786	6.64697	33	33
1098	6.28126	500	186
109801	6.27171	223	55
10986	6.72403	154	93
10989	6.83858	325	124
1099	5.49234	817	259
109922	7.2468	103	64
109932	5.52257	808	240
109936	5.83197	61	25
10995	6.71111	63	57
10996	6.89444	45	24
109969	6.62488	799	238
10997	6.53016	2611	981
10998	5.84113	141	66
10999	5.32752	109	57
11	7.04109	40113	8817
110	6.24035	1712	544
11001	5.19489	88	52
11002	6.06709	179	103
1101	5.82014	353	158
110102	6.79639	360	106
11011	6.579	50	37
110160	5.57364	258	96
11017	4.39688	992	323
110245	6.65294	51	24
110260	6.72951	61	18
11027	6.32576	33	21
110277	7.06545	6854	1829
11028	3.7334	273	121
110286	6.46037	349	136
11030	7.25667	60	44
110327	7.7489	48671	8163
110331	6.58193	497	116
110336	7.13718	39	8
11037	5.12128	125	39
11038	6.98025	157	54
110407	7.18333	30	6
110434	5.04	40	17
11047	5.39747	79	54
1105	5.19412	85	30
11050	7.42742	31	28
110511	4.5	37	37
11052	5.22822	45	32
110524	6.40905	1074	305
110525	5.42738	65	20
11056	6.87879	33	18
11057	7.69245	688	295
110570	6.02409	62	11
110598	4.81143	35	7
11060	5.99429	105	61
110643	8.0	64	29
1107	6.78577	2414	526
11071	5.66765	34	24
11081	6.3261	602	258
11083	5.51364	66	43
11084	5.92764	176	55
11085	6.11225	49	14
110864	6.10732	41	11
110868	6.292	418	115
110870	6.33867	496	133
1109	5.56061	33	14
11091	8.0309	89	40
11093	7.52925	107	50
11096	7.18432	400	241
110962	3.63158	38	21
111	6.61604	1558	617
1110	5.74651	172	68
111026	7.0303	33	21
11104	6.08173	665	210
11106	6.83871	550	161
111069	6.60571	184	79
111081	6.98456	331	76
111097	6.69574	47	14
1111	6.29358	11136	2221
11110	6.47468	79	39
111105	6.97786	1634	597
11111	7.64178	73	40
111119	7.01705	88	22
11112	5.82857	42	36
111124	7.0118	3215	858
11113	6.82807	57	36
111142	6.12088	91	15
111148	6.66683	2051	473
11115	5.34091	44	50
11116	6.10244	41	40
111172	6.12926	323	70
111173	6.13003	778	244
11121	5.74	40	38
11122	7.24342	161	111
11124	6.34773	44	47
11125	6.26512	43	34
11126	5.97945	55	44
11127	6.12727	66	51
111275	6.77739	46	13
11129	6.38548	62	70
111299	5.22105	114	28
11131	6.29167	48	51
11132	6.73582	67	57
111327	5.64661	72	21
111341	7.80015	3470	908
11135	6.58772	57	47
11136	6.013	50	41
111379	6.57032	157	71
11138	5.13333	30	21
111387	6.19591	110	54
11139	6.90722	97	60
111417	6.88131	2447	692
111418	5.66667	30	27
111426	5.46178	45	13
11147	5.14444	162	57
11149	6.12627	59	33
1115	6.72103	9745	2124
111502	6.71135	555	138
111543	5.76064	47	11
11159	6.27528	543	178
1116	6.84319	1278	411
11160	6.06275	102	24
11161	6.29761	484	165
11166	7.71429	77	40
11167	4.46841	44	34
11168	7.0946	861	254
1117	6.57949	3859	1052
11170	7.43439	7930	2957
111732	6.87409	1307	402
11177	6.07447	47	20
11179	7.585	40	26
111799	7.69051	2740	823
111802	6.78182	55	49
11182	6.37883	583	197
111830	5.55222	90	39
111841	5.96651	43	20
111855	6.27803	76	14
111866	6.12054	186	86
11187	5.63354	240	102
11188	7.35448	58	27
11195	5.70823	124	55
111999	6.10909	238	49
112	6.84736	9056	2513
1120	5.72955	44	12
11200	4.66364	55	43
11202	6.09861	462	230
11205	5.40167	30	19
11208	5.48212	33	16
112092	7.22098	1188	441
112102	6.01301	146	30
112118	6.93977	88	34
112138	6.75279	3562	762
11215	5.58537	41	17
112192	6.61964	329	74
1122	5.28788	66	34
112210	5.77864	316	57
112233	5.86333	60	35
11229	6.88782	1589	541
11231	6.10877	1485	591
11235	5.82755	49	22
112373	6.45928	2325	690
112381	6.49019	265	156
11241	7.01935	46	26
112445	5.83557	194	89
112462	5.96236	89	72
11248	4.34262	61	25
1125	6.67758	623	183
11253	5.85111	45	52
112532	7.13889	36	23
112557	6.90152	33	15
11258	5.49898	49	33
112598	5.98527	656	180
1126	5.4878	755	322
11262	5.23542	72	28
11265	6.93212	644	298
112686	6.5074	5821	1058
11269	7.51593	264	135
112692	5.24045	111	30
112694	7.9767	91	27
1127	5.74167	48	21
11274	7.39294	228	128
11278	7.71818	44	23
112811	6.27969	32	11
11283	6.75	67	43
11284	7.34783	46	14
112840	5.84064	110	35
112844	5.71612	129	8
112869	6.44492	1430	217
11287	7.57903	31	24
11289	6.52333	30	35
11292	5.78468	62	45
11293	6.91964	56	47
112991	6.47091	394	82
112995	7.76212	33	19
113	6.63158	247	87
1130	6.16792	106	23
113066	6.1082	61	38
113070	5.70429	70	33
1132	5.67929	169	51
11320	6.10638	47	18
113200	4.72088	91	35
113289	6.68943	2881	687
113293	6.49695	894	286
113294	6.98559	15963	3442
1133	5.73091	110	68
11330	7.04305	141	52
113301	6.26832	155	59
113311	5.93962	53	24
113312	5.47379	124	33
113324	6.11321	53	34
113332	5.8315	40	26
113337	9.01582	35	18
113360	5.97743	35	19
11339	6.49219	32	31
113401	6.77473	4423	688
113428	6.825	32	14
113436	3.71121	58	39
113456	6.25135	37	16
11347	5.65556	45	35
113490	3.99143	35	15
11351	5.99167	30	18
113513	5.76837	49	13
113517	5.83539	51	15
113518	5.50081	37	13
113544	6.06667	30	14
113567	7.20874	151	38
11357	6.26167	60	34
1136	5.42247	89	37
113636	7.06905	1650	452
113656	6.44016	127	35
11370	2.91288	52	35
113700	6.32833	54	22
11373	6.71887	53	48
113780	5.64727	55	20
1138	5.6351	98	55
113819	4.89891	1017	260
11385	6.21793	426	145
113853	6.23729	214	89
113873	7.77002	1564	572
11388	7.9375	32	17
113924	7.14059	17283	2741
113927	7.24462	420	89
11393	5.10204	49	22
113931	7.61184	166	25
113937	6.35607	107	29
11394	5.6405	121	55
11396	6.37299	234	86
113971	8.81351	74	49
11399	6.54896	48	37
113995	6.07812	32	12
113997	7.15514	5028	903
114	6.36883	77	30
1140	5.85378	119	48
11402	5.7871	31	27
114031	6.72493	2160	551
11404	5.83352	82	39
11407	5.83119	59	22
11408	5.15	30	15
11412	5.87333	225	110
11413	5.9268	50	16
114139	7.08333	48	29
11414	5.72426	68	42
11415	5.01213	613	273
11416	4.45193	394	156
1142	5.65714	70	37
114228	5.81803	61	14
114261	7.48011	88	71
114284	5.88333	36	8
11429	7.34253	87	39
1143	6.64068	569	234
114316	5.60465	86	46
11432	7.42953	149	50
11433	6.81579	38	26
11435	6.555	60	32
11436	7.73246	114	37
11437	7.80793	145	53
11438	7.37699	113	49
114386	7.24796	49	17
114387	6.86138	852	289
1144	5.92564	691	258
114405	5.78387	62	18
11441	5.94861	36	29
114438	6.72108	542	213
11446	5.77949	133	37
1145	6.88509	214	131
114504	7.94674	46	13
11452	6.88039	51	36
114530	7.28083	96	55
11456	5.77788	85	37
1146	5.68153	400	235
11464	5.71205	100	59
11465	6.91753	77	50
11466	6.61785	33	19
114667	6.42895	637	250
114684	6.52599	360	89
114689	5.79032	31	9
11469	6.39783	46	39
1147	4.88714	297	158
11473	5.78	35	37
11476	5.8566	53	78
11477	6.73158	57	35
114784	6.29321	140	51
1148	3.46364	55	40
114800	7.34598	87	10
11482	5.97267	86	61
11483	5.53837	43	45
11484	4.12253	36	15
114863	5.83343	131	55
114871	5.7573	489	253
1149	6.31311	714	355
114903	6.26361	958	361
114912	6.61716	479	198
11494	6.00909	33	25
11496	5.67742	31	34
11498	6.11667	30	33
11499	6.50984	61	38
114991	6.64984	538	137
115	6.77854	3611	1218
1150	5.68263	919	398
11500	6.58636	77	58
11508	5.56282	78	39
11510	6.5	37	19
115105	5.69573	2061	468
11511	5.38226	31	37
11512	6.36	45	38
11514	6.65875	80	58
11519	3.85	30	21
1152	6.47981	500	236
115233	6.56854	914	240
11525	6.02439	82	61
11527	6.11	53	44
11528	5.40549	82	65
115288	6.92423	355	88
115293	6.82895	873	311
11530	4.61667	42	19
11531	6.12391	87	73
11532	3.68529	68	55
115325	7.22903	31	17
11534	6.4475	40	36
115370	7.65875	40	16
11542	6.14307	166	47
11547	5.84	55	17
1155	6.80876	1471	587
11551	5.53132	38	12
11552	6.03684	38	45
11556	4.75356	30	17
1156	4.99623	53	28
11561	4.82059	34	29
11562	6.17674	43	28
11563	5.05556	36	36
1157	5.8426	1160	359
11573	5.36284	148	68
115746	8.51211	15508	2797
115793	4.28147	177	57
11581	6.96924	66	26
11582	7.02068	266	113
11585	5.47041	98	44
1159	6.87178	4403	1275
115944	5.98111	45	36
115976	6.17312	186	73
116	6.53347	19942	4669
1160	6.54627	161	63
11600	5.59149	47	17
11601	6.59881	42	30
116046	7.73918	95	38
1161	6.02442	234	114
116124	5.63377	77	16
11616	5.26364	55	27
11618	5.32436	937	360
116194	6.15814	43	8
1162	5.52273	110	58
116231	6.56729	48	5
11628	5.3456	216	85
11629	6.66797	64	25
1163	5.9575	584	133
11632	6.42446	83	39
11634	5.71723	2124	596
11635	5.00476	63	33
11640	6.70244	41	19
116402	6.92703	37	14
11641	5.05135	37	17
11642	5.24447	47	19
116422	4.72683	82	37
11646	6.49728	85	48
11648	6.54655	58	30
116593	4.87318	173	48
116596	5.3702	117	41
1167	6.18962	53	17
11670	4.47671	219	129
11673	4.96038	53	58
116735	6.525	32	41
116736	6.91579	38	39
116737	6.74545	44	42
116739	6.60294	34	36
11680	6.2071	31	12
116806	8.22794	68	32
116821	4.40525	61	12
11683	4.62195	41	31
116849	6.15385	39	3
116858	6.51093	1135	199
116860	6.30766	141	16
116877	6.3902	204	51
11689	6.21875	32	15
11694	6.657	100	75
116948	5.78228	276	112
11695	6.17957	208	128
116954	6.84574	3041	738
116970	5.69825	57	13
116972	5.72381	63	11
116975	5.204	75	9
116978	5.90543	129	41
116981	6.00536	254	70
11699	6.69236	72	64
116998	7.35871	4639	1027
117	6.95721	1490	531
1170	4.44304	191	65
11701	5.4879	62	44
11703	5.53059	56	38
11705	6.48238	320	177
11706	5.9678	286	162
11707	6.81429	49	42
11708	7.15846	65	28
1171	5.80029	104	57
11714	4.77375	40	7
11726	5.78333	30	22
1173	5.78927	110	35
11730	6.16067	135	63
11733	6.35506	464	153
11737	3.67949	39	18
11739	3.93548	31	22
1174	4.92837	141	45
11751	5.35	44	20
11753	4.0275	68	26
117549	5.97968	125	37
117555	5.69993	277	80
117558	7.95484	31	18
11756	7.22719	57	41
11760	5.55784	311	114
11763	6.83333	39	30
11764	7.27609	46	37
11765	4.57765	85	31
11766	6.26984	63	38
117663	6.30802	1575	276
1177	5.90547	201	74
117707	6.24633	150	29
11778	4.87256	172	85
117784	5.18201	164	68
1178	5.40522	238	67
117815	5.51136	44	11
117823	5.63407	135	39
117838	6.29718	845	163
11784	4.74516	31	16
117854	6.68	418	127
117862	5.72688	93	28
117885	5.99674	46	15
117891	5.77872	47	13
11790	5.76494	77	46
117908	5.70446	101	26
117910	4.71983	58	15
117914	6.57664	1129	373
117915	7.37167	3570	959
117942	6.37713	1912	482
117959	7.13484	9836	1937
117960	6.45803	2215	571
117975	6.03333	60	41
117985	7.00469	3387	827
117986	6.80943	53	7
117987	5.46877	158	44
117992	5.84368	261	60
117995	6.31949	747	218
117997	6.50902	68	17
118	7.43915	18119	4659
11800	5.32203	59	32
118000	6.71762	1310	399
118001	5.74316	95	17
118023	6.44446	538	141
118025	6.01917	313	82
118048	7.64216	16988	2911
118051	6.25067	75	31
118063	6.52683	3622	848
118174	6.7379	2651	715
118177	6.36824	124	44
11821	6.34524	84	65
118215	6.13306	203	50
11822	4.59677	31	15
11824	3.65789	57	11
118247	6.2708	1599	266
11825	8.23988	1572	758
118258	5.82258	31	12
11826	5.49189	73	50
118293	6.49697	259	44
118294	5.79985	45	13
118315	5.50507	152	61
118325	5.94508	61	19
118326	6.33333	33	16
118330	6.02907	129	57
118336	7.27419	31	15
118337	6.1929	465	189
118339	5.17528	292	106
118340	4.78716	74	31
118342	6.13417	84	48
118385	6.79775	380	132
1184	5.19259	81	28
118402	6.56763	910	305
118410	6.11959	1399	286
118418	6.72873	1556	400
118452	6.09811	159	42
118497	6.59719	988	327
118515	5.9558	138	66
118536	6.881	1672	547
118537	8.175	36	23
118539	6.33222	45	32
11854	4.38667	30	14
11855	6.65	40	26
118553	6.47308	185	52
118559	7.56885	61	32
118567	5.92632	76	42
118568	6.68426	156	42
118610	6.66551	1227	289
11862	4.26364	55	30
118627	6.15357	56	8
11863	4.02031	64	23
11865	6.63866	455	114
118688	7.7775	40	22
118695	6.93845	1769	403
118697	6.09714	35	10
118699	5.58108	37	11
1187	6.16255	282	155
118703	6.86941	237	108
118705	6.76814	1679	312
118713	5.775	32	10
11873	5.70764	56	30
118732	6.52113	97	52
118776	6.34288	533	190
1188	5.9577	521	202
11883	5.45612	250	70
11886	6.97213	183	94
11888	6.06522	46	15
11889	6.89167	60	54
1189	7.11926	94	51
118950	6.17522	113	15
118953	6.0952	125	18
118955	4.44605	152	27
11899	5.75594	96	21
119	6.64272	4740	1515
1190	5.27881	421	165
11901	2.69654	3439	1013
119012	6.91973	1037	303
119109	5.83942	120	49
119165	5.35	56	26
119193	5.61926	472	164
119194	4.8212	83	26
11924	5.94265	34	14
11925	6.64655	37	14
119265	5.93024	295	103
11929	5.96159	641	214
1193	5.3487	77	26
11930	6.12247	93	48
119316	5.24047	128	21
119337	6.57445	759	303
11937	6.20515	68	53
11938	4.85	36	19
119391	6.91531	1581	399
1194	6.90661	1127	472
119407	5.74953	1163	278
119432	7.36135	4711	1256
11945	6.87333	978	214
119464	6.53987	242	62
119472	5.51417	127	28
119474	5.67462	65	16
11949	7.33363	561	289
11950	4.69974	78	24
119500	5.55852	135	28
119506	7.57894	4040	1124
119525	5.87609	46	14
11954	4.79091	55	29
11955	5.4909	78	37
11957	7.37209	43	46
119591	6.90746	3853	859
119622	5.48373	225	91
119632	6.17299	1519	386
119637	7.57148	704	126
119639	5.66318	129	47
11964	6.53765	85	47
11965	5.3834	47	14
11967	7.6323	113	58
11968	4.53438	32	12
1197	5.91871	1925	730
11970	5.61225	49	35
11971	6.75068	9865	2044
11972	5.81	50	25
11973	6.38495	93	21
11974	5.66379	58	24
11978	6.75434	88	57
119781	6.98047	958	325
119782	7.67314	35	24
119788	7.20047	4545	960
119792	5.87097	31	15
1198	6.49008	11392	2597
119804	6.65496	236	94
11983	5.87174	167	40
119856	5.50266	169	34
119866	7.99215	536	143
119872	5.29448	67	25
11988	7.03276	58	36
119881	7.71753	298	125
119890	7.36635	12755	2753
119899	6.43896	249	93
1199	5.00828	64	44
11993	7.35303	33	24
11997	7.62105	38	24
12	7.47951	19763	5231
120	6.52443	5030	1931
1200	5.08045	44	20
120000	5.70541	74	25
12002	7.00399	8057	2559
120033	7.57627	59	23
12004	6.17477	1851	631
12005	6.55902	3158	1075
12018	7.00968	31	36
1202	6.47794	382	181
120217	6.69712	2933	706
120254	5.70909	33	13
120264	5.72111	63	13
120265	7.55594	165	98
120268	5.31606	165	67
120269	8.55766	111	50
1203	6.23725	663	252
12030	4.9561	41	19
120305	6.14497	292	80
120316	6.47355	186	55
12040	7.50435	46	26
120426	4.62819	362	145
12043	5.40462	65	25
120444	6.33404	47	25
120447	5.99506	625	175
12049	6.69792	48	38
1205	6.07834	277	72
120509	7.22979	47	41
120515	5.50653	892	249
120523	7.05961	2304	612
12054	8.28108	37	24
120547	6.7359	78	46
12055	7.4589	175	117
12057	5.46892	74	33
120579	4.8587	46	13
120580	5.8585	233	85
12059	6.2822	50	52
1206	6.46463	722	375
120605	6.67655	1020	321
120618	5.81316	56	13
12062	6.048	50	30
12063	5.29254	845	309
12065	5.93247	182	77
120669	7.35497	332	142
12067	6.96167	60	29
120677	8.1236	41823	6231
1207	5.58667	120	28
12071	8.16644	145	70
120770	6.40882	34	20
120781	5.82205	127	46
1208	6.84109	101	42
120801	6.16735	49	5
120814	6.30214	140	40
120886	6.15077	131	48
1209	6.73657	763	287
120906	5.18678	174	44
120924	5.91175	42	5
121	7.61179	5604	2005
1210	5.67341	387	128
121015	5.88585	371	66
121031	6.93226	31	20
121041	6.75111	653	143
121043	6.28404	47	15
121073	6.11405	1654	258
121076	6.08205	117	29
1211	5.57891	217	124
12111	7.11842	38	30
121122	5.63663	86	48
121193	6.379	1006	221
121195	5.97333	69	16
1212	6.54852	769	218
12126	7.31848	46	26
121288	7.41216	4343	751
12129	7.43548	31	12
121295	5.77308	104	47
121297	6.88717	4825	1379
1213	6.57921	955	263
12130	5.29124	52	36
12131	7.0764	178	91
121322	6.99	56	27
121324	5.68333	42	45
12133	5.41818	33	18
12134	7.96453	123	61
12135	6.921	100	69
12139	7.13778	54	33
12140	7.36102	430	194
121408	7.1532	7929	1770
121409	6.32489	417	115
12141	7.82056	107	54
121410	6.86353	5675	1157
121414	5.07574	136	67
12142	6.17534	73	51
121423	5.98333	1417	394
121429	7.4	60	29
12146	6.94857	35	24
121471	5.27532	77	38
1215	5.49398	83	47
12157	6.96525	402	65
1216	5.14645	183	95
12160	6.90553	47	26
121601	4.14516	31	19
121615	5.98095	576	227
12162	5.19677	31	15
121657	7.16046	196	72
12166	7.56418	870	242
121663	6.06556	90	15
12168	5.91171	269	170
1217	4.86249	245	66
12171	6.69147	558	183
121715	6.68106	66	17
121751	5.05944	90	47
121764	6.42914	442	181
121787	5.62592	241	90
121790	5.44111	45	16
1218	5.71411	647	278
121806	6.33054	363	145
12181	7.7695	40	36
121813	5.81892	37	23
12188	6.79424	193	112
12189	6.71905	42	24
1219	6.40494	11337	2954
121921	7.81795	37107	6246
12194	5.99008	2982	584
121958	6.10713	684	218
121987	6.06759	83	22
121993	6.27858	380	88
121995	6.20629	132	53
122	6.4589	2178	794
12202	6.60289	38	25
12205	4.68664	1428	454
122069	5.89583	48	42
12211	6.28033	91	45
122159	6.09687	3092	533
122168	6.37296	45	13
12218	6.71892	37	22
12222	5.86667	36	35
122236	7.77812	64	16
122240	7.61511	932	214
12226	5.70645	31	11
122271	5.95879	161	80
122294	7.34276	1564	332
122298	6.98834	7790	1813
122313	6.09992	252	102
122327	5.99803	218	82
12234	8.31249	283	128
12237	5.22978	225	83
12238	4.315	40	20
122399	6.19567	127	47
12243	4.6587	46	22
122435	7.76562	64	30
12248	6.06483	539	227
1225	5.07423	144	57
122515	7.78241	20148	3590
12252	8.13511	47	33
122522	6.73432	24780	4184
122524	4.11333	60	21
12253	7.45377	65	38
122588	7.31293	905	223
122598	5.1939	82	32
122599	5.80347	591	223
1226	5.51818	55	27
12263	6.09196	168	90
12266	7.42553	94	47
12267	6.01765	85	48
12269	8.6579	38	37
122690	6.66816	586	178
122691	6.94784	162	50
1227	5.88095	63	32
122701	6.24891	183	82
122711	5.39286	35	39
12274	5.35769	91	49
12276	3.81449	69	38
12280	6.29459	74	23
122809	7.79394	33	10
12281	5.48889	36	11
12282	6.94764	246	140
122820	5.46739	46	8
12283	6.50122	580	280
122831	7.16883	77	35
122842	7.16038	1643	544
122867	5.7616	135	42
122868	5.32277	112	43
122873	5.41842	38	11
122889	6.82354	863	299
12289	5.40274	73	37
122890	6.59209	337	124
122891	6.67055	917	240
12291	5.65239	188	90
122913	7.3598	246	131
122943	6.55994	332	138
12296	5.51995	507	238
122961	7.59722	36	19
12304	5.53211	194	54
123045	6.4176	546	189
12308	3.57333	30	22
123085	5.96774	31	9
12309	4.66356	73	41
123096	6.58249	3264	897
1231	6.81351	3913	1362
123123	7.89308	3045	786
123129	6.0982	445	119
12316	5.33333	36	12
123160	6.8785	650	260
123162	6.1401	96	45
12317	5.55171	117	43
12318	6.17891	447	215
123185	6.36643	1101	358
12319	6.35873	63	26
1232	5.44875	80	31
123219	6.77668	1877	425
123223	7.03226	31	13
123228	6.52682	590	158
123239	6.91233	2208	453
12325	6.29799	174	72
123260	7.50845	22509	4026
1233	6.12504	824	425
12333	8.27955	43064	9187
123370	5.76296	571	124
123386	7.02368	38	11
123399	7.0875	36	15
1234	6.39783	8360	2203
123406	6.01444	180	97
123408	6.50052	212	116
123417	4.48806	67	25
12346	6.42857	1655	507
123491	5.57812	32	5
123495	5.61778	45	16
123499	7.18938	1650	467
1235	5.75533	225	109
12350	7.10864	925	483
123506	5.55532	47	9
123511	6.77208	48	29
123514	5.85313	64	19
12352	6.70312	48	29
123536	6.94276	359	80
123540	6.97117	22200	3768
12355	7.62838	185	62
123570	6.84875	2584	453
123576	6.54437	901	204
123587	5.82673	150	20
123604	7.20256	78	50
123607	7.21622	1772	466
123609	7.82441	629	166
123635	6.37176	85	43
12367	6.471	200	82
123689	7.18125	32	17
1237	6.17022	204	104
12372	5.75838	173	98
123828	5.81656	64	21
123844	6.46337	347	150
123885	6.15965	1348	361
123915	7.20323	31	14
123923	6.74528	53	20
123930	5.90917	48	27
123955	8.05283	1192	444
123991	5.33799	134	18
124	6.93591	4596	1451
1240	5.55887	141	69
124000	6.57507	119	26
124034	7.18333	30	31
124044	6.19886	176	80
124047	6.16203	542	188
124052	7.0459	1353	445
12414	8.01	60	26
124160	4.49773	44	17
124172	6.54136	6000	1187
124199	6.22576	33	16
1242	5.56204	54	31
12420	5.36742	89	35
12422	4.90462	303	145
124224	5.5632	50	21
12424	4.83594	32	35
124248	8.06	40	25
124264	6.41667	30	17
12429	6.13333	30	40
124290	5.88545	191	65
1243	6.24615	169	73
124356	6.71397	146	44
12436	3.94595	37	23
124361	8.12005	31531	5055
124372	5.92733	75	26
124378	5.64938	81	24
124380	6.48802	1578	377
124387	6.02459	61	17
124390	6.07675	644	216
124393	5.61406	64	24
124395	5.57963	54	16
1244	6.01725	142	66
124490	6.3289	429	174
1245	5.83044	978	231
12451	6.21266	124	25
12453	5.62795	925	270
124545	6.43638	445	170
124548	6.03507	335	121
12455	6.7093	43	45
124589	5.45833	78	15
12459	6.52181	149	90
124590	6.49648	563	136
124598	6.075	48	14
1246	6.23419	136	87
124622	7.53006	336	142
124647	5.70693	153	63
124648	4.6408	87	37
124668	6.90401	995	221
1247	5.59709	103	44
124706	6.29141	170	61
124708	7.28616	17623	3669
124742	7.8759	27695	5721
124757	6.10196	51	23
124758	5.28699	73	24
124759	6.37256	78	41
124760	6.12619	42	17
124761	5.96591	44	14
12477	6.68606	3185	1205
12478	6.83784	37	21
12479	6.67297	37	18
124827	7.35304	825	319
124833	5.49806	324	96
124838	8.28958	48	18
124839	7.91484	540	181
124847	6.70159	1027	231
124856	6.45516	31	4
12488	6.76886	272	119
124881	5.91626	187	49
1249	5.3367	267	126
12491	5.14841	44	19
124918	7.08265	49	21
12493	7.82571	18623	4354
12494	4.93455	66	50
12495	7.00325	3079	1160
124954	5.66	176	31
124958	5.42722	79	33
12496	6.07973	37	43
124960	5.50083	304	111
124965	7.39451	869	212
124968	7.40694	676	165
124969	7.46234	691	149
124991	7.57848	69	34
124992	6.66471	34	10
125	6.52815	2755	926
1250	5.90205	435	164
12501	6.67963	108	78
125013	5.15769	52	10
125022	6.64951	103	22
125028	5.54581	609	129
125046	6.95312	1134	450
125048	6.45535	750	117
12505	6.65686	51	39
125050	6.73344	697	256
125059	4.72807	57	25
12506	6.59394	33	21
125061	6.17148	149	53
1251	6.03182	352	143
12511	4.53056	72	36
125148	5.57896	375	143
125153	8.05801	11122	1982
12519	5.7	40	25
1252	5.93303	165	72
12520	6.73553	38	22
1253	5.96081	578	157
125311	6.57283	1864	451
125315	6.00848	831	260
125318	7.99524	63	32
12532	4.07407	54	30
125326	5.6298	298	216
12533	7.95721	104	66
125368	5.81823	486	137
12538	5.71689	560	281
12539	5.83962	53	11
125395	5.40303	122	30
1254	5.97951	533	229
125400	6.89362	47	20
125416	7.46351	37	44
125436	6.25085	59	25
12544	5.4738	121	37
12545	5.01384	385	91
125461	4.25	44	18
125493	6.26141	377	112
125547	6.25	64	42
125548	6.88934	3106	686
125549	6.17299	87	58
12557	3.55455	33	19
1256	4.71532	154	80
125605	5.90824	182	69
125608	6.07646	144	48
125609	5.74937	288	81
125618	7.15261	12944	2237
12562	6.63556	45	52
125634	7.39138	58	50
125658	6.01737	870	255
12567	7.4471	155	108
125675	5.7058	834	260
125678	7.04324	6636	1325
12568	5.77321	56	30
1257	6.16244	393	152
125752	7.98433	826	255
125765	4.40317	63	22
12577	6.02073	82	35
1258	5.14339	8403	1916
125832	5.84982	83	28
12584	5.96667	30	11
125854	5.83719	377	150
125879	4.53851	295	157
12589	6.83468	1894	605
1259	5.18987	79	31
125921	6.63215	2814	784
125924	6.54385	846	291
125936	6.91667	108	46
125943	7.26133	467	155
125977	7.63503	605	280
12599	5.17045	88	34
125993	7.72011	358	177
125996	6.81184	320	125
126	6.2463	818	304
1260	6.41143	2665	959
12600	5.76507	73	37
126000	6.65803	305	79
126008	7.51906	594	152
12601	5.19473	91	42
126021	7.52888	161	41
126025	6.50913	179	62
126026	7.10606	99	50
12604	6.2731	145	83
126042	7.62823	11489	2193
126069	6.58525	61	54
126076	6.01533	167	63
12608	7.5693	128	57
1261	7.01188	3049	859
126100	7.41702	2018	478
126119	8.03871	62	18
126159	5.90976	41	11
12616	5.33288	440	154
126163	7.89039	33217	4935
126168	5.81287	101	27
1262	6.66876	1946	594
126206	5.75773	97	64
126207	4.76938	407	126
126213	6.35926	54	17
12622	7.29826	115	81
12623	5.23065	230	117
126234	5.07895	57	25
126239	6.29045	802	206
126242	6.65637	295	101
126255	6.0311	82	28
12627	5.82873	534	215
126274	6.42416	209	47
12629	6.27143	49	36
1263	5.63221	983	367
126313	8.87037	54	32
12632	6.4078	1295	543
12633	5.52732	317	198
12634	5.23544	206	93
126340	6.21624	125	57
12637	4.48333	30	8
1264	3.99688	64	28
126404	6.41157	141	61
12642	5.03795	220	109
126426	6.75051	177	91
126443	5.61578	275	71
126444	5.19934	1411	363
126463	5.25	32	15
126464	5.64479	48	13
126471	5.81783	115	38
12649	3.77273	33	19
1265	6.62114	1260	501
126550	6.71758	91	17
126613	6.69694	385	76
12662	6.72424	33	31
1267	5.56068	117	77
126703	5.61396	214	43
12672	5.92929	84	27
126728	5.59051	118	19
126749	5.66026	39	14
12675	5.77576	33	12
126750	6.30903	663	174
12676	6.42867	60	26
126771	6.28723	47	23
126789	6.37475	204	50
12679	6.08433	60	21
126792	7.2733	5213	1040
1268	6.4625	40	21
12681	6.4628	1414	656
12683	5.2617	47	26
1269	5.50737	6682	1385
12691	2.9325	52	44
126912	6.31482	600	156
12692	6.33249	14235	3010
126941	6.44462	70	24
12699	7.24577	71	49
126996	6.95606	1507	427
126999	5.06667	30	10
127	5.36745	212	117
1270	6.72236	2321	794
127023	7.70222	17193	2883
127024	6.72715	6131	909
127028	6.01135	146	44
127048	5.51034	116	36
127060	7.56695	9406	2026
127093	6.71094	32	17
127095	6.66683	1158	318
127096	6.12782	174	71
1271	6.72634	93	33
127127	6.79687	1454	335
127129	5.72137	246	77
127134	6.21994	437	79
12715	6.59741	58	22
12718	7.82258	31	13
127188	6.20645	339	126
127229	6.30606	66	38
127258	6.14286	49	47
127275	6.51326	181	65
127282	6.6238	374	162
127312	6.42105	854	214
127317	5.77206	34	27
127324	8.38861	79	74
12736	7.1519	79	51
12737	5.90588	34	14
127398	7.18335	16290	2860
1274	6.19697	33	17
12743	6.54167	36	34
127432	6.91903	154	37
127433	6.83115	61	28
127434	6.41176	34	17
127436	5.7497	236	43
127438	6.39351	214	53
12746	3.63604	111	38
12747	6.32386	366	47
127493	7.79345	561	136
1275	5.99153	2784	1121
12750	7.91311	721	356
127505	5.83284	67	24
127518	7.85634	1558	555
127533	3.96543	81	36
127561	7.21769	273	60
127572	6.42744	48	19
127589	5.8913	494	97
127590	5.58056	36	6
12761	6.89016	2524	905
12763	4.61549	71	26
12764	6.64715	194	98
127646	5.8802	119	23
127648	6.04973	184	20
127650	6.77797	59	34
1277	6.59032	31	24
127721	6.75969	78	61
127748	4.52559	68	36
12776	6.36091	33	28
127784	6.27967	1176	244
127798	4.9717	159	73
1278	6.90208	120	60
127839	6.62441	188	51
12784	4.365	50	21
12788	6.01695	59	32
127883	7.03583	60	15
127920	6.58607	392	123
127947	6.64516	31	7
12795	5.98462	80	23
127981	6.3563	324	139
127989	7.45556	54	33
127994	5.67992	249	95
127997	6.78771	2211	552
128	6.61298	2860	823
128001	5.29211	38	11
128011	6.69763	253	104
128028	5.16805	169	37
128063	6.49248	1203	370
128072	6.83158	38	6
128098	6.65519	135	68
12811	6.58571	35	19
128114	6.24799	214	94
128137	6.44211	289	120
128154	7.7451	51	14
128174	6.44383	599	126
128180	5.34146	41	12
128185	4.91241	232	82
12819	5.16393	61	35
128204	7.34524	159	86
128218	6.73425	192	71
128219	6.03519	156	67
12822	4.93465	127	50
12823	5.9625	32	15
128252	7.48095	63	34
12826	5.47073	661	168
128271	7.49926	5890	1267
128282	5.58034	39	7
12829	5.47648	253	119
128290	5.5493	69	40
12830	6.19546	696	259
128352	6.01547	181	68
12837	3.74194	31	21
128388	6.62198	59	18
128412	6.66657	377	102
128419	6.25	46	53
128425	7.43333	150	18
128442	6.77346	3108	682
128445	7.08083	999	395
128475	6.03149	464	135
128537	6.20673	360	82
128554	6.66315	1607	409
12856	6.04681	47	27
128565	5.2716	642	182
128568	7.13287	115	89
128621	7.56201	11188	1648
128635	5.15305	59	24
128658	7.41944	36	11
128662	6.14258	124	48
128664	6.45803	1813	278
128667	6.66738	3462	722
128671	7.47191	7616	1448
128672	4.18085	47	29
128698	6.67963	642	201
12870	6.49	35	13
128721	7.54596	1684	424
128733	6.96274	420	179
12875	6.0961	449	122
12876	5.22252	151	80
128780	7.68532	3248	1025
128794	7.22258	62	39
1288	6.14675	154	81
128855	5.9439	149	45
128882	7.56401	28818	4287
128885	5.50456	68	17
128898	7.06564	1282	396
1289	5.71684	418	288
12891	7.56066	2607	1049
128910	5.7925	40	20
128921	6.51329	555	175
128927	6.03629	197	38
128931	6.91631	1111	301
128938	6.28134	336	113
12896	7.94601	322	142
12897	7.85431	197	101
12898	7.62457	175	75
12899	7.72681	143	61
128996	7.67358	3880	1114
128999	7.32922	77	17
1290	4.70384	56	28
129010	6.42072	267	90
129013	7.11705	44	31
12902	7.20872	4286	1305
129029	6.26607	214	84
129031	6.30727	55	24
129038	8.23649	37	10
129050	6.69687	1807	426
129051	6.83806	3468	818
129053	5.26585	82	20
129086	6.21343	67	33
129090	6.12568	2804	688
129091	6.33375	328	114
1291	5.61511	139	85
12912	5.08333	30	12
129122	8.0164	391	205
129156	7.84181	321	174
129165	7.97549	233	78
12920	5.66266	148	35
129204	7.70417	155	86
129224	5.93333	78	31
129225	6.78872	164	59
12924	4.79487	39	30
129272	5.64167	48	16
129280	6.60476	147	58
129287	5.62206	68	12
129290	5.67857	105	32
129293	6.00256	1140	333
129294	7.77768	378	182
129295	5.87841	90	32
1293	6.21402	7356	1999
129307	6.31598	122	60
129308	6.27162	74	40
129309	6.50619	97	59
129310	6.48924	79	49
129311	6.71746	63	37
129313	6.3129	62	35
129314	6.64407	59	34
129315	6.05522	67	42
129320	6.6578	982	299
129322	6.08947	95	35
129326	6.46433	30	24
129348	7.50009	143	64
129351	6.50366	1789	467
129359	6.33293	890	218
12936	7.56818	33	36
129368	5.10768	246	66
129380	6.14655	319	85
129382	6.61461	284	89
129395	5.9043	477	108
1294	5.67028	18448	4602
129417	6.50773	113	24
12942	7.05648	21913	5140
12943	5.75152	33	14
129437	7.5621	20693	3702
129459	7.4232	1191	406
129465	5.90238	42	7
129469	5.46726	510	110
129492	6.63429	192	54
1295	6.63701	2827	960
129556	6.36395	960	221
12956	5.58074	254	57
12957	6.824	75	33
129603	6.78824	34	5
129609	5.67287	94	60
129614	6.55603	645	138
129615	6.56515	345	68
12962	7.14127	5012	1929
129622	7.23308	59484	10324
129625	6.53243	37	3
12963	5.71865	279	175
12964	5.69172	151	83
129668	7.02976	42	27
1297	5.57404	1484	445
129710	6.0363	413	143
129731	7.33398	811	250
129735	5.91765	289	89
129736	7.04559	2828	539
129751	6.73165	79	21
12976	5.17826	46	31
1298	4.94729	1816	529
129820	6.53316	632	199
129851	5.24516	62	23
129858	6.4231	158	48
12988	5.14773	44	17
1299	5.54481	1021	245
129904	5.72476	1186	331
129939	4.77983	96	35
129944	5.48679	53	23
129945	6.71444	322	112
129946	6.28206	301	98
129948	7.16534	4304	1006
12995	6.81548	5846	1899
129951	6.18834	223	48
129952	6.23913	46	13
129955	5.50625	56	12
12996	4.82117	103	52
129969	6.68889	36	6
129971	6.0872	125	54
129974	7.31048	210	46
129976	6.23455	918	268
129988	5.90378	90	24
13	7.13598	108064	19402
130	6.99996	1600	554
1300	5.92203	290	103
130004	5.86766	180	49
130006	7.32773	321	82
130008	6.15916	131	56
130014	6.84516	31	34
130017	6.7	30	46
13004	7.14044	7723	2243
130042	7.10784	51	51
130043	7.05682	44	53
13005	6.51071	696	210
130053	6.63333	45	7
130060	7.03878	1203	160
1301	7.44436	2358	809
13010	5.72925	53	22
130134	7.03304	194	124
13016	7.63689	122	82
13017	5.89924	66	29
130176	7.09154	3815	780
130185	5.80469	32	9
1302	5.98948	1024	436
130202	6.50394	66	31
130223	6.06959	74	23
130227	5.33784	74	24
130229	6.18373	166	39
13024	5.55312	32	10
130240	5.175	281	71
130242	6.37019	154	28
13026	5.85	32	25
130286	6.13478	69	38
130295	6.79574	326	119
1303	5.275	68	24
130304	7.70513	39	15
13031	6.0	37	27
130347	4.5382	89	32
130357	8.35417	48	24
130388	6.02	40	15
13039	5.09087	69	23
130390	7.20642	452	141
130393	6.81495	133	39
1304	5.78815	232	126
130400	6.80816	49	17
130470	5.16688	43	27
130486	7.5006	582	187
130499	6.57775	209	80
1305	6.15068	148	57
13052	5.18718	39	17
130520	6.10256	39	17
130548	7.03703	74	15
130552	7.3911	398	58
130556	6.10366	123	30
130592	6.00452	1798	269
130597	5.61905	63	32
130598	6.34032	31	9
1306	5.48514	148	99
130600	6.10209	158	33
130603	6.26842	76	19
130605	6.74957	609	278
130624	5.43036	83	31
130626	5.67297	37	12
130674	6.41351	37	25
130680	6.36963	1018	148
130682	5.6329	155	29
130685	5.88258	132	30
1307	5.83107	131	48
13070	5.5	33	6
130705	7.178	150	45
13071	6.32015	724	331
13072	5.65789	38	15
130723	5.98317	139	33
130724	5.44697	33	8
130725	5.92594	157	44
130729	6.06726	303	71
130734	5.92652	89	32
130763	5.88722	133	50
130764	5.96277	163	60
13077	6.95135	111	33
130792	6.66571	1160	341
1308	5.26314	555	130
130823	4.64048	42	15
130827	6.33614	823	180
13084	6.82762	397	186
130841	5.80535	137	53
130877	6.60652	1497	345
130882	6.5691	1899	346
13089	6.90521	336	66
130899	6.51656	1359	415
1309	6.21853	658	244
130907	6.05	167	22
130908	6.51135	163	35
13091	6.03421	38	20
130911	6.04634	823	258
130912	5.63147	648	209
130922	8.21938	43	22
130960	8.16095	1892	570
130997	7.49041	73	21
130999	5.97691	450	84
1310	5.76625	100	36
131006	5.65198	101	46
131014	7.49941	1747	426
131017	8.02	65	34
13103	6.23617	47	9
131047	7.98387	31	13
13106	5.20833	36	17
131060	6.27631	130	36
131111	8.04622	1017	338
131118	6.80209	858	287
131121	6.49149	231	84
131126	5.91471	34	14
13114	4.97436	78	33
131144	5.91012	84	26
13115	5.62532	173	40
131163	5.9275	40	20
131164	5.00444	45	16
131182	5.78039	51	3
131183	7.74948	116	27
131199	5.27725	200	39
1312	6.13594	249	87
131200	5.82833	60	27
13121	5.18738	305	118
13122	7.88036	4020	1308
13123	6.96547	477	196
131232	6.7225	180	51
131241	6.86851	224	63
131246	6.73618	464	124
13126	5.13136	59	29
131260	6.87358	10647	1921
131261	6.38999	420	124
13128	5.05069	72	23
131282	5.67188	85	45
131287	7.31934	3706	830
1313	7.3931	145	68
131304	5.78852	61	17
13132	4.24167	36	24
131321	6.59949	98	78
131325	6.77997	3941	624
131332	6.3359	344	130
131346	6.27511	47	8
131357	6.99983	38758	6756
131366	6.57425	7897	1449
131379	7.45714	35	25
131387	6.95771	105	46
131389	5.31323	100	36
131393	8.0936	88	41
1314	5.7958	236	104
131416	6.79815	81	20
131444	6.0907	43	16
131448	5.8052	41	9
131449	7.06006	543	188
131450	5.67567	90	25
131457	6.39418	122	55
131477	5.398	50	22
131484	5.36788	33	10
131493	6.71375	254	88
131496	6.17111	45	8
131499	5.42026	39	19
1315	5.98789	1296	566
131530	5.58162	136	50
13154	5.29091	33	14
131568	6.20899	721	163
131581	7.16936	171	61
131616	6.08354	243	55
13164	5.39508	132	65
131646	7.15564	3682	1027
13165	5.10182	55	33
13166	4.40158	596	201
131682	6.64768	849	292
131684	5.54487	39	10
13169	5.15689	62	37
1317	6.48304	112	60
13172	6.13007	984	399
131788	6.00862	189	42
1318	5.6675	40	21
131812	6.41714	35	6
13182	7.88962	53	50
131835	6.27946	14711	2691
131856	5.32941	34	3
131891	6.43141	1355	433
131894	7.03889	36	42
131895	6.28	30	32
1319	5.97611	316	139
131904	7.65232	885	240
131914	3.9	47	14
131933	6.3455	100	37
131956	4.20408	49	31
131982	5.19573	82	32
132	6.40528	4386	1357
1320	5.732	30	11
132018	7.66857	2545	709
132019	7.52278	237	122
132028	7.94741	1768	455
13208	4.59154	65	21
1321	6.15243	185	93
13212	7.50667	45	23
132145	5.69048	42	11
132148	7.69523	220	101
13218	7.52273	66	36
132188	5.83571	174	60
1322	5.43504	117	46
132203	5.02683	123	23
132229	8.32353	68	34
13223	6.72117	196	61
13224	6.1401	196	124
132251	5.6789	1061	257
13226	5.75102	46	30
132261	6.66038	53	21
1323	6.86894	710	224
13230	6.27853	782	295
132320	5.34689	133	41
132322	6.24583	48	21
132326	6.98518	434	140
132357	5.29896	48	19
132372	6.90755	3985	944
13239	5.09559	68	36
1324	5.71049	878	255
13240	7.99667	30	13
132406	5.92073	41	40
132407	6.40041	121	82
132416	7.685	90	34
132428	6.70805	1095	374
132456	7.72857	49	22
132497	6.22481	901	194
1325	5.58097	134	60
132531	7.64788	28229	4292
132532	5.85632	190	73
13254	7.16197	117	68
132544	6.70168	1517	461
1326	4.93629	259	109
13260	5.0	90	25
132601	7.16735	49	24
13262	5.06571	35	17
132620	6.45662	588	99
13266	7.60736	197	101
13269	7.01765	51	49
13271	4.99481	214	85
132717	5.57411	90	26
132758	6.92582	483	148
132766	8.38182	55	23
132773	6.87053	47	8
132785	5.69362	47	16
132799	6.46256	229	87
132817	6.47915	504	168
13284	5.44937	270	90
13285	4.8694	299	119
13286	6.06438	1098	468
1329	6.83756	193	91
13290	6.71111	45	35
13293	6.77943	824	312
13295	5.72871	101	31
13299	6.31875	48	34
133	6.13926	149	60
1330	5.50348	402	179
13301	6.19164	1515	571
133038	7.19468	12264	2601
13306	3.85484	62	32
133063	3.73279	61	28
13308	6.47455	8168	2184
13309	5.13918	97	32
1331	5.78077	182	82
133104	6.08571	35	10
13314	6.90129	116	66
13316	6.88125	32	14
133246	5.42903	62	16
13328	5.82964	476	96
133285	6.94978	497	141
1333	5.36438	630	247
13333	5.28745	47	41
133334	3.98333	30	9
133337	5.57857	84	20
13337	6.44777	476	154
1334	6.50077	1957	705
133405	6.76922	307	123
13341	6.218	100	53
133421	6.34308	65	23
133423	5.09136	44	13
133425	4.45041	121	98
133437	5.97522	1109	304
13347	6.13866	570	362
133473	7.04022	38019	5656
1335	5.89601	331	119
13350	5.37066	76	19
133518	7.51025	122	55
133524	6.16044	91	23
133528	6.81949	1196	390
133534	7.08816	196	64
133535	6.55623	46	11
13354	7.15452	323	92
133557	5.43521	73	20
13356	4.07792	77	24
13357	5.66982	113	31
13359	6.22907	184	100
1336	5.63238	193	68
13361	6.42553	47	18
13362	6.50764	1116	291
133620	6.20777	103	25
13363	6.7485	40	23
133632	6.82532	1768	602
133633	5.45617	158	78
133637	5.63144	297	96
13367	5.49461	89	49
133671	6.12797	242	115
133687	5.29753	89	28
133689	7.98347	84	44
1337	6.18444	150	71
13371	5.98548	31	23
133713	5.9702	141	27
13373	4.58865	126	39
133747	6.73346	243	37
13375	5.70568	396	186
13378	6.05151	54	50
1338	6.85131	584	257
13383	5.19833	30	10
133835	6.56436	188	85
13384	5.11877	73	49
133842	7.69697	33	23
133848	7.23741	9881	1982
133862	6.49189	74	34
13388	6.39444	36	38
133886	5.79861	36	13
1339	5.98798	3929	1348
13392	5.65714	35	40
133940	7.49545	66	60
133956	7.23924	815	258
133992	6.19444	54	18
134	5.98764	554	222
134009	7.49231	65	16
13403	7.8673	143	92
134069	6.76026	39	21
1341	5.89824	85	40
13412	5.10938	64	26
134150	6.51315	453	92
134157	6.85403	2109	621
13416	4.26618	68	28
134253	6.86862	4750	1111
134255	4.99823	79	33
134279	6.5288	98	30
134283	7.65347	101	74
1343	5.95618	34	22
134352	6.99583	4600	1081
13436	5.74852	209	98
13440	5.79861	36	28
134419	6.90385	52	13
134453	6.91229	3593	656
13447	3.73439	66	34
134477	5.19187	80	33
1345	7.06024	5980	2078
134520	8.05354	476	167
134524	7.92657	143	47
134547	5.51935	31	6
13455	6.68724	145	73
134559	5.90543	223	97
13456	6.38897	621	190
134596	6.37446	92	20
1346	5.77767	150	69
13460	5.48806	134	60
134615	5.54726	146	62
134618	5.7009	222	87
134626	6.3757	284	65
134631	6.00401	207	54
134637	6.6896	202	54
13464	5.55909	429	75
134711	6.48858	808	281
134726	7.24535	6672	897
13475	5.64091	33	6
13477	5.18475	59	27
134777	4.61611	90	38
13478	5.27435	115	63
1348	5.72645	169	77
134804	8.10204	49	27
134815	3.39236	72	32
134834	7.12326	43	6
13488	5.34375	40	16
134884	6.34896	48	20
13490	5.35287	87	28
13493	5.96451	225	106
13495	5.82845	58	18
134964	6.87784	97	55
13498	6.17644	104	72
135	5.95877	779	298
1350	6.42794	719	235
135019	6.17336	183	69
13503	6.66868	129	74
13507	6.61333	601	160
135077	5.38281	57	36
13508	4.44326	141	90
1351	5.63725	51	14
135107	5.73658	149	72
13511	6.04856	962	343
135116	6.33387	1649	458
13512	6.71029	140	17
13513	5.52378	143	43
135194	8.3	35	24
1352	6.04547	243	86
13520	7.33678	121	60
135213	6.09559	68	13
135215	6.57902	376	101
135219	7.86908	2388	600
135243	6.93866	839	268
135262	6.54495	912	248
135270	7.71719	64	31
135281	6.92685	936	251
1353	7.29113	5284	1137
13530	6.23428	763	278
13532	8.16326	291	137
135327	5.97101	69	17
135382	7.15556	3499	896
1354	5.59486	146	43
13542	6.02368	314	99
135431	5.67486	179	39
13547	6.27879	33	13
135492	5.23163	49	6
1355	6.02	40	22
135508	7.118	170	101
13551	6.64122	2722	1028
13553	7.55435	46	19
135530	7.22703	91	46
135557	5.76466	161	85
135577	7.47273	66	37
135581	5.35	34	8
135598	5.93333	63	22
1356	6.2596	224	55
135648	5.48989	431	148
135649	6.44419	1817	447
135654	6.85385	709	269
135732	7.62909	55	18
13576	5.43368	90	42
135779	7.16237	5641	1125
135794	6.18	50	12
135796	7.96576	184	97
1358	7.05405	165	82
135801	2.62768	33	14
135812	6.81686	102	54
13584	6.58289	76	31
135840	8.02931	116	64
135851	5.76562	32	12
135877	6.95662	370	127
135888	6.16749	462	140
13593	6.61667	48	48
13597	6.64731	297	110
136	5.46905	84	30
136000	7.00852	980	296
136029	6.06717	66	6
136032	6.125	36	31
136056	6.84442	1565	399
136058	5.17261	153	28
136063	7.12333	27201	4532
136085	6.62636	55	19
136089	6.69214	84	21
136092	5.10526	38	15
136116	4.53143	35	8
136117	5.50547	500	161
13614	5.81667	60	36
136143	4.87665	197	35
136146	6.90254	118	62
136177	6.00169	59	18
136192	6.75678	587	239
1362	5.03801	298	90
136215	6.71579	38	45
136229	7.03971	68	45
13623	5.85532	47	16
136238	6.26814	102	38
136240	6.10477	184	42
136244	5.46857	35	8
136245	6.22471	349	93
136246	5.88192	47	11
136249	5.11946	239	85
136265	5.71143	35	20
136279	6.36124	105	25
136280	6.9825	1969	430
136283	5.93171	41	9
136284	6.42775	309	62
136285	5.3307	87	22
136286	5.26622	74	27
136356	6.33809	665	190
136385	5.34833	30	17
1364	6.2837	69	34
136415	5.75632	190	54
136416	6.19765	298	74
13642	7.06303	5384	1759
136440	6.94111	630	204
13645	6.72	75	51
13647	7.08077	65	31
13648	5.48506	164	47
136494	4.83833	60	20
1365	6.08293	41	25
136523	5.83396	53	11
13654	5.73259	112	50
136554	5.39571	251	58
136558	6.7785	413	168
136563	5.845	60	30
136566	5.82	75	30
136585	5.48745	94	45
136587	6.00941	981	216
136588	5.22188	32	20
136594	6.49302	1246	351
136606	7.85909	44	19
136609	4.86526	135	27
13667	7.24524	42	24
1367	6.4279	100	30
136712	6.21389	36	9
13672	3.67007	46	7
13676	5.96034	237	82
1368	5.362	50	42
136813	7.11932	59	3
136819	7.0875	32	4
13682	5.28124	159	58
136888	7.42484	10701	2123
136890	7.6598	102	49
136910	6.47813	80	34
136954	5.95312	112	43
136955	7.87511	743	332
136991	6.91944	5858	915
137	5.82003	1384	379
1370	6.06822	404	162
137014	5.11404	57	9
137016	5.43615	65	15
137017	5.48947	95	22
13703	4.99124	177	57
137031	6.78808	1842	482
137047	5.94	55	16
13709	7.16744	301	164
137095	6.15416	1796	425
1371	6.55216	255	123
13713	4.40222	1015	354
13714	5.3777	204	141
137140	6.14065	231	73
137141	7.86458	120	22
13715	6.01532	111	59
137152	5.46726	113	32
137155	6.72902	925	279
137156	6.24737	38	18
13716	5.63068	44	30
137168	4.32667	45	14
137173	7.21765	51	21
137179	5.86353	85	56
1372	7.05134	523	190
137201	5.43201	102	44
137237	6.55043	573	198
137238	6.19936	620	204
137244	5.43789	95	29
137269	7.06493	5957	1304
13728	5.93811	742	298
13729	5.9159	515	201
137290	6.59087	857	134
137297	6.73926	7788	1757
1373	6.3482	167	81
137328	6.10581	93	23
137330	6.82318	1989	548
137331	5.84389	48	17
137332	5.97633	79	23
137336	4.76362	213	69
137348	3.5201	104	48
137354	5.73684	38	10
137358	5.47895	38	3
137397	6.62403	1073	281
137404	5.29402	92	23
137406	6.4032	379	157
137408	7.46167	5713	1318
13742	6.8625	40	19
137423	7.0614	1123	246
13745	6.25263	38	22
137480	6.53495	228	79
137498	6.71037	82	51
1375	6.50151	166	93
137500	7.13231	130	50
13751	6.51347	665	351
137550	4.95891	303	105
137596	6.92667	30	4
1376	6.18281	1133	444
137626	7.54	95	62
137637	7.23205	39	34
137649	7.46335	2033	623
137651	6.61305	429	129
137669	5.4672	378	179
13767	5.73472	144	53
137685	5.44359	39	30
1377	4.40783	115	41
13771	6.44375	56	47
137744	6.56713	240	94
137776	6.57014	1329	406
137780	6.08437	64	9
137789	6.07293	157	37
13779	6.77606	71	47
1378	5.71818	220	70
13780	6.87367	2891	1206
137811	5.68721	466	195
13782	4.53082	146	62
137841	6.29967	41	15
13786	5.68385	52	17
137872	6.74017	238	89
1379	6.4752	543	197
137900	6.67889	410	139
137909	6.13056	1897	536
137910	5.72609	46	10
13792	4.28	65	25
137931	5.55341	323	80
137933	6.42521	233	67
137958	7.81379	58	22
137968	6.09675	120	41
137969	4.42727	55	19
137988	7.38502	4407	680
1380	6.34271	340	109
13800	7.16389	36	31
138015	6.2641	39	10
138016	6.02185	151	42
138026	6.97234	214	48
13805	3.67431	130	84
138064	5.76316	38	19
138091	5.35067	75	26
1381	5.87251	1393	375
138104	6.12877	595	175
138105	6.31807	328	88
138127	6.03482	83	32
138161	7.39306	10951	2397
138166	6.92218	470	81
138167	6.3	35	2
13817	5.28925	93	41
13818	6.22083	36	17
138195	5.27308	117	33
1382	6.98005	5201	1781
138201	5.52348	181	80
138204	6.39194	31	35
138206	6.066	50	25
13823	6.72057	8618	2702
138233	7.16824	1667	336
13827	5.28667	45	11
13829	5.73333	81	41
1383	6.3301	292	57
13830	5.7004	99	26
138311	5.38632	493	191
138317	5.79176	866	313
13832	6.14634	41	35
138338	6.68803	188	97
13837	6.88571	49	35
138431	7.45024	1659	540
138470	6.14554	56	29
138484	6.38408	98	44
1385	5.95854	41	18
13855	7.4053	307	163
138589	7.39467	75	30
138614	6.72285	248	105
138616	6.2669	142	44
13863	5.89118	34	9
138649	7.33212	1383	276
138670	7.91667	42	11
138682	6.50472	53	25
1387	5.82842	386	120
138704	7.04881	715	239
138728	6.59743	136	42
138729	7.47195	41	18
138746	5.5	37	17
138748	5.61663	146	44
13875	6.27981	286	89
138788	6.10947	7834	1982
13879	5.2195	40	12
138799	5.92588	85	37
13881	6.45	76	51
13883	7.12199	548	200
13884	6.97253	2508	940
13885	7.01613	31	33
13886	5.36086	185	73
138869	6.55474	78	31
138945	7.05326	46	26
138963	7.67453	139	77
138966	6.24993	143	20
138973	6.19379	172	67
139	5.95814	221	106
1390	5.98053	113	61
139026	6.23235	34	13
139030	6.60248	9640	1809
139032	6.25214	281	95
139033	6.94358	874	285
139042	7.02494	127	36
1391	4.80159	44	19
13912	5.85143	56	45
139131	8.13544	352	93
139137	5.70432	324	115
139147	6.64714	353	103
13915	6.28092	76	52
13916	5.15592	49	18
13917	5.50714	35	31
139177	6.35825	40	18
13919	6.50545	55	31
13920	6.86162	99	59
13921	5.7	65	37
139236	6.37	92	65
13924	6.74824	142	64
139245	7.24373	591	161
13926	6.37306	85	34
13928	5.85838	253	84
139326	6.59169	707	143
13933	6.12186	285	121
13935	4.78205	39	16
13936	7.575	32	17
139374	6.02833	60	9
139388	3.8948	82	48
139390	6.86923	65	12
139401	5.36852	54	20
139433	8.21785	156	102
13944	4.56809	47	33
139443	5.90367	2318	452
13945	5.13787	763	218
139471	6.14931	73	33
139508	6.76026	462	165
13951	5.07898	88	46
139562	7.09555	592	163
139572	6.48325	305	132
1396	6.60592	76	31
13960	6.72927	41	45
139607	6.66788	73	7
139627	5.78243	143	35
139629	5.94599	546	175
139660	5.87583	84	40
139690	5.88393	56	23
1397	5.43945	109	43
13972	5.5336	597	92
139728	7.09328	61	2
139747	8.27222	90	26
13976	6.09114	316	170
139769	5.31748	127	76
139771	7.50339	1845	426
139779	5.22619	105	24
13978	6.90096	73	52
139780	5.50333	45	9
13979	6.44545	55	41
1398	5.43026	195	71
13980	6.56313	80	62
139807	6.51616	105	26
13981	6.52241	145	89
13982	5.22118	85	27
139842	6.65093	43	13
13989	4.64286	35	9
139894	5.01556	45	16
139897	6.02622	616	207
139898	7.43094	2913	741
139899	6.61806	1944	531
13994	6.94167	30	18
13995	7.12661	124	54
139952	7.60014	630	244
139963	5.9	45	14
139975	5.13984	45	11
139976	7.90088	4899	1067
139992	6.59556	770	263
14	6.76106	1650	656
140	6.38658	8592	2586
1400	5.54831	65	24
14000	4.40438	32	15
14001	5.44844	80	36
14007	7.07989	179	114
140097	6.285	40	3
1401	6.38621	58	32
14010	6.06918	110	24
140100	5.75226	62	50
140101	6.34965	256	93
14012	6.41346	52	15
140125	7.91833	485	200
14013	6.44848	33	9
140153	5.30761	54	8
140163	6.18478	276	117
14017	5.77936	949	435
140172	6.24358	293	83
140179	5.73565	154	39
1402	5.89545	176	62
14021	5.62895	38	15
140235	7.53	30	3
140236	7.05638	103	38
14024	6.02544	57	22
140244	6.69645	31	15
140271	5.56053	451	148
140279	6.25734	410	99
1403	6.76583	4243	1117
140314	7.36315	139	49
140317	5.0988	83	17
14032	5.50753	223	60
14034	5.35922	51	36
140343	7.09723	783	268
14035	6.25268	863	255
14036	5.98113	214	36
14038	6.04814	665	300
140386	5.72256	164	63
14039	6.29187	372	132
1404	6.10026	193	80
14040	5.40625	40	24
14042	6.11989	279	64
140457	6.52637	893	210
140468	5.93599	137	56
1405	6.24691	81	43
140519	6.59916	1643	694
140524	6.67466	223	91
140535	6.62011	1784	374
14054	6.35077	260	152
140594	6.8737	92	30
1406	4.37245	30817	7072
140600	5.98681	69	25
140603	7.40715	4722	1105
140612	6.18913	402	147
140613	5.73368	523	200
140620	7.48255	13888	2524
140626	6.7625	40	39
140638	6.05367	552	163
140675	5.79653	95	36
140682	6.38508	122	43
140693	6.69275	69	42
1407	5.50421	261	88
140702	6.03705	61	14
140717	6.52832	1858	554
140729	4.15771	35	13
140743	6.89851	57	15
14076	4.58573	171	77
14077	6.90323	31	40
140779	6.5194	199	102
140795	6.34503	664	207
140796	5.68993	577	144
1408	5.82977	419	190
14080	7.41077	414	251
14082	7.64103	39	18
140829	5.39333	75	30
14083	7.4972	538	312
140830	5.1875	96	21
140840	5.55266	158	49
140857	5.73466	313	115
140859	7.10484	31	12
140861	7.02315	54	25
140863	6.31797	1852	542
140865	5.72354	854	287
14088	7.01875	48	26
1409	4.34882	34	22
140933	6.8167	6364	1240
140934	7.36252	15114	3140
140939	6.87561	41	17
140940	5.89014	71	21
140951	6.95288	873	197
140960	5.7473	63	32
140961	5.72024	42	21
140986	7.13944	90	14
140988	5.5	55	32
140995	7.80769	39	17
140997	5.95502	594	160
141	6.38213	1297	482
1410	3.81204	3485	1079
141019	4.05509	282	76
14102	5.61079	290	136
141035	5.09884	280	125
141042	5.77689	45	9
14105	7.77528	8162	2683
141059	4.88194	36	17
141067	8.30106	188	73
141087	5.64971	174	75
141089	6.22957	93	22
141090	7.45624	541	160
1411	6.38507	67	29
141102	5.73077	117	39
141107	5.94186	43	3
14116	5.24839	31	17
14117	6.13333	39	45
1412	6.21946	553	228
141249	7.01045	77	10
141250	5.12083	48	11
1413	6.61114	490	225
14130	4.58871	62	25
14131	4.67391	69	26
14132	5.36029	136	46
14133	4.74474	76	25
141337	5.88156	80	23
14134	5.47684	389	142
14137	5.81292	137	25
1414	5.39955	132	66
141418	6.67979	247	66
141419	6.7885	200	76
14142	6.03333	30	15
141423	7.12117	3199	775
141428	6.25321	193	57
141430	5.70347	892	189
141437	6.08126	135	44
14146	3.81618	34	12
141467	7.23387	62	29
1415	3.75838	37	18
14151	6.10714	56	32
141517	7.18775	3202	818
141544	5.78571	35	10
141569	5.73061	49	20
141572	7.17673	9560	2109
141577	6.375	36	7
141594	5.22857	35	17
1416	6.00362	428	169
14163	5.88167	42	38
141636	3.92308	78	70
141653	6.68151	377	131
14167	5.23333	30	15
141679	5.86724	58	20
141681	5.83238	42	22
1417	5.46689	705	318
141725	5.55867	233	85
141734	6.0452	175	82
141735	6.06221	371	133
141736	6.71015	2531	697
14174	5.48438	32	9
141791	6.81418	927	267
141825	7.04533	90	54
141829	5.8023	228	82
14186	6.6856	125	45
14188	7.38556	344	149
141896	5.0557	79	29
1419	6.30247	1766	458
14191	4.65525	122	29
141920	7.476	30	18
141932	6.25713	1485	580
14196	6.48485	33	11
141980	5.92667	84	30
141991	4.5	30	6
141997	5.99697	66	18
142	6.4461	675	252
1420	5.6591	895	404
142043	6.35455	44	23
142063	7.36679	324	93
142079	6.77347	2956	838
142084	7.30406	444	174
142085	6.9231	216	109
1421	6.53248	436	309
142121	7.12938	1060	254
142124	7.28831	519	76
142158	6.06052	58	27
142194	5.43182	44	4
142197	5.83795	732	222
1422	3.85559	220	120
142205	7.424	75	24
142219	7.00444	45	23
142239	6.73601	554	176
142262	6.31191	749	276
142265	6.98178	140	48
142267	6.46749	880	324
142271	7.08148	1153	267
142277	6.69298	57	7
142296	6.73198	1714	417
1423	7.18493	884	420
142303	4.79175	126	62
142325	6.32806	1895	485
142326	6.95788	4756	1037
14233	5.58542	48	28
142333	6.62878	118	65
142334	5.85552	830	176
14236	5.73541	85	50
142364	6.17639	285	100
142379	7.58058	4067	869
1424	3.95043	47	25
142401	6.44511	240	68
142402	7.32508	780	124
142417	7.74375	32	23
142432	6.02024	580	152
142451	5.92669	523	197
1425	7.22197	818	401
142503	6.12191	511	124
142517	5.7593	86	28
14253	5.75636	55	25
14254	6.96028	2152	577
142551	6.75866	127	37
142555	6.87157	609	129
142556	6.64538	277	92
142557	6.61897	330	102
142558	6.65921	302	86
14258	6.10074	647	345
142584	5.66469	194	84
1426	5.06558	1095	399
142615	4.50735	68	14
142638	5.89134	145	86
142645	6.74573	131	52
142653	5.71239	116	33
142687	5.87334	646	246
142691	6.09676	109	35
1427	5.55128	39	28
14275	4.49189	37	19
1428	4.99891	184	135
142829	6.90802	81	32
142830	6.94375	812	293
142852	7.39453	1783	333
142854	7.313	579	216
142859	6.23387	31	8
142889	7.74148	270	127
142903	6.42198	126	75
142924	6.43061	297	102
142961	7.28903	1313	281
142963	6.73698	43	22
142980	6.33046	87	28
142981	6.6973	37	43
142988	6.05769	182	79
14299	6.85526	38	22
142992	6.89958	3427	795
142996	6.81765	34	41
1430	7.12448	624	324
143023	7.4037	54	28
143048	6.7931	58	44
143070	6.17768	44	22
143073	6.80816	49	10
143075	6.45659	1176	310
143085	6.43404	47	40
143096	7.4286	711	230
1431	6.52493	1007	450
143131	6.92462	65	20
14314	5.21071	84	31
143157	6.68703	1443	453
143175	7.07882	1999	489
143176	6.87595	1070	329
143185	6.75208	3379	544
143195	7.09167	30	38
143200	5.72313	67	28
143238	6.51746	59	32
143250	5.93194	36	20
143255	6.42582	122	66
1433	5.54385	65	22
143323	6.25795	176	38
1434	5.87413	288	140
143401	7.11761	1299	349
143403	6.95765	34	5
143404	6.94084	1850	515
143405	7.10464	2747	733
143416	6.7859	122	40
14342	5.43856	188	70
14343	5.60968	31	10
14347	5.10606	33	12
143484	6.78359	562	153
143487	7.65753	73	29
1435	5.42925	384	222
143508	4.44693	114	42
143509	6.32854	123	40
143515	7.28144	4456	938
143519	7.26686	6867	1313
143520	5.82218	96	44
14354	5.74242	33	16
14355	6.77155	58	40
143588	6.28659	41	18
1436	5.23701	294	141
14360	4.83947	38	17
14361	5.32619	118	37
143657	7.0096	99	38
143666	6.31936	31	11
143674	6.52825	80	14
143680	7.68571	105	26
143693	7.4502	9653	2010
1437	5.01512	129	65
143701	6.2412	143	71
143703	6.44627	67	26
14374	5.0726	42	21
143741	6.93881	21131	3887
143745	7.35976	41	29
143780	5.64393	107	38
143782	6.98326	230	95
14379	5.54256	531	193
14383	4.29392	74	19
143839	5.68548	31	21
143841	6.18875	40	30
143843	6.19433	90	30
143869	5.1696	175	50
14387	7.10667	60	62
143882	6.66896	350	89
143884	6.62384	28415	4943
1439	5.29681	521	245
143981	6.98994	424	123
143986	6.61506	6024	1188
143994	6.75708	466	185
144	6.15514	107	60
14403	6.63585	364	96
144036	5.51421	720	205
144041	7.12113	2071	544
144066	5.3609	78	40
14410	6.65632	68	90
144110	1.04133	75	21
144150	7.17616	151	63
144189	8.07313	2417	797
1442	7.21565	1239	541
14422	4.8	30	17
144223	7.00601	133	44
144228	7.44856	104	33
14423	5.39563	103	58
144236	4.53516	64	30
144239	6.82194	2007	643
14424	5.73646	48	42
144253	7.42206	34	18
144270	6.60843	2230	522
144290	6.83304	115	36
1443	4.93023	86	24
144310	5.65289	128	53
144325	6.425	1116	215
144337	5.38256	43	16
144344	7.59075	7978	1354
144346	5.60865	74	33
144374	5.1913	46	7
144382	6.26708	264	97
144383	6.38241	58	32
144388	6.2395	1235	353
1444	7.37287	485	185
14441	5.86987	251	95
144412	7.12231	39	22
144413	6.85333	30	9
144415	6.93623	1298	345
144416	6.35636	110	18
144417	6.17873	63	17
144420	6.2	48	3
144460	6.70667	81	28
144468	6.17258	357	64
144479	7.4468	197	50
144486	6.83088	34	6
144492	6.1167	701	186
144499	6.17551	234	67
1445	6.32802	808	373
144506	7.04626	147	15
14451	7.09012	81	38
14452	6.89094	127	63
144525	6.23939	475	207
144526	6.52769	414	110
144529	7.06635	1752	499
144553	6.4897	4155	799
144557	5.00157	293	121
144566	7.07973	320	137
144567	7.25788	269	107
144568	7.85842	648	247
144574	8.78167	150	81
144579	5.21516	228	71
144587	5.94903	144	49
14459	4.42059	34	9
144592	7.63795	4976	1018
1446	4.13568	192	101
144607	7.79412	119	73
144631	5.66801	118	33
144632	6.1078	441	162
14468	6.4	45	30
1447	8.00881	277	144
144709	6.61364	154	48
14471	6.1413	46	36
144728	6.21889	1019	238
144733	7.76155	15846	2425
144734	6.77457	987	240
144735	5.42105	38	18
14474	6.365	40	34
144743	7.50041	390	205
144761	6.18793	1333	361
144789	6.60237	253	37
144790	5.19336	113	64
144797	7.68261	3472	944
1448	6.40197	524	243
144826	6.85853	2061	488
144864	7.426	932	191
144865	5.62217	244	83
1449	6.57306	258	80
144955	6.54211	95	39
144957	6.37667	30	28
144958	6.94068	118	63
144988	6.73132	265	76
144993	6.89093	43	20
145	6.39118	364	137
1450	5.44408	152	40
145012	6.52554	791	189
145014	6.37623	718	157
145027	5.75751	181	34
145042	7.5399	99	37
145068	5.96222	45	12
145086	6.26217	267	107
1451	5.94375	32	11
145103	6.59622	344	88
145106	4.12339	62	12
14511	4.93079	89	31
14514	7.37143	35	21
145186	6.39952	500	108
145189	6.7382	3214	447
1452	6.67429	680	341
145203	6.67424	1743	475
145205	6.92798	193	55
145209	5.87132	114	63
145219	6.63788	471	153
14523	6.1539	77	68
14525	6.5005	139	46
145259	4.93023	204	66
145274	6.40244	41	28
145275	5.78842	38	17
1453	5.75	47	25
145304	5.85296	151	86
145308	6.40811	1388	412
145344	7.34133	75	13
14535	5.35517	503	149
145371	7.90005	1287	398
14538	4.52424	99	26
145381	6.1562	121	35
14539	4.47778	45	18
145390	7.59057	53	43
145393	6.66256	304	114
145401	5.17704	98	20
145424	6.70519	212	68
145470	7.0362	101	11
145475	6.66675	294	84
145478	6.43566	205	66
145492	6.27088	68	15
145493	6.93041	268	142
145496	6.41171	111	60
145501	6.19375	493	109
14553	6.55556	72	17
145553	6.125	222	101
145578	5.89527	268	57
145586	6.34583	48	6
145587	5.8	30	15
145588	7.10489	1370	394
14559	7.47887	71	40
145599	6.95628	273	103
145601	6.72185	707	192
145609	6.89823	141	55
145621	5.21552	58	20
145632	5.65089	64	17
145633	7.10744	1040	290
145639	7.04122	3969	925
145642	6.81563	510	158
145645	7.00779	1073	247
145649	6.38839	56	13
145653	6.33871	31	22
145654	6.89494	352	123
145659	7.1498	4992	1010
14567	5.61053	38	33
145675	6.69952	83	21
145722	6.0238	537	153
145764	4.68378	37	18
145765	5.76458	48	7
145766	6.54333	120	13
145793	6.29758	31	13
145842	5.55801	627	150
14585	5.90395	76	28
145872	6.16647	34	18
145888	6.64113	605	148
145897	5.95206	97	38
1459	6.42728	1242	501
14591	5.56098	41	16
145911	5.89394	33	8
145915	7.95327	52	35
145928	5.73616	833	329
145943	5.22827	197	67
145963	5.19125	48	12
145975	7.75091	221	121
145976	7.57101	690	294
146	6.14186	877	400
1460	5.75818	212	76
146014	6.92222	45	12
146021	7.78371	31490	4925
146034	6.32544	114	55
146035	6.7876	250	93
146094	5.84708	137	61
146104	5.2767	94	50
146130	6.04471	1856	775
146144	7.72878	139	65
146146	5.38522	113	34
146149	6.24722	1339	286
146151	5.27187	64	19
146152	6.08052	77	17
146157	6.68741	36	5
146158	6.48018	442	157
146161	5.84627	67	21
14617	4.8	30	4
146188	5.73564	211	63
146197	6.44733	172	68
146204	6.05815	92	27
146207	7.88554	101	24
146221	7.2317	1547	488
146226	5.28788	33	26
146228	6.93165	340	133
146245	6.21973	75	36
146247	6.275	52	18
14625	5.31429	42	17
146253	4.58526	78	25
146259	4.94333	30	24
146262	6.50595	42	11
146275	5.27384	310	85
146278	7.17466	6448	1310
146290	6.0634	97	24
146299	4.95957	47	22
1463	6.04681	693	261
146309	5.44318	44	16
146312	7.15164	3235	827
14634	7.60991	340	173
146384	5.71591	66	35
146387	8.7	35	20
146388	5.68627	75	29
1464	5.24397	116	58
146408	6.62639	767	246
146418	7.07921	1905	468
146439	7.71142	5902	1280
146451	7.93512	80	41
146496	5.45217	161	28
1465	6.93715	9234	1946
146508	7.50078	25079	3850
146548	6.42795	409	55
146559	6.82116	449	161
146596	5.17245	106	25
146597	5.61005	180	56
14662	5.63768	69	19
146652	7.77814	11946	2143
1467	5.26372	269	119
146707	5.77921	98	45
146725	6.47701	625	214
146728	6.25714	35	14
146735	6.47148	1626	318
146746	7.81067	30	17
146747	6.83667	36	7
146762	7.65	60	29
146765	6.44756	41	14
146784	6.94036	523	138
146791	7.96279	3577	807
1468	5.83437	107	55
146816	7.12547	1458	383
146818	6.23034	522	93
14683	6.86723	553	288
146841	5.58786	39	14
14685	6.75941	85	17
146864	5.07609	104	30
146880	6.4916	238	94
146886	7.65406	9462	1800
146910	7.61579	1187	330
146922	8.42023	178	56
146937	6.81398	83	18
14696	5.16223	37	26
146963	6.64333	204	90
146997	6.03333	30	23
146999	6.65912	34	8
147	6.72159	1087	402
1470	5.79776	223	82
147009	6.01449	185	59
14701	6.37355	189	121
147020	7.57886	38577	6158
147021	6.43381	550	140
147030	5.90766	838	176
147039	5.94286	35	11
14705	4.5382	55	34
14708	3.27778	45	17
14709	7.32143	42	32
1471	6.25154	296	147
147104	6.61021	240	56
147112	5.55171	59	12
147116	6.36851	2419	474
147136	5.96953	64	32
147144	6.58591	149	53
147145	6.00303	132	24
147149	5.83	30	8
14715	6.61087	46	35
147151	6.80473	16770	2587
147168	7.71014	72	8
147171	7.26916	171	60
147194	6.34227	593	99
1472	6.00661	2601	731
147206	6.78386	220	91
147240	6.60734	380	112
147241	7.01726	300	132
147251	6.4381	63	24
147253	7.00405	2066	556
147299	6.22248	703	268
1473	5.47527	93	48
147303	7.0714	3175	688
147305	6.29432	606	128
147352	6.49387	68	17
14736	5.33623	385	135
147363	6.8333	273	55
147370	5.97321	1181	459
147372	7.36667	33	29
147396	5.64423	52	15
1474	6.03835	115	71
147400	6.55393	89	27
147418	6.07949	59	14
147423	5.09444	54	24
147427	7.06585	41	17
147431	6.74802	660	211
147445	5.675	124	37
147451	6.56712	458	168
14746	6.01351	37	46
147465	6.54545	44	16
147472	5.72121	33	9
147474	6.3036	211	55
1475	5.83779	2345	940
147505	6.52353	221	81
147523	5.53024	192	96
147537	8.0651	416	84
147568	6.46745	407	107
14758	5.29063	32	10
147581	4.75094	53	14
147590	5.82143	77	20
147614	6.87783	373	60
14762	7.61452	31	17
147623	6.49449	930	168
147624	6.37168	376	115
147635	8.06312	141	93
14765	7.22162	37	17
147673	5.88372	43	16
147681	6.529	100	24
147685	5.48157	198	43
1477	6.35224	116	55
147707	6.94655	371	126
147716	7.14682	310	98
147721	5.43027	159	49
147747	6.78839	558	169
147768	5.91132	1237	261
147790	5.83844	634	216
14781	6.30318	110	38
147824	5.86842	38	11
147852	6.58462	39	7
147883	7.19016	127	39
147884	7.33298	84	32
147887	7.98449	314	128
147889	6.10486	214	44
147892	6.05	40	17
147915	6.10606	33	10
147919	7.84885	61	31
147920	6.6037	81	31
147930	6.87415	1116	264
147931	5.89187	64	28
147949	7.11791	23184	3849
147999	6.79866	283	70
148	5.71333	135	52
1480	5.50792	101	47
148000	6.92222	81	49
148007	7.47541	61	51
148036	6.1239	282	99
148040	5.43979	93	23
148047	6.53562	80	29
148049	6.16111	36	13
148050	7.27692	52	29
148074	6.37944	107	24
14808	6.37668	2440	856
148083	6.95091	414	130
148099	5.37938	73	40
148115	6.312	35	17
148117	6.14872	39	29
14812	5.30444	135	85
148138	6.59732	56	18
14814	7.03043	46	33
148144	6.35485	202	83
148179	5.69967	92	40
1482	5.33337	326	147
148203	6.68184	2853	669
148204	8.32915	71	38
148205	6.49371	971	263
148209	6.50552	126	34
148211	6.01	37	14
148213	9.13387	61	37
148215	5.77093	54	12
148228	7.44	64734	9404
148231	6.64545	314	104
148261	6.23948	3315	1134
148264	7.2041	122	65
148271	7.0517	531	119
148273	4.96364	44	12
148282	6.08444	198	65
148290	6.55675	1610	368
148291	6.60144	748	205
148309	7.33187	80	48
148319	7.20261	4143	1012
148330	6.63131	55	35
148356	8.4375	32	10
148375	6.7847	117	54
148381	6.00097	275	53
1484	6.77016	1513	614
148424	5.99929	165	33
148430	6.31111	36	17
148434	5.84886	88	23
148442	5.66979	48	7
148443	6.6905	179	39
148471	7.35278	90	54
148494	6.07817	253	57
148507	6.65005	183	91
148517	5.3375	160	65
148522	5.81132	53	16
148528	6.50597	67	15
148531	6.34216	408	98
148532	6.93964	899	187
148534	5.36951	41	8
148557	7.54	45	29
148575	7.14599	5582	1109
148581	5.9514	107	40
148592	6.80386	70	24
14860	7.21962	173	125
148601	7.23157	1151	328
148628	5.55405	37	17
148639	6.29535	172	46
148660	5.89043	46	22
148668	6.52361	36	18
148729	7.39268	1787	734
148730	6.6394	78	21
148740	6.46415	256	49
148744	6.88397	136	49
148745	7.62903	62	19
148759	6.28566	251	46
148764	6.30711	242	65
148767	6.41892	440	144
1488	4.72364	55	24
14881	7.22917	48	33
148814	5.84375	32	9
1489	5.90215	846	390
148918	5.59804	51	8
148939	6.69419	43	39
148940	5.6835	103	25
148943	7.01467	2541	701
148949	7.56871	27086	3985
148951	6.57889	7284	1906
14897	5.62353	51	20
148973	5.23438	48	17
148975	6.52183	189	63
149035	6.20238	42	15
149051	4.15717	127	52
149069	5.39598	87	35
149078	5.71833	60	15
149097	6.93805	308	131
1491	6.81203	1182	423
149112	5.70203	127	103
149119	6.72771	912	346
149129	7.27907	43	41
149130	6.11064	510	112
149155	6.85591	4799	1088
149156	3.48077	52	26
149169	6.81369	140	52
149241	7.03045	886	397
149286	8.17544	57	24
149296	6.1129	186	61
1493	6.81902	489	230
149322	5.67663	99	34
149323	5.31868	76	21
149324	5.93976	83	36
149328	5.36476	173	30
149332	5.94022	92	15
14935	5.42188	64	53
149361	7.27021	332	125
14940	6.59026	195	35
149459	6.78649	37	12
14951	4.32121	33	7
14953	5.62329	245	72
1496	6.6227	599	270
149611	5.0125	40	12
149618	6.70062	81	18
149620	8.47405	185	82
149621	6.37538	145	35
149639	6.75343	161	61
1497	5.31684	327	160
149705	8.35938	32	19
149746	6.13863	278	110
149776	7.51871	1397	347
149787	7.4759	568	240
149793	7.67117	111	67
149794	7.09211	152	83
1498	6.97414	464	231
149809	6.77639	1270	382
149814	6.99028	36	14
149853	6.77252	1021	277
149863	6.51019	211	51
149869	6.44636	676	133
149885	6.00676	74	30
149896	6.91126	546	163
1499	7.59953	1381	652
14990	5.10345	87	16
14991	4.79643	42	31
149910	7.65013	239	76
14992	5.48281	742	350
149927	7.39672	61	11
149951	7.71251	1192	390
14996	7.54362	63292	9215
149970	6.6675	80	34
15	6.91057	3890	1661
150	7.26505	10026	2628
1500	5.56911	56	18
15000	6.10293	184	28
150005	8.33289	152	55
150010	6.75501	235	113
150012	7.74758	124	74
150013	7.52744	215	121
150014	6.63172	400	116
150016	6.7515	407	140
150018	4.83801	57	9
150033	5.91639	61	8
150049	6.775	100	36
150061	5.13667	30	11
15009	5.2825	40	15
1501	5.70302	1676	721
150138	6.27314	159	34
150143	7.21087	46	14
150145	7.44202	5251	880
150146	6.50099	1027	344
150162	5.05656	61	17
150197	7.11765	34	23
1502	5.49339	3289	814
15020	5.08254	126	39
150216	5.27941	51	21
150220	7.15375	40	13
150276	5.70984	61	8
150293	7.16758	1204	387
150294	6.97936	189	72
150298	6.46282	440	124
1503	5.07546	119	56
15031	5.34381	105	47
150312	6.58205	12471	2113
150323	6.36691	68	25
15033	6.4845	1380	586
150364	6.22768	301	114
150376	7.54132	41405	5888
1504	5.7368	125	42
150422	6.31618	34	40
150424	6.9	35	31
15045	6.01629	1599	493
15046	5.43812	383	93
15047	5.92593	392	119
150484	7.33152	512	222
150485	5.82886	933	258
150530	6.16316	38	7
150533	6.13199	333	102
150539	5.62542	168	45
150580	6.36023	384	82
150599	5.80575	203	41
1506	6.5098	615	337
150605	5.91228	299	81
150615	5.6736	50	13
15062	7.11218	26091	6028
150623	6.76579	38	14
15064	5.19179	519	161
150658	7.28781	9827	1797
150659	5.40179	56	28
15066	6.05113	71	27
15069	6.80806	124	34
150690	5.05429	231	145
150691	6.53226	31	6
150761	8.23325	209	81
150783	6.31558	1254	332
150797	6.81765	51	18
1508	6.1182	403	213
15081	7.92222	81	69
150811	5.2544	274	142
150827	6.25472	53	20
150831	7.24444	72	41
15088	6.4375	32	6
1509	6.35411	452	260
15090	5.29265	68	25
150923	6.35423	71	37
150925	5.52016	191	72
150926	6.62741	1198	325
150930	6.12157	281	99
150971	6.10577	52	19
150978	5.78137	51	10
150996	6.57714	220	48
150997	8.04611	2273	435
150999	7.04042	4424	1029
151	6.55636	393	137
1510	5.0742	204	124
151004	7.28304	3806	489
151005	4.93319	37	13
151007	7.30174	2492	563
151016	6.11865	182	75
151022	7.53681	3956	966
151070	9.22742	31	10
151078	5.74167	78	16
15109	5.51077	52	4
1511	4.80843	964	524
15110	5.86715	243	46
15111	5.15643	272	131
15112	5.76842	38	13
151151	6.48559	674	218
151191	6.14259	54	14
1512	5.714	140	84
15121	5.58892	203	84
151215	5.96889	45	9
151220	5.06556	30	8
151224	6.4325	84	33
151247	6.65815	2217	536
151251	6.57744	219	58
15126	7.94775	1189	373
151275	6.76029	272	101
1513	7.53754	3997	1344
151310	6.55556	178	77
151334	6.3027	37	13
151347	7.71636	4265	947
151357	7.38667	36	17
151367	5.39742	153	49
151369	6.09495	144	31
15139	5.57168	143	50
151396	5.5025	100	44
1514	5.20218	186	63
151410	5.89007	146	53
151416	5.95122	82	26
151446	7.12767	302	42
151448	7.255	50	17
151450	7.40287	87	46
151456	7.15578	136	35
151467	4.95096	104	20
151468	4.50943	53	20
1515	5.73905	2983	990
15153	7.75481	52	53
151530	6.32703	37	7
15156	5.77309	537	163
15157	6.32758	1259	492
15159	6.65244	41	6
1516	5.94199	217	115
151603	5.67453	53	12
15163	5.6559	153	64
15164	6.15152	33	15
151640	5.94688	96	41
151645	6.42878	139	51
15167	6.12175	530	190
151683	7.12364	119	31
151684	6.29557	131	48
1517	5.32821	117	56
15173	6.69474	114	30
15175	3.7871	31	20
151771	7.69226	1226	267
1518	6.02995	414	257
15180	5.77676	728	251
151801	6.2086	41	12
15182	4.76389	36	14
151835	6.38239	431	91
151847	5.45368	163	43
151887	4.95917	108	52
151892	7.13846	39	24
1519	6.82093	225	78
15193	6.55294	68	51
151936	7.15965	57	30
151947	5.62027	74	29
15195	5.28571	56	13
151952	6.04726	73	49
15196	5.73889	99	26
151972	6.06306	111	24
151981	5.4052	50	9
151985	5.92805	82	15
152	7.15442	1852	760
1520	6.22721	434	206
152053	6.25452	1325	516
15209	6.53987	317	99
15211	6.42867	75	42
152115	7.35097	62	20
15212	6.46918	73	45
15214	6.12805	41	25
152162	6.92046	5083	1148
152172	7.31808	146	64
152174	6.17662	139	48
1522	5.53771	245	114
152237	6.34566	2164	730
152241	6.6085	421	86
152242	7.09297	1740	385
152245	5.60968	62	17
152247	5.45714	42	9
152286	5.33927	41	35
15231	7.26129	31	10
152345	8.06713	80	48
15235	7.27614	132	43
152359	5.59859	71	22
15236	5.36	50	14
1524	5.46144	181	93
152470	7.44986	2068	627
152471	6.55981	107	51
152488	3.61541	91	35
1525	6.27939	375	190
152510	7.00245	435	92
152567	6.56924	370	116
15261	6.47436	429	157
152615	4.51429	35	13
152621	5.73686	35	7
15265	5.65625	32	17
15267	5.95731	134	35
15268	4.46752	109	51
15269	6.79024	82	36
1527	4.60071	465	220
15271	6.10982	256	39
152724	4.715	30	6
15274	7.80285	123	79
15275	6.93793	58	47
152757	6.71777	783	216
152758	4.65287	492	231
152761	5.92725	97	40
152765	7.75087	808	173
152767	5.84449	210	89
15278	2.41475	59	29
152822	5.47059	34	16
152824	6.64641	52	12
15284	5.21212	33	10
152846	7.25807	161	66
152847	6.38608	469	113
152848	6.86562	48	21
152851	6.24376	345	112
152867	5.45023	131	47
152899	7.11332	615	145
15290	6.61232	2169	713
152952	6.30006	230	87
152955	3.9196	121	38
152985	7.11818	33	2
153	6.50093	2040	428
1530	6.30451	113	55
153002	6.44044	135	35
153004	6.41341	367	89
153016	7.75234	2390	436
153038	5.65636	33	13
153056	6.75	34	32
153064	6.62384	3017	651
153065	6.99288	4340	910
153077	5.65519	79	20
153097	6.75656	1536	408
1531	4.38732	71	29
153103	6.06441	118	26
153107	6.6381	42	27
15311	5.72056	337	98
153113	7.72269	108	54
153116	5.28431	153	43
153120	5.93454	174	71
153168	5.55208	48	12
15318	6.54074	2421	914
153213	6.51951	82	37
153225	6.34867	255	60
153238	6.40278	370	134
153292	6.27742	62	10
1533	6.25773	427	182
153318	6.8412	1690	377
153319	6.945	30	16
15334	5.96098	41	15
153368	7.32353	34	17
153372	5.91702	47	6
153380	5.87909	33	13
153388	5.86786	84	18
1534	5.19767	86	36
153422	6.60548	614	118
153425	6.44095	1029	267
153432	5.78382	68	12
153470	5.5193	57	31
153478	6.50237	38	7
153479	6.69703	64	20
153480	6.73993	248	95
153481	6.47257	152	46
153484	5.87174	46	12
153486	6.56667	45	31
153496	5.66293	41	5
153497	6.00953	999	398
153498	7.39184	132	33
1535	6.65332	604	266
153501	5.68571	35	8
153507	6.80509	2038	380
153509	5.60248	137	18
153510	6.64253	114	36
153516	5.71906	71	14
15354	4.63333	30	16
1536	5.96217	1654	563
153623	6.85991	1200	374
153624	5.42288	59	15
153625	7.15595	294	81
15363	7.21491	8594	3035
153639	6.76894	307	88
15364	7.16823	6159	2038
15369	8.25274	401	220
1537	5.60362	69	45
153709	6.39747	565	156
153710	5.62319	47	22
15372	5.44169	59	18
153723	6.3814	129	37
153724	5.68548	303	99
153728	7.91804	387	147
153737	6.8553	1070	363
153745	6.31964	84	38
153757	6.55817	104	59
153780	5.49885	87	26
15380	4.88965	47	21
153802	7.1379	62	20
153807	5.9	41	9
153811	7.17118	34	20
153815	6.58201	184	82
153820	6.12135	37	10
15383	6.11772	127	37
153830	5.86275	91	22
153839	6.10099	150	36
15386	6.41556	162	68
153870	6.91422	143	62
153905	6.70343	265	83
153916	7.00676	37	22
15393	3.75897	316	86
153938	7.03999	24006	3743
153939	5.75532	338	131
15396	5.42687	67	34
153980	6.70556	36	17
153987	7.2125	40	11
15399	7.22903	31	13
153991	6.8318	261	98
153999	6.05833	1879	585
154	6.74808	104	52
1540	7.06732	3419	1030
154003	6.63211	1496	337
154006	7.1617	47	4
154008	5.15096	104	15
154009	5.18604	67	28
154022	5.65	30	16
15407	5.95078	129	78
154085	5.07625	56	40
154086	7.35224	2656	561
154098	8.09016	61	28
15410	6.15238	420	204
15412	5.6125	40	15
154125	6.86141	201	76
154173	6.96181	797	246
154174	3.78977	88	37
154182	6.75174	1808	418
1542	5.14464	56	30
154203	7.37683	22229	3576
154243	7.06714	35	4
154244	6.22727	44	18
154246	6.87497	5167	1171
154259	6.289	1262	410
154274	6.90625	40	7
154281	6.85205	44	19
154298	5.71474	109	41
1543	6.24181	238	110
15430	6.55263	38	24
154301	6.71108	1436	407
154307	7.48438	32	6
15431	5.55044	113	29
15432	7.10811	37	27
154327	6.02083	36	17
154343	4.96505	278	57
15435	6.88042	143	74
154386	6.95068	3690	736
154394	8.16364	88	37
1544	6.82165	3064	946
154428	6.97762	720	183
154443	6.46406	1164	280
154458	7.22799	3936	1089
154472	7.80147	68	44
154476	5.39097	347	94
154477	5.5383	94	31
154479	6.0703	777	180
154482	4.30217	46	10
154498	6.28973	260	97
154499	6.07416	262	90
1545	6.55966	711	314
154509	6.68594	2209	544
154510	7.24986	417	212
154515	5.77924	118	26
154519	7.70503	262	91
154526	8.26831	65	29
15455	4.9	30	10
154553	5.39196	112	40
154560	6.24865	442	98
154585	5.58043	46	4
1546	2.8	30	20
154600	6.15793	774	178
154602	5.52969	383	97
15462	4.71875	32	14
154633	5.88591	393	62
154634	6.33646	1458	393
154642	5.52923	130	34
154645	6.95167	60	19
154674	6.40042	95	48
154677	6.7184	125	27
154681	5.87539	90	24
154682	5.89841	63	15
1547	6.42378	82	26
154721	6.01461	33	10
154728	5.69459	37	10
15474	6.14991	740	101
154742	6.26599	147	48
154753	4.97282	71	15
154778	5.79545	209	68
154804	6.83889	207	46
154809	7.68071	4444	749
154811	6.02371	97	38
154825	7.84194	2150	615
15483	6.13588	34	38
154857	6.6026	173	55
154875	8.01583	714	253
154878	5.80476	84	31
154880	6.33295	1267	197
154889	5.25152	33	15
154890	6.09192	99	33
154892	6.34323	546	126
154895	7.14896	202	96
1549	6.12246	936	437
15490	4.65116	43	10
154901	4.92683	82	57
154902	6.08043	369	126
154904	5.73591	220	84
154905	6.30892	1040	276
154906	6.79575	1587	411
154910	8.34883	513	178
154931	6.55493	71	34
154939	6.73893	241	104
15497	4.68632	38	10
154982	5.93235	170	33
155	6.95931	634	233
155020	6.17301	113	39
155023	7.49779	68	39
155025	6.73048	607	111
155042	6.60738	301	115
15505	5.00183	189	56
155065	7.36862	239	120
155068	7.67633	9584	1764
155081	4.8873	325	89
15509	5.64917	200	50
1551	5.82604	338	169
15510	6.62391	2294	940
15511	6.73898	3024	1156
155113	5.92131	61	17
155119	5.91882	746	183
15512	6.82429	18123	5453
155122	7.12676	676	273
155157	5.5115	301	80
155173	6.48839	1322	387
1552	6.37314	1271	461
15520	5.57333	45	26
155203	6.85156	64	6
155208	4.99667	75	45
155245	6.16209	91	40
155250	2.91335	158	100
155255	7.50224	1105	383
155258	6.75986	140	27
15527	5.62632	57	11
155314	6.49547	103	29
155315	7.02554	92	59
155322	6.35985	254	84
155327	5.38387	31	10
155362	6.87958	13379	2233
155406	7.92222	36	8
155411	7.31829	129	48
155412	6.76923	52	57
155414	7.25714	35	39
15542	4.92553	47	9
155426	7.54253	23136	3906
155440	6.00629	143	64
155451	7.98698	461	142
155460	6.94732	373	88
155463	7.25388	1194	214
155464	5.05648	122	52
155465	5.49625	80	36
15548	5.8642	250	71
155484	6.10776	58	31
15549	3.36755	795	199
155494	5.43	70	23
155495	6.4917	271	107
155496	7.72306	220	127
1555	5.90012	414	231
155577	6.59849	53	4
155582	2.33375	40	63
15559	5.62925	53	22
1556	4.96819	199	98
155624	7.22212	5902	1129
15563	5.26143	35	11
155633	6.41026	190	53
155636	6.78261	207	85
155689	7.17597	558	163
155693	5.28326	1191	244
155695	6.45103	6962	1551
1557	6.42667	30	22
155700	5.92174	129	41
155702	6.80895	504	105
155703	7.11148	14548	2708
155708	6.28062	2613	762
155745	7.07979	47	8
1558	6.06349	352	150
155802	6.29896	360	112
155821	7.81489	14568	2498
155822	5.99706	296	85
155827	6.83095	499	114
155836	5.82381	63	18
155873	7.99347	3974	672
155877	7.66667	33	12
1559	5.56584	101	33
155912	5.25744	39	10
155943	6.944	50	28
155969	6.52096	4848	1272
155987	7.33118	11600	2110
15599	4.12891	64	35
155994	6.20312	32	24
156	6.79812	579	247
1560	5.75317	63	40
15600	6.90554	1340	524
156007	7.14046	173	94
156009	7.13361	14329	2307
156015	5.67804	51	16
156023	6.48871	62	13
156061	6.37743	237	72
156062	6.10412	170	15
156077	6.09365	63	32
156091	7.28187	2703	682
156097	7.58012	83	21
1561	6.62378	1340	466
156101	7.2928	75	29
156108	6.17286	311	77
156113	6.03556	45	13
156118	6.11818	44	30
156129	7.4898	17927	3074
15613	5.73875	56	20
156138	6.82283	1607	363
15614	5.82143	42	6
156175	7.67989	281	111
156180	6.68593	887	260
156224	5.97824	85	39
15624	5.70845	71	18
156266	7.26027	618	221
1563	6.91445	1920	942
156336	7.07166	8835	1799
15635	4.01562	32	12
156350	4.25494	79	45
156358	5.88551	69	22
156372	8.29016	183	48
156373	6.98432	710	225
156406	6.79412	34	4
156420	6.27051	221	45
156430	6.15833	30	12
156442	7.01068	854	291
156443	6.87082	85	45
156453	6.04169	104	26
156457	6.18819	437	73
156458	6.33907	133	38
156461	5.7098	51	14
156474	6.79938	162	74
156482	7.62497	187	86
156496	7.18146	1232	431
156501	6.99015	1090	524
15654	5.53143	35	29
156546	7.79746	4122	795
156548	6.94	1174	325
156557	5.66581	62	36
156566	7.12017	5587	1007
156567	5.47949	39	13
156576	4.01852	54	8
156599	4.78384	73	31
1566	6.44602	226	102
156648	5.30959	73	17
156689	7.58143	2604	390
1567	5.39563	48	27
156714	7.13891	2202	738
156719	6.1481	487	100
156722	6.36931	101	24
156737	6.35142	297	95
156746	5.85938	32	15
156750	6.83687	150	61
15676	6.69355	31	11
156776	7.36315	2973	621
15678	6.49225	71	52
156786	6.08234	775	174
1568	7.02217	2808	687
15683	7.04714	35	39
156836	6.12331	121	20
156840	7.12738	387	138
156843	7.6875	96	50
156853	6.44792	243	87
156858	7.52174	4944	1170
156878	6.45694	265	79
156927	6.05714	42	25
156930	5.02234	47	10
156943	7.48628	3018	533
156945	6.91806	103	52
156962	6.17	40	9
156976	5.94039	714	221
157	7.08761	1774	597
1570	5.74759	191	100
157001	7.45189	1778	450
157002	7.39091	44	32
157014	5.92676	74	41
157026	7.52915	1057	237
157053	7.41389	36	37
157061	5.65217	46	11
157083	5.31232	122	49
157088	6.70426	432	128
157096	6.8885	2297	572
1571	5.61129	279	138
15712	5.60391	371	131
157135	6.21517	145	77
1572	6.51143	140	83
15721	5.77635	200	69
15722	6.61359	256	63
157291	5.93267	75	24
157294	5.54583	36	8
15731	5.78803	171	78
157322	6.11594	599	177
157323	8.07027	211	96
157352	5.16667	33	15
157354	7.77873	34594	5213
157364	6.75	32	15
15738	5.51258	450	194
157395	8.3075	32	9
1574	5.43618	817	407
157403	7.01355	5123	1196
157406	7.1	43	24
157413	7.09209	1815	578
15743	4.03355	31	12
157449	7.33243	74	39
157451	6.8161	111	31
157452	6.24805	77	30
157487	6.38943	88	30
1575	5.90042	327	184
157521	6.9867	169	112
157526	6.81567	5252	1295
157528	7.90789	38	25
157581	3.54	40	11
157586	5.82976	126	74
157593	5.78667	30	16
1576	6.59358	542	254
157653	7.36037	217	114
157673	5.87317	142	37
157675	5.66444	45	1
157696	5.67676	68	17
1577	6.51283	597	307
157779	7.13407	162	33
157789	6.42787	3214	602
1578	5.88214	294	126
157809	6.9652	5187	1049
157815	5.95659	211	69
157838	5.86696	112	37
1579	5.93301	389	158
15791	5.2137	73	22
157912	6.38237	431	148
157917	7.65617	1168	230
157942	5.5275	36	10
157958	7.08963	1404	326
157969	7.12023	31472	4817
157973	7.73867	40	18
157979	5.5712	125	125
157995	6.39634	41	12
1580	5.75	178	87
15804	4.35	126	70
158053	5.66406	32	16
158059	6.55815	63	28
15806	5.26228	79	25
158093	6.28101	156	49
158098	7.6912	77	27
1581	5.79071	78	48
158100	6.73379	306	58
158109	6.86586	1377	484
158122	7.01047	86	38
158130	7.34035	320	84
158163	6.67143	35	7
158168	6.77397	290	76
15817	6.9832	5666	1453
15818	6.56514	9498	2240
15819	5.37941	34	25
158198	4.93007	74	28
1582	7.76639	181	83
158236	5.73029	138	25
158237	7.35517	174	92
158243	5.59807	1687	548
158256	5.49223	108	33
15826	7.59046	341	203
158267	5.89611	180	41
158268	5.8347	280	78
15827	7.44513	113	47
158275	7.18839	3743	691
15828	5.375	40	9
1583	7.9476	125	62
15830	5.54745	464	123
158316	6.1234	136	43
15832	5.15405	333	127
158339	6.61363	2592	572
158340	6.69961	1598	351
158341	6.26833	60	9
158343	5.15902	61	9
158356	6.53838	284	58
15839	7.39349	880	566
158392	6.14362	994	161
158435	7.5203	2743	643
158445	6.75514	107	32
15845	4.72297	74	20
158487	6.24625	80	38
158492	7.80508	59	37
158495	6.55976	41	11
1585	7.86569	333	185
15852	4.00091	44	25
158534	6.34685	626	179
158535	6.88214	112	36
158544	6.83882	329	134
158548	6.28158	253	107
15855	4.19048	42	17
158564	6.2566	419	114
158572	6.98716	1259	324
158586	6.38608	79	41
158589	7.11842	57	35
1586	5.84842	317	123
158600	7.53343	12984	2283
158604	6.36909	55	22
15863	4.38409	44	24
158742	5.79614	1211	494
158747	5.90692	65	34
158751	7.98136	59	5
158752	7.9575	56	2
158753	7.4396	303	100
158760	6.25094	32	15
15877	5.67188	32	21
158771	5.35266	64	32
158774	6.15921	63	27
15878	5.79866	1569	434
158791	6.26025	244	64
158793	8.20449	78	53
1588	5.75659	167	56
15880	5.53658	342	146
158812	6.55801	231	70
158815	8.15444	216	118
158816	8.55401	137	95
158818	6.71935	31	7
158837	6.78914	257	73
158851	5.65664	250	77
158861	6.38761	142	59
158876	7.31906	96	35
158882	6.16009	310	160
158883	6.38114	228	84
158886	8.06188	160	77
158888	7.344	100	25
158889	8.09159	1707	352
15889	6.56879	895	319
158891	7.08157	70	23
158895	6.57922	77	28
158899	7.11106	26861	4053
1589	6.88936	1260	481
158900	6.64545	4548	986
158915	6.31323	399	144
158916	6.0465	257	117
158917	4.89832	238	87
158918	5.35916	310	114
158947	4.84038	52	16
158967	6.19592	49	17
158968	6.21917	109	41
158970	6.70092	227	95
158971	6.57578	204	50
158973	6.72198	299	165
158978	6.32228	285	61
158982	6.56166	320	103
158991	6.4871	535	91
1590	5.72497	625	391
159003	5.89223	242	90
159011	6.42063	148	79
159041	6.61	30	16
159044	5.53706	204	54
159059	6.91244	610	251
159084	5.08766	94	39
159087	5.59377	133	66
1591	6.22585	377	209
159109	6.93729	3485	877
15911	6.21564	195	63
159141	6.41957	438	145
159143	6.38095	584	153
159160	8.19	50	15
159209	6.21915	473	126
159227	5.48108	37	14
1593	5.76159	446	207
159333	7.72466	73	27
159355	6.7657	308	86
159375	6.23139	241	83
159384	6.78235	34	15
1594	6.42856	153	75
159405	6.57462	130	50
159406	6.24035	1294	300
159410	6.32258	31	20
159437	5.30227	132	11
159446	6.87313	201	63
159452	5.42505	190	52
159455	6.25804	75	16
159469	7.59936	536	217
159470	6.48435	200	60
159473	7.35133	2524	663
159492	6.39419	1152	341
159501	6.62041	49	22
159502	6.67938	56	27
159503	7.13144	2674	681
159504	7.77671	1713	543
159507	5.572	125	27
159508	7.26929	6791	1475
159515	6.12933	329	121
159525	6.15263	57	32
15953	7.13612	1329	378
159536	5.56821	112	36
15954	6.9474	1506	730
159566	5.97187	550	158
15957	7.55357	56	20
159570	5.94643	42	13
159573	6.01086	58	23
159575	6.87546	436	161
15958	5.79787	47	16
159581	6.66497	790	183
159632	6.7716	530	186
159633	6.48066	106	41
159675	8.08363	9038	1711
159685	6.46962	78	26
159692	8.01403	592	287
1597	6.45893	1501	538
159774	5.53411	56	12
1598	6.22	115	77
15985	7.85132	3385	607
159858	6.3125	32	11
159865	5.98333	90	20
159868	6.54814	625	165
15987	7.24971	37558	8622
159877	6.95615	96	48
1599	5.775	80	46
15990	7.37778	54	37
15991	5.37368	38	9
159910	6.85252	226	84
15999	7.57294	170	95
16	6.83517	966	363
16000	7.49724	199	88
160010	7.68561	4150	1060
160012	7.07522	223	68
160018	7.29737	3017	426
16003	4.10811	37	52
160044	6.93134	277	54
160067	5.46264	174	62
160081	7.24036	1057	327
160125	6.25148	169	46
16018	6.20283	53	44
1602	5.9852	608	247
160234	6.7822	118	61
160273	4.91892	37	9
1603	4.51698	53	17
16030	7.52273	44	20
16035	6.0069	548	201
160353	6.44186	43	17
160396	5.82989	280	105
1604	4.94654	1461	505
160406	5.61429	42	19
160409	6.3646	579	170
160413	5.53873	110	53
160418	7.90388	421	182
160419	6.43534	422	163
160420	6.175	34	6
160432	6.69226	354	126
160434	5.85144	300	73
160436	7.17809	110	44
160470	6.35	40	21
160477	7.38691	17209	2968
160488	5.70714	56	19
160494	6.87638	47	30
160495	7.57562	2992	657
160499	6.93809	14947	2333
160517	6.14752	113	34
16052	5.11212	99	59
160524	8.14785	79	34
160537	5.54375	32	17
160541	3.92492	65	23
160545	6.31667	36	17
160550	5.80538	93	30
160559	6.69322	909	258
160560	6.49383	81	26
160561	6.50976	826	231
160567	6.40878	555	116
160592	6.58712	73	33
160601	6.4962	79	21
160606	7.49862	152	110
160608	5.77381	252	78
160610	7.55218	1788	504
160614	5.98843	106	23
160658	5.84487	39	24
160664	6.8767	71	25
16067	5.56936	124	54
1607	5.519	290	108
160744	6.71572	408	174
160762	6.248	100	25
160773	6.0641	78	32
160784	6.20112	632	233
1608	7.46392	2236	1023
160814	5.90396	475	87
16085	7.86667	36	13
160853	6.42945	297	102
160868	6.36053	38	23
160871	6.51746	39	26
16088	5.40408	49	32
160902	7.24443	1465	359
160903	8.03854	377	146
160908	7.27788	165	48
160950	8.23158	38	24
160958	7.0228	914	198
160964	6.29644	1782	373
160968	6.57364	1054	347
1610	4.46552	29	18
16105	8.17121	66	31
161063	6.46484	62	30
1611	5.57147	68	54
16110	6.23912	114	26
161108	7.68491	275	109
161109	6.30365	115	37
16112	4.32964	56	15
161126	7.22727	44	13
161138	6.12257	405	81
161148	6.19984	62	30
161206	5.47886	35	2
161226	6.71403	1540	352
161290	6.55551	127	65
161297	7.05112	389	135
1613	5.43513	1042	353
16130	5.18903	31	11
161383	6.2081	373	147
16141	5.41696	171	68
161417	6.89985	13665	2308
16142	6.12553	188	90
161429	5.94091	88	45
16144	5.80342	572	310
16145	5.35484	31	13
16149	6.23691	152	39
161527	7.26246	376	100
161528	6.48971	34	4
16153	5.42528	229	92
161530	6.80262	538	93
161533	8.20115	7906	1557
161537	6.18922	325	85
161543	7.20244	41	25
161546	6.70533	987	202
161547	6.70528	995	160
161553	5.28562	64	14
161578	6.19086	683	236
16158	4.8	42	15
1616	5.94631	65	47
16160	5.33046	87	33
161600	7.13673	49	12
161614	7.52504	6018	1209
16162	6.51712	409	292
161620	7.31292	140	24
161681	6.82442	387	119
161682	7.60909	44	38
16169	7.35789	38	25
1617	5.44746	59	42
161719	6.54583	184	67
161720	5.18286	35	13
161726	7.725	40	17
161743	5.48295	44	21
161757	6.30509	525	146
161761	6.25222	508	101
161765	8.382	35	23
16177	6.5879	186	72
161773	5.98085	94	29
161782	6.97647	170	59
1618	7.34722	72	43
161813	7.33533	75	39
161820	7.5662	71	34
16184	5.54994	212	92
161849	6.11079	164	95
161866	7.54883	2551	409
161869	5.72196	46	16
161880	7.70783	263	85
161881	6.33281	32	6
161882	7.33427	2345	537
161885	6.74068	59	35
161886	6.69213	89	41
161887	5.67959	98	29
1619	5.69111	45	23
16191	5.59465	215	32
161913	6.59867	75	28
161921	6.90575	113	49
161923	6.51702	109	42
161926	6.36051	602	215
161928	5.47725	245	61
161936	8.5935	45064	6805
161943	6.55418	483	152
16196	6.68288	132	106
161965	6.30592	454	159
161966	6.50759	137	47
16197	8.19508	61	31
161970	7.66852	19572	3014
161995	6.4094	234	66
162	6.53075	2572	1179
1620	6.60487	113	53
162007	7.20612	6122	1288
162009	8.23228	582	280
162012	6.64413	71	13
162022	7.09143	35	14
162038	6.57364	55	22
162041	6.35979	474	132
162070	6.25333	38	8
162071	5.63877	138	42
162082	7.30781	7804	1521
162093	5.19881	523	246
1621	7.03197	1046	442
162107	6.30583	851	192
162114	6.56454	262	66
162120	5.91071	56	13
162141	6.866	50	23
162152	6.13159	528	129
16216	6.48482	2190	743
162191	6.17493	130	37
1622	5.77231	121	66
162223	5.73861	79	16
16226	5.35326	325	128
162263	6.36869	1027	287
162286	7.37745	3554	669
162288	6.04955	66	34
162292	6.39775	203	105
162295	6.44056	36	8
1623	6.64815	54	34
162315	7.00449	245	78
16232	4.66379	116	48
162351	7.25447	329	129
162367	6.00589	295	93
162378	6.27218	450	110
162383	6.95699	93	53
162384	7.16482	114	59
162388	7.90904	729	167
162391	6.68515	101	20
1624	5.44	30	17
162476	6.94401	142	15
162480	6.7	132	51
1625	5.24861	72	26
16253	5.57344	64	22
162559	6.59199	1426	296
162571	5.31905	42	30
162578	6.28955	67	25
162580	5.99889	463	100
162591	6.09015	445	110
1626	5.05802	81	49
162614	6.06844	128	50
16262	4.83437	32	8
162654	5.74532	139	48
162660	5.70791	265	63
16267	6.64366	3277	891
162677	7.30563	71	28
162680	6.74054	37	29
1627	5.83278	270	115
16271	6.54817	82	75
16272	6.65429	35	39
162727	6.17449	49	18
16273	5.8075	40	41
162738	6.3196	199	47
162777	6.58872	78	28
1628	5.7293	270	160
162823	6.80783	1669	386
162865	7.22892	251	94
162886	8.36078	32239	5252
1629	5.34888	312	221
162915	4.77105	38	8
162974	6.80568	37	26
163	6.45944	5646	1581
163027	6.38674	513	169
163031	6.15967	90	50
163040	6.38661	112	21
163047	7.18177	164	49
163048	7.90513	78	17
163056	6.81323	432	159
163062	6.7551	49	37
163068	7.93607	7728	1481
163081	6.47727	486	152
163097	8.48364	162	99
163099	6.19194	93	46
1631	6.55586	517	354
163119	5.7673	159	62
16314	5.72791	43	14
163144	5.78133	75	25
163154	7.88707	1515	489
163163	7.23611	409	142
163166	7.35178	5206	893
163170	5.45986	614	213
163172	8.26011	188	77
163175	6.9876	242	103
163186	6.23333	83	28
1632	6.08013	79	57
16320	6.25675	634	257
16323	7.03194	36	6
163242	5.79439	104	39
16325	7.47917	48	35
163255	7.37843	51	43
163263	5.39605	38	26
163277	6.06155	483	98
1633	6.41038	315	148
163310	7.21564	142	106
163319	7.71633	49	48
16332	6.81778	45	25
163354	5.9277	664	209
163370	7.1603	1473	275
163377	6.25962	530	160
163399	8.37094	117	33
1634	7.47683	2419	670
163412	7.63916	52225	6844
163413	7.20076	2043	480
163432	6.955	160	60
163474	7.76276	1362	439
163478	5.81771	96	27
163481	6.19504	111	33
163482	6.45393	107	39
1635	6.84467	98	71
16355	5.68916	155	59
163565	6.19489	86	19
163576	5.54975	353	91
1636	5.39299	157	75
163601	6.51074	96	11
163602	7.03768	8236	1408
16362	6.11551	468	248
163640	6.38328	1581	506
163641	6.37075	697	239
163642	7.30766	2353	524
16366	6.51259	2519	916
16367	5.29091	55	17
16368	5.78333	30	8
163685	5.55678	220	97
163688	6.34836	55	49
16369	6.0515	167	67
1637	6.05789	57	34
163724	5.43077	39	21
16373	6.14544	638	304
163745	7.83823	4873	897
163771	7.19901	111	54
163798	7.43932	71	12
1638	4.83864	44	28
16380	4.44186	43	18
163805	7.09478	1764	461
163839	7.66679	3062	814
163841	7.82124	632	205
16387	4.18555	109	52
16389	6.22344	32	26
163908	7.50947	38	17
163920	6.24023	1546	272
163929	6.96986	367	111
163930	6.58324	1608	345
163931	6.57973	716	217
163937	6.44281	620	158
16395	6.83545	5296	1589
163957	6.05897	39	24
163963	6.32292	48	22
163967	7.36259	17116	3037
163968	7.22263	8906	1658
163976	6.57066	777	236
16398	2.29505	1419	491
163983	6.46311	122	40
164	5.42661	1225	535
1640	5.38947	57	26
164010	6.11732	41	20
164022	7.11364	44	31
164027	6.63798	208	70
164031	6.57344	372	85
164059	8.34839	31	9
164091	6.26267	60	11
1641	5.35545	85	48
164110	6.31092	248	66
164147	6.71707	151	82
16415	6.28766	111	44
164153	7.99836	21800	3287
164158	6.40682	568	183
164159	6.2573	586	206
164187	6.25806	31	34
164190	7.75667	30	18
164201	6.30854	41	5
164202	6.36375	40	13
164205	6.67918	195	53
164236	7.59057	135	53
164237	6.53857	419	139
164259	6.69764	127	38
164265	7.28329	2490	591
164279	7.39592	49	17
16428	3.35532	47	13
164284	6.34786	70	24
164300	6.24312	32	17
16432	6.75349	43	40
164338	7.27502	2210	566
164339	4.59542	48	44
16435	7.27848	79	36
164354	6.43282	422	99
164369	6.675	60	23
16439	6.20356	73	24
1644	6.47058	448	117
16440	5.43333	30	13
16443	6.30259	531	157
16444	6.16298	420	235
164446	7.5573	89	38
164448	6.24931	331	129
164449	5.165	66	23
1645	7.02222	653	329
16450	7.53	30	17
164506	6.79829	544	177
164542	5.29491	55	15
16455	7.70946	37	19
16456	7.40556	45	23
164566	6.24981	81	25
16457	7.57353	34	15
164589	5.96607	329	103
164590	6.49792	144	47
164600	6.74043	47	24
16461	4.30574	68	25
164627	6.63486	162	60
164645	5.99922	64	22
164655	7.67895	133	89
16466	8.05102	49	44
164670	5.91458	96	25
164686	6.96333	60	24
164698	6.94693	631	184
1647	4.22906	106	44
164702	8.03463	376	127
16471	6.65833	36	34
16474	5.89048	42	17
164760	6.9036	136	62
164775	6.05372	303	105
164778	6.03797	79	31
1648	4.64815	54	29
164808	6.7634	53	7
164812	6.61479	1989	390
164829	6.33171	41	19
164838	5.8337	46	18
164840	6.31957	1202	188
164865	6.5815	925	297
164874	6.91537	294	146
1649	6.2119	84	32
164917	6.54383	148	31
164928	8.07449	24610	3691
164930	5.90794	126	36
164949	7.64879	1843	497
16496	6.76077	4533	1432
16497	6.29635	1034	464
16498	5.37442	641	246
16499	5.5478	1011	452
165	6.37867	856	381
1650	6.17917	72	32
16500	5.55177	367	147
165004	7.63518	296	87
165022	6.9876	96	30
165041	6.10242	124	40
165044	6.71975	81	31
165046	6.62636	129	20
165090	6.40093	108	33
165095	6.14166	66	30
1651	6.36204	93	25
165186	6.82102	432	216
165189	4.84884	43	13
165208	5.74314	51	10
165283	5.16571	111	29
165292	7.59455	220	92
165294	4.3871	31	17
1653	5.15802	81	36
16530	4.0225	40	16
165302	4.81356	118	75
165346	7.42767	262	107
165347	7.47766	222	92
16538	7.04795	122	65
1654	5.57123	106	45
165401	7.83226	2161	580
165404	6.50732	281	116
165414	5.27167	60	11
165417	6.19565	46	24
165447	5.89489	78	29
165470	5.20968	31	10
165471	6.39574	47	16
165477	6.37556	583	182
165521	6.72045	132	44
165522	6.76722	180	59
165523	6.56754	114	40
165551	5.50784	98	27
165552	5.65616	125	39
165557	5.39744	39	4
165559	5.40179	56	18
165563	6.2102	456	112
165578	5.22317	41	11
165584	5.69783	46	12
165585	6.25143	35	10
165586	6.04058	278	64
165587	5.89342	76	21
165595	7.33217	302	94
1656	5.06364	77	36
165600	4.46933	65	23
16562	4.32609	46	12
165627	6.92424	33	11
165628	6.70685	222	30
165633	6.37441	141	51
165640	6.82432	37	19
165651	5.73056	36	3
165657	5.81002	670	222
165662	6.65292	1064	242
165694	9.21622	37	15
1657	5.51141	92	45
165711	5.66667	45	8
165719	6.95947	95	28
165722	7.63894	6837	969
165737	6.02764	89	47
165743	5.71667	30	9
165748	8.00589	161	72
165796	5.55664	143	41
165797	5.95161	124	30
165812	6.65155	97	46
165828	5.90176	34	12
165838	7.96798	1650	413
165872	7.81962	1334	434
165876	6.68759	612	201
165877	6.54033	518	150
165888	6.47794	34	15
165889	5.93021	96	39
165926	6.1175	40	13
165946	7.20833	30	35
165950	6.82094	3480	636
165959	6.27371	353	87
165967	8.35973	335	118
165984	6.85103	97	14
165999	5.86486	37	13
166	5.74632	136	67
1660	3.93864	44	30
166019	6.1374	127	56
166026	5.63974	192	57
166071	6.41429	35	10
16608	6.94737	38	34
166081	5.05266	348	86
166107	6.35325	639	200
166109	6.09101	473	153
166156	5.68	40	8
166158	6.59609	1305	227
16617	6.8	39	34
166183	6.1434	53	25
1662	7.3542	1288	740
16620	5.00349	86	38
166210	6.36203	133	56
166215	6.52059	34	16
166226	7.15707	2188	509
166246	6.23396	53	18
166248	5.92538	65	28
166260	6.40324	67	32
166276	6.44615	143	44
166280	6.58033	238	69
166286	6.77429	2140	621
166298	6.29508	199	84
1663	5.88215	302	89
166300	8.65405	37	31
166317	7.64345	781	157
16632	5.52727	55	23
166333	6.28485	33	8
166341	7.41845	60	25
166371	5.67439	38	16
166372	6.0301	876	226
166384	6.85207	19193	3114
166390	5.66406	32	11
166418	6.84479	217	98
166436	6.40184	206	54
166443	5.98846	52	14
16649	5.57174	46	25
1665	5.78	35	27
166509	5.33654	52	18
166510	6.06563	32	8
166521	6.78667	30	13
166532	5.63594	309	107
166537	5.08889	45	25
166556	5.9127	63	14
166567	5.32526	38	11
166569	6.60059	256	78
166571	7.41637	1382	377
1666	7.52657	426	219
166633	5.6894	544	125
166640	5.91102	311	113
166648	6.4	52	18
166650	6.16573	230	75
166658	4.58794	170	54
166661	5.25132	76	36
166669	7.49101	6335	1138
166710	5.98474	95	46
166726	6.85132	151	20
16673	7.08824	34	9
16674	7.00077	65	43
166764	5.98593	45	8
166767	6.58333	66	42
166776	7.80398	252	76
1668	6.47411	440	169
166854	7.5485	329	102
166857	7.48277	1373	354
166858	6.7298	100	51
166859	7.47977	173	78
166888	6.18546	141	38
1669	6.57198	464	239
166927	5.97647	34	9
166929	5.56175	61	26
16693	6.06989	495	124
166931	6.07342	111	32
166972	5.66575	73	20
166976	6.78553	217	105
166977	7.19722	36	22
166988	6.67441	300	95
16699	5.55	40	14
166991	7.49692	39	27
167	6.22516	159	51
167185	6.4125	64	14
16719	6.49197	66	13
167190	6.30212	77	31
1672	5.58169	142	92
16723	4.80714	56	25
167237	6.58317	189	56
167238	6.50179	56	22
16727	5.72853	74	36
167270	7.21991	1851	438
167283	6.56569	144	50
167292	6.07857	727	145
167298	6.62763	763	205
1673	4.64103	78	37
167349	7.96129	31	2
167355	8.38755	17710	3030
1674	6.25528	791	318
167400	7.29496	5415	1174
167404	6.79042	96	19
16741	6.4375	36	25
16746	5.51757	37	11
167463	6.02377	61	13
167465	5.0125	44	17
167466	5.80568	44	10
167468	5.77333	60	11
16747	7.19688	4070	1080
167505	4.70319	47	18
167513	7.08478	2460	488
167552	7.23	48	21
167580	8.23556	45	21
167589	5.23367	49	6
167590	3.35745	47	24
16760	5.895	40	40
167604	7.04913	92	27
167650	7.42629	116	68
167669	5.3923	115	23
167698	6.23477	3021	847
167715	4.89018	163	44
167718	6.16216	37	7
16772	6.6327	2944	907
167723	5.84921	63	37
167763	7.22345	855	150
167764	6.75694	36	18
167787	6.91667	45	7
167791	8.41702	74269	10818
1678	6.73138	457	222
167827	5.39024	41	12
167828	6.92735	249	74
167850	5.06811	37	11
167892	5.69647	115	36
1679	7.39288	404	246
16792	7.08026	76	44
16793	7.06607	56	37
167975	7.70868	76	17
168	6.9513	2898	1009
1680	5.9369	84	28
168005	5.09808	52	18
16802	5.79358	53	20
16804	7.0343	295	139
16805	7.41293	168	89
168054	6.75905	1442	386
168055	6.0675	40	10
16807	4.77166	175	91
168077	7.0	35	11
168082	7.4718	39	11
16809	5.18788	33	24
1681	7.16111	342	202
168141	4.37097	31	33
168168	4.88333	30	21
168174	5.84472	41	14
1682	5.78806	67	28
168204	5.61181	72	30
168215	6.05705	1621	275
168220	6.10737	38	9
168226	6.47361	36	5
168230	8.20508	244	149
168232	6.58688	245	137
168236	5.38194	36	15
168250	7.13616	73	35
16826	6.21935	31	27
168265	6.52	87	38
168274	6.67633	1694	531
168278	5.48344	61	35
16829	7.11246	37	29
168390	5.30294	34	22
1684	4.29231	65	41
168429	7.16061	33	8
168433	6.83215	996	294
168435	7.01521	10012	2056
168436	6.08085	47	13
168446	5.80257	96	29
168457	6.0879	62	24
168512	6.22685	213	62
168535	6.3	30	13
168537	7.47565	320	197
168544	5.88565	191	58
168549	6.44838	148	43
168582	6.59282	202	35
168584	7.27128	5231	915
1686	5.57276	145	69
16860	5.07935	92	43
168609	6.78151	3103	773
168653	6.99942	69	47
168654	5.82659	88	22
168662	7.64625	80	48
168679	6.32301	3787	882
168681	6.8698	2007	567
168687	4.26562	32	12
1687	5.90595	210	72
168700	6.32152	399	113
168728	5.94124	97	28
16873	5.40409	104	52
16874	7.32533	30	18
16875	6.65526	38	22
168752	6.30573	157	33
168770	6.42542	679	204
168788	6.94393	1782	439
168792	6.88778	117	49
1688	6.31579	38	14
168834	6.49216	51	17
168839	6.57905	772	235
168840	5.01778	81	33
168882	6.01857	303	87
168895	5.68581	115	66
168900	6.27969	48	18
168917	7.26173	3340	469
168998	7.24765	1340	266
169	6.49893	1614	605
1690	6.0756	1749	545
169045	5.28706	85	30
169062	6.02036	361	68
1691	5.89175	177	90
169102	6.52507	142	54
169124	6.91666	8211	1628
16914	5.94479	48	28
169141	8.19304	346	176
169146	6.73746	237	58
169147	6.81762	1355	353
1692	5.18273	513	200
169215	6.62286	493	187
169246	6.68062	81	35
169255	7.55245	4451	839
169256	5.36141	92	29
169274	7.36164	523	167
169275	7.08126	304	91
1693	6.52133	473	194
169318	7.04344	1501	369
169320	6.74167	30	15
169328	5.80606	33	11
16933	5.87061	2712	544
169341	6.7298	481	162
169366	8.01636	107	59
169368	6.94033	90	38
169375	6.48471	184	69
169393	5.87607	67	26
1694	6.37461	193	112
169416	7.47186	1075	268
169426	7.50987	15640	2477
169427	8.84095	1583	556
169436	6.12949	195	30
169459	5.59014	148	41
169462	5.71364	55	19
169463	5.2902	51	19
169464	7.49356	643	257
169465	6.20513	39	6
169475	7.14788	264	84
1695	6.24496	421	245
169502	5.27802	91	43
169513	6.39243	144	46
169530	6.43453	369	140
169544	6.67445	229	59
169550	6.63615	55	23
169555	6.56526	95	26
169558	5.42815	215	45
16957	8.23529	34	25
169574	5.92563	59	19
169611	7.10711	1715	354
169649	6.34895	952	222
169652	6.725	32	20
169654	6.96369	12199	2245
169658	7.0535	143	62
169675	6.10418	268	46
169697	7.28038	240	79
1697	5.89838	204	145
16970	6.22286	35	11
169704	6.82653	1050	285
169713	6.11905	42	11
169714	5.63333	30	8
16972	7.38679	53	28
169720	7.40541	37	32
16973	3.96875	32	10
169743	5.87528	282	85
16975	5.62667	30	17
169755	5.47829	78	22
169768	6.48392	63	16
169782	5.32812	32	11
169786	8.21868	64611	9852
169794	7.25508	1787	442
169795	6.15362	196	88
1698	5.77827	235	102
16985	4.8678	118	35
16986	6.70296	8256	1644
16987	4.95943	53	20
1699	6.42311	106	107
16991	6.51386	2701	909
169918	6.75694	36	20
16992	6.6708	24647	4986
169925	6.70786	70	17
169926	7.89286	42	14
169984	5.59829	105	37
169986	7.56124	89	63
169987	4.72319	69	51
169988	5.36675	39	17
17	6.37179	803	408
170	6.08105	4063	1304
1700	5.91475	61	56
17003	3.43518	226	122
170041	6.262	402	73
170042	7.77011	18327	2798
170043	6.71887	71	23
17005	5.43182	44	14
170054	5.07451	51	14
17008	4.13108	74	45
1701	5.66343	373	126
170146	6.22151	517	154
170190	5.0383	47	23
170195	7.41088	70	20
170199	7.19636	533	175
1702	6.31036	388	138
170202	6.24819	464	171
17021	5.67556	36	17
170216	7.99259	37572	5669
17022	6.85	98	62
170223	6.60653	320	152
170225	6.96263	266	102
17025	6.4493	3859	1305
17026	5.09647	173	95
17027	6.13339	1797	440
170274	4.98085	164	46
170298	8.02439	41	25
1703	5.18404	94	35
17030	6.81321	187	28
170300	6.47236	394	148
170318	7.1956	474	178
170337	6.08111	90	9
170344	6.1627	237	33
170381	5.71174	321	106
170395	5.38562	169	79
17041	8.24103	39	23
170415	6.02594	470	133
170416	7.15317	6177	1462
170423	6.2408	50	11
170430	5.92266	293	108
170431	6.04716	231	65
170437	6.21235	253	64
170447	6.56514	35	11
170472	8.13538	65	28
170477	7.21126	151	59
1705	6.32261	991	446
170511	5.62195	41	32
17053	6.47746	3557	1074
170537	6.55418	275	80
17054	6.33535	99	39
170555	6.3042	53	15
170561	7.45368	4512	976
170568	7.07242	62	22
170583	6.72439	41	21
170587	6.87275	1339	297
1706	5.03194	144	76
170604	7.7653	1123	406
170608	7.75152	33	9
170609	5.87179	39	17
17062	4.46465	99	69
170624	7.54201	3033	703
170669	8.18814	215	107
170676	6.38556	36	3
1707	4.83897	71	42
17071	5.0	47	26
17073	7.05833	54	31
17075	5.88588	347	134
170756	6.82758	132	55
170771	7.98998	4094	1020
170799	6.68344	183	76
1708	6.44448	601	264
170825	6.5345	200	77
170867	6.4379	62	39
1709	6.42096	229	121
170901	6.88555	411	127
170909	7.6871	124	19
170922	6.37665	173	56
170927	4.9061	35	7
170951	6.37912	230	77
170954	4.11831	59	17
170969	6.49876	206	56
170980	6.95385	39	3
170984	6.64952	63	10
171	7.15428	30820	6840
1710	7.10205	569	279
171011	6.79168	2750	666
171037	6.248	439	97
17104	6.39163	1240	339
17106	4.71164	220	111
171087	5.72987	75	27
171090	4.03692	65	22
1711	6.05305	858	451
171110	7.11201	425	164
171124	7.16063	63	31
171126	6.02321	56	15
171129	6.47955	1419	341
171131	7.55405	17428	2946
171136	6.38646	436	105
17119	5.7685	207	123
1712	6.11915	94	48
171211	5.40323	31	16
171221	5.91486	35	11
171226	6.72577	662	200
171233	6.94042	6051	1194
171234	6.53423	150	60
17125	6.33286	149	88
171258	6.66667	39	18
171261	6.55803	524	200
171273	7.0376	7591	1447
171278	8.07877	146	75
1713	6.15597	454	206
17132	6.2327	111	69
17133	7.68655	11352	3266
171339	6.16713	520	148
171351	6.966	100	41
171356	7.02318	343	125
17136	5.57358	637	306
171369	4.58	35	10
171385	5.48333	36	11
1714	5.21921	89	63
171411	4.73684	38	5
171419	6.60968	193	69
171424	5.28229	172	33
171430	5.98	35	46
171431	6.40427	233	135
171447	5.39036	166	38
17146	6.73256	43	26
171479	7.28241	821	278
171489	5.96399	281	65
171492	6.49766	623	156
171494	6.31538	39	10
171499	7.09414	9161	1495
1715	5.53696	46	32
171500	8.736	30	13
171540	5.53421	38	10
171541	6.29657	451	92
171542	5.8485	381	84
171543	6.02016	62	14
171544	6.93878	229	73
171547	5.41094	96	26
171548	5.94015	131	33
17157	6.05208	72	37
171579	6.82075	53	18
17158	5.67564	78	33
17159	4.60857	35	17
1716	6.03304	227	126
17161	6.47826	2552	1043
17162	6.46252	443	143
171620	5.98656	274	80
171623	7.83957	21799	3172
171626	5.31438	72	11
171630	6.52483	985	203
17166	5.56631	388	217
171662	7.32656	1545	597
171663	5.69109	179	66
171665	5.8567	93	30
171668	7.17571	13055	2462
171669	7.06124	4597	948
171672	6.14107	1121	220
1717	6.72373	672	347
171708	6.75905	105	65
171721	7.0358	81	50
171726	7.63964	1052	339
171742	7.6463	54	29
171775	6.25795	151	63
171779	6.52308	117	37
1718	4.28267	75	54
17181	5.7439	41	12
17183	6.56471	34	12
171835	6.5142	1234	451
171862	6.30325	55	34
171879	7.25907	2316	597
171889	6.04915	59	15
171890	6.56285	1803	509
1719	5.74426	183	109
17195	5.99737	38	25
171950	6.32008	133	29
171964	7.50429	437	157
171978	5.98807	207	55
172	7.22751	25692	6121
1720	6.949	449	224
172006	7.11827	104	66
172007	5.48111	363	77
172008	6.86359	314	71
172012	7.1198	49	15
172032	5.15488	468	225
172033	6.30408	184	51
172035	5.57348	115	39
17204	6.27339	216	138
172047	7.36746	3563	846
172062	6.49801	625	137
172063	5.47333	30	8
172064	5.62621	103	26
172073	6.31216	487	94
17208	6.46765	68	45
172081	7.51093	9173	1849
17209	5.71148	331	156
1721	6.14403	134	82
17211	4.67719	89	43
172118	6.58333	36	20
172155	7.33389	656	146
172158	6.32922	251	92
172159	6.55755	53	37
172164	6.69121	165	48
172166	6.34	130	30
172168	5.90758	66	14
1722	6.23352	267	139
172206	6.52823	211	71
172207	6.50409	367	98
172220	7.40239	1814	389
172225	6.04318	24803	4034
17223	6.68006	5504	1486
172235	5.7026	497	119
172237	4.97455	110	41
172242	6.22636	8436	1351
172257	4.98571	35	8
17226	7.29592	11450	2942
172278	6.39059	85	27
172287	7.76208	14636	2640
1723	5.35316	171	110
172307	4.89041	253	40
172308	7.1814	8733	1670
172309	6.49152	244	64
172310	5.39802	202	44
172312	6.00066	91	19
172325	6.41811	88	52
17235	6.12749	171	86
172358	6.26712	360	95
172362	6.48347	392	132
172381	6.95061	2599	542
172382	6.98221	86	28
172385	7.18763	2095	511
172386	7.87419	11643	1775
17239	7.7695	40	23
17240	6.48289	3043	865
172410	5.4986	107	36
172414	7.22368	38	29
17245	4.83833	90	44
172465	6.58932	103	23
172480	5.51667	198	40
172484	7.2	95	16
172493	7.6775	40	32
1725	4.46774	62	24
17250	4.71262	206	48
172503	7.19693	1197	353
172506	5.1627	63	24
172507	6.4202	533	159
172509	6.01	70	18
172510	5.64851	47	9
172517	6.0449	49	4
172540	7.02901	914	272
172542	6.13597	407	124
172543	6.05527	158	61
172546	6.49982	1581	407
172547	6.86922	1286	333
172550	6.53019	53	16
172552	6.60695	1848	427
172555	5.93636	44	9
172557	5.69391	313	120
172558	6.31	30	36
172559	5.71242	149	37
172560	6.40355	455	136
172563	6.9	98	46
172580	5.54364	55	26
172584	6.73152	557	156
172596	5.98876	375	96
172597	6.3768	97	35
172598	5.80483	187	62
172599	6.29847	98	40
1726	6.22738	409	231
172600	5.88427	538	171
172613	6.5799	461	129
172642	6.28917	36	9
172662	6.17372	550	139
17267	6.85484	31	17
1727	5.72667	120	83
172707	5.17297	37	11
172729	4.22992	51	19
172737	8.2377	663	309
17274	6.11028	282	151
172818	7.40154	13911	2696
172837	5.86902	208	82
17284	5.56424	89	49
172844	6.75161	31	15
17285	5.77557	88	60
172866	6.03033	330	153
172875	6.44935	62	14
172881	6.88124	810	165
172885	6.76458	48	18
172896	6.97769	293	94
1729	5.6344	84	53
172931	7.18997	2932	835
172932	5.98021	127	53
172933	6.63512	3532	889
172940	5.79833	36	9
172965	7.32429	347	115
172969	7.2006	262	80
172971	6.66366	1264	281
17298	6.20946	37	23
172980	6.19375	32	9
172994	7.0926	341	84
172996	7.13912	1629	408
1730	4.85976	335	108
173003	6.04739	157	50
173005	5.70891	101	56
173018	6.27622	912	362
173047	6.68417	1105	248
173057	5.972	50	6
173064	7.77415	2548	747
173074	5.86557	385	106
173075	5.19286	275	69
173090	6.70789	9354	1655
173093	6.22468	79	38
173096	7.11696	793	177
1731	4.78776	98	29
173100	5.5681	84	16
173101	7.183	2584	550
173105	7.77085	721	297
173115	6.7667	614	163
173121	6.86111	36	4
17313	5.85385	52	36
173156	7.05001	1380	299
173200	6.63791	2022	312
17323	4.71705	44	19
173240	6.42778	45	7
173253	5.97287	82	19
173269	7.32951	61	11
173275	6.45168	1197	371
17329	6.81019	7548	2229
173291	6.04396	265	51
173292	5.9668	50	15
173294	7.27494	488	109
173302	6.1803	66	31
173319	6.8049	667	154
173336	6.06596	136	26
173337	6.65422	147	36
173341	6.32834	1764	433
173344	5.75658	76	29
173346	8.1083	69528	9525
173372	6.4	47	10
173374	7.68425	40	45
173408	6.28421	57	7
173441	6.80795	726	215
173442	7.87274	2016	481
173452	6.6108	162	44
173460	6.46229	406	139
173462	7.15866	65	29
17348	5.64516	31	18
173486	6.79617	284	141
1735	5.77656	64	53
173504	8.67461	193	93
173514	9.31111	45	17
17352	6.2375	48	22
173536	7.56552	534	141
173574	7.18346	159	61
173634	7.6233	702	128
173637	5.6645	157	25
173648	6.71829	129	43
173649	6.60332	392	154
173666	6.44124	121	70
173669	6.81818	33	13
173673	6.14151	53	11
173752	6.2246	63	10
173755	6.7449	49	53
173759	6.94688	224	60
173761	7.09249	1232	244
173770	5.89955	156	67
173776	7.74242	66	41
173784	6.05308	227	74
1738	6.12709	229	113
173800	5.70592	223	78
173804	6.58643	345	136
173805	7.2481	615	221
17382	6.40112	224	124
173875	5.73905	244	59
173899	4.25333	75	44
17392	7.91156	3659	1308
17393	7.4136	682	325
173931	5.79423	52	44
17394	7.67689	347	203
17395	7.04938	144	90
17396	7.29669	2368	891
17397	6.9035	143	75
174	5.50672	268	115
174013	6.44206	126	45
174046	7.87353	34	6
174049	6.16939	98	37
17405	7.95172	2359	710
174057	6.0959	39	8
174064	7.47155	174	65
174065	5.37957	141	19
174078	6.82624	2351	455
174093	6.55036	304	99
174128	6.28943	70	20
174146	5.51316	38	11
174155	7.23653	581	149
174182	6.94317	249	72
174192	6.45123	321	97
17420	5.60938	32	13
174218	6.46154	39	19
174219	7.2058	166	32
174231	6.83037	135	39
174243	6.65854	144	87
174252	6.49	95	33
174260	6.55919	258	72
174298	8.48421	114	67
17430	6.81564	55	55
1744	5.82747	213	96
174400	8.66671	85	29
174402	8.07261	178	70
174404	5.81842	57	11
174430	8.74356	47853	8569
174431	7.13687	99	72
174468	5.11429	35	13
174476	6.24979	1273	283
17448	5.92571	175	102
17449	6.35032	2282	1052
174491	7.08974	39	22
17450	6.03082	305	87
17451	4.52227	219	135
174517	7.02716	81	15
174518	7.28671	216	31
174524	7.12969	842	231
174529	6.6498	34	12
174552	6.93779	86	29
174556	8.23746	59	18
17457	4.69552	67	27
174570	7.4555	2522	488
174584	6.49835	182	82
174611	6.41031	445	151
174614	6.66739	1059	353
174618	6.29091	77	17
17464	6.48571	56	42
174646	6.515	116	53
17465	6.17954	513	292
174660	6.82188	5733	1193
174688	7.00339	62	26
174696	6.18333	108	16
174744	6.80248	697	177
174785	7.55807	3673	864
1748	4.66648	764	331
174802	7.67041	245	98
174805	7.37796	384	150
17482	6.84052	58	21
174837	7.58377	1018	311
17484	7.32235	600	344
174893	6.45662	290	79
1749	4.66393	122	67
174925	4.30635	63	24
174926	6.93391	159	51
174927	5.23747	53	18
174943	6.85	40	9
174959	7.4082	61	39
174975	6.13813	109	41
174988	6.03441	102	22
174990	7.0759	152	77
174991	6.32157	153	64
175	6.46231	2132	762
1750	6.10769	39	17
175023	6.36264	279	107
175086	6.29154	52	18
175088	6.74291	296	111
175090	4.71742	99	31
175095	8.18627	1939	506
1751	4.45648	1151	352
175117	6.97108	9199	1535
175121	6.72788	156	40
175150	6.07617	94	13
175155	7.96903	8011	1525
17517	5.60754	350	144
175177	6.70523	153	71
175199	7.02624	3718	1104
1752	4.80333	30	17
17520	4.4439	41	29
175209	6.54094	160	57
17521	5.43665	284	100
175221	6.2023	86	28
175222	6.86991	427	105
175223	7.26613	1833	422
175224	5.76712	250	74
175230	7.461	50	34
175254	6.7279	449	229
17526	6.35925	386	180
175263	5.77716	102	34
175265	6.14535	86	33
175274	5.85864	81	13
17529	6.70042	53	40
175293	6.95469	2012	467
1753	5.81407	135	50
17530	6.62783	198	72
175307	7.2335	1680	362
175313	6.51795	39	8
175324	6.84816	6126	1427
175327	7.24387	58	41
17533	6.85444	248	123
175334	7.06077	338	102
17534	5.84213	636	169
17536	7.99453	128	57
175360	7.40312	620	226
17537	7.77279	61	46
17538	7.66167	60	45
175418	6.46667	42	13
175458	5.54912	352	101
175464	8.17803	66	36
175468	6.62111	54	32
175495	6.10261	855	177
175496	6.26865	126	41
175497	5.60269	119	42
175510	6.44143	224	117
175512	3.12631	176	72
175516	6.43761	117	68
175541	6.91176	159	55
175549	7.04661	1720	467
17557	5.73546	1427	232
175592	5.69829	373	135
175621	6.4546	4497	1294
175626	6.89871	147	80
175627	6.70946	74	27
175634	5.89651	218	64
175636	6.75323	235	102
175640	8.1726	4956	954
17568	3.885	40	29
175689	6.81044	45	29
175695	6.81876	836	303
1757	7.18246	114	63
175704	6.62317	41	5
175730	5.00232	56	32
175735	6.54231	39	11
175739	5.73158	215	50
175742	5.71763	146	48
175755	6.10593	791	183
17576	4.82432	37	16
175763	6.25582	366	82
17577	5.68474	135	39
175778	6.11928	73	19
17578	4.69815	81	54
17579	4.88387	31	17
1758	6.84384	1238	440
17580	5.2	40	20
175824	7.365	40	14
175845	7.71111	36	20
175846	5.39075	412	139
175848	5.53022	91	33
175855	5.6734	94	36
175861	4.9752	175	57
175864	6.28108	74	33
175867	5.92877	124	59
175868	5.75484	62	14
175878	6.26839	1568	638
175879	4.97843	51	17
17591	7.1525	40	33
175914	8.11562	15414	2719
175923	5.76471	34	17
175924	5.905	40	15
175961	6.2865	655	149
17597	4.13333	54	11
175973	8.5554	297	115
175989	6.47942	294	106
176	5.83837	2125	704
1760	6.37526	97	41
176011	5.55312	32	7
176013	6.19288	151	49
176070	7.29444	54	52
176071	6.15584	77	18
176083	6.76621	3770	796
176146	7.67522	295	151
17615	7.125	32	23
176165	7.20323	4394	896
176189	7.66769	13712	2150
176193	6.62631	103	38
176215	6.25628	232	65
176229	6.63372	6960	1369
17623	6.03807	176	29
176247	6.91388	170	66
176262	6.91343	509	176
176286	5.63483	126	61
176306	7.17465	71	38
176334	6.32063	944	276
17635	5.87419	31	14
176361	6.11459	1592	475
176371	7.32659	2402	507
176396	7.26732	11720	1846
176400	6.84722	36	17
176433	5.944	110	39
176435	6.72122	304	98
17644	6.58409	44	23
176458	6.16484	157	54
176466	7.20109	46	25
176478	7.55132	38	27
17649	6.97872	47	26
176494	7.42032	21986	3334
176502	5.68354	161	55
17651	7.67786	309	153
176523	7.1063	34	21
176524	7.7614	582	165
176530	7.24256	856	246
17654	7.44953	106	43
176544	7.31904	2278	511
176557	6.44891	46	19
176558	6.55333	3814	715
176560	7.66129	31	7
176564	6.54326	236	66
176565	6.71681	1131	266
176589	6.17694	407	107
176596	8.4157	153	66
176606	6.14751	1058	328
176631	6.98382	68	39
176634	6.37708	48	9
176651	6.05701	95	47
176663	5.61564	39	21
176678	6.94706	85	25
176734	7.77833	5178	1000
1768	6.4571	1591	575
176803	6.67431	1015	281
176816	6.09757	358	83
176817	6.70582	352	128
176826	7.46108	37	10
17684	7.22333	30	27
176850	7.48164	67	38
176859	5.88545	55	9
17687	4.99734	113	38
176872	5.5922	91	35
176884	7.06452	31	11
176887	5.82578	116	49
176898	5.69661	59	28
17691	6.68795	73	28
176914	6.68175	230	76
176916	6.75738	56	28
176918	4.9058	54	14
176920	7.4379	9590	1563
17693	5.67455	55	31
176936	7.49091	55	16
176960	6.23426	162	58
176963	6.73738	202	51
17697	6.24695	82	42
176980	6.89476	270	125
17699	5.65455	33	11
1770	7.28287	734	328
17700	5.45321	109	40
177002	6.5022	41	17
177014	8.54739	134	74
177048	5.58883	103	35
17705	5.99739	284	141
177053	7.12333	78	33
177061	7.22	65	29
177062	7.17753	89	47
177079	6.67658	1198	180
17708	4.55591	93	53
177080	5.67392	79	59
17709	5.40014	765	226
177096	7.85236	180	97
177099	6.80024	98	45
1771	5.19916	203	101
17710	6.7296	2989	1097
177142	7.71702	47	39
177147	7.0349	611	162
177160	6.65402	122	48
177197	6.86384	896	222
1772	6.46256	156	94
177209	7.26923	52	11
177210	5.88037	434	127
177245	6.47282	103	47
177248	7.27559	149	81
177249	6.47276	1779	499
177289	5.63333	30	9
1773	6.00717	223	137
17735	6.0356	97	35
177354	8.1502	778	178
17738	5.59091	33	22
177411	5.7623	61	35
177437	5.56094	64	14
177477	6.62121	66	22
177478	7.72767	1523	410
17748	5.74909	55	33
177482	6.20932	191	84
177490	6.25468	564	199
177499	6.53379	505	127
1775	7.28788	33	19
177502	5.30716	74	15
177513	6.58305	128	61
177515	7.28252	375	110
177524	6.81673	9164	1600
177538	6.65891	174	50
17754	6.69737	38	18
177541	6.50271	229	93
177542	6.50263	175	49
17755	4.89512	41	30
177572	5.84641	39	12
177590	7.27538	4030	1039
177619	7.37778	99	57
177633	5.74359	39	8
177639	7.30509	8589	1481
177641	6.47466	73	28
17765	6.33839	56	36
177659	7.35815	671	227
177678	7.4228	2823	545
177680	5.56842	57	27
177697	6.66928	338	70
177698	5.90364	232	58
1777	5.62458	203	65
177702	6.19398	658	172
177725	6.73656	221	107
177727	6.64307	678	159
17773	5.55474	95	61
177736	8.20517	20093	3176
177750	5.66477	44	22
177751	4.71467	70	23
17779	7.07	40	21
177802	7.53981	1782	259
177807	5.35897	39	15
177815	6.44224	188	52
177823	8.02305	128	78
177843	6.12892	195	44
177844	6.07852	373	115
17785	5.22941	34	15
177857	6.54465	228	56
177861	8.08841	69	28
177868	6.44167	48	20
17787	6.44792	48	24
177875	6.76108	491	178
177877	7.1674	173	74
1779	4.52675	77	62
17792	5.825	34	22
177921	6.77266	143	45
177927	6.26405	134	59
177939	7.3574	624	128
177965	6.79494	1024	194
177976	6.40607	140	64
177977	6.925	64	22
177995	6.54528	53	18
178	6.00388	206	88
1780	6.50497	161	85
178007	6.5397	438	197
178028	5.78951	81	17
178030	7.25537	149	86
178038	5.89714	126	20
17804	6.80687	826	272
178044	7.16775	584	180
178051	5.88264	227	55
178053	6.00297	77	22
178054	6.92676	2440	550
17807	5.84529	138	50
178098	6.71957	69	34
178099	6.96791	163	28
1781	7.01897	58	36
178134	6.64899	934	276
178147	6.58118	602	96
178153	6.66897	239	84
178154	6.01152	125	28
17816	5.71301	734	216
178166	6.88783	140	25
178177	6.02187	48	9
17819	4.672	75	30
1782	6.72401	177	106
178209	6.47469	577	116
17821	8.77419	31	25
178210	6.32036	1215	232
178212	7.6705	177	70
178229	6.09459	37	10
178266	6.89	41	20
178285	6.40742	75	24
1783	6.41681	532	294
17830	5.8913	46	32
178302	6.95409	660	184
178335	6.15599	158	75
178336	7.19478	3463	800
178349	6.74244	119	52
17835	5.97857	2272	945
17836	6.33333	39	10
178361	6.17563	199	52
178397	5.91449	202	96
1784	6.88768	138	76
178442	7.40625	32	17
178450	6.2369	300	80
178487	6.13667	30	16
17849	5.58333	45	27
178494	7.21592	329	56
1785	5.69762	63	26
17851	6.27038	1005	505
178517	6.66389	36	22
17855	5.64376	770	309
178550	7.91525	387	183
178569	4.73935	34	14
17857	7.41584	243	97
178570	6.42432	2544	464
178572	7.35714	35	29
17859	6.29907	215	55
178591	7.28904	458	176
178595	6.81667	30	14
178613	6.51788	1483	377
17863	7.95	122	64
178655	7.56941	152	84
178688	6.55732	448	129
17869	5.44906	53	27
178754	7.9137	127	51
178835	6.88031	297	67
178839	6.5183	253	89
178892	6.95065	581	146
178896	8.72973	222	109
1789	6.58594	32	19
178900	7.59814	74456	9810
178930	5.79355	31	11
178933	5.95	48	12
178937	5.81355	62	18
178939	5.92125	194	56
178940	7.12358	399	129
178944	7.37102	843	248
17895	7.04957	115	69
178958	6.46972	159	53
178984	6.65909	44	25
179	6.30333	54	22
1790	5.61333	75	34
179020	6.90625	32	23
17909	6.28649	37	11
179172	7.3412	3950	940
17918	6.20625	32	16
179182	6.96	1019	182
1792	6.52885	104	73
179217	6.31059	281	49
17922	6.61698	265	37
179227	5.88167	60	25
179228	5.15312	48	29
17923	6.84782	380	63
17924	6.82627	118	16
179245	6.91542	845	187
17925	6.77524	105	15
179251	7.26638	116	55
179259	6.09763	562	171
17926	5.90096	41	16
179266	4.1995	40	13
179275	7.02758	9057	2075
179280	6.04031	524	103
1793	6.24545	44	20
179303	6.70789	3011	612
179304	6.40952	42	15
179322	7.38383	60	33
179350	6.70168	475	131
179385	6.4427	195	76
179386	6.15585	126	68
17939	6.97222	36	30
1794	6.61792	277	82
179433	5.93725	51	24
179448	8.04162	291	60
179460	7.48367	1539	392
179537	5.57733	75	15
179547	7.45866	119	27
179548	6.53733	106	37
179560	6.30851	87	11
179561	6.28182	33	9
179572	6.76184	4792	995
179574	5.63682	110	57
17958	5.99545	74	53
179581	7.71932	44	14
1796	7.09179	218	96
179600	6.07039	76	30
179606	6.28684	98	22
17962	5.66664	128	68
179627	6.52814	145	42
179628	4.92647	34	15
179629	5.56786	84	33
17965	4.6749	129	42
179661	7.43024	123	28
17967	6.75658	38	31
1797	4.84662	2709	760
17970	6.52072	1091	445
179701	5.26652	94	31
17971	7.53465	114	47
179718	4.94844	64	21
179719	6.71403	1505	263
179723	6.31905	144	34
179794	6.03706	247	75
179803	7.96813	2100	558
179804	7.14343	99	47
179813	6.07722	72	18
179820	7.0382	666	249
179835	6.47094	890	233
17988	6.57807	465	199
1799	6.8306	398	152
17991	7.18439	330	69
179912	6.77667	54	29
179918	6.0157	151	51
179929	6.25813	155	55
179930	5.76541	185	72
179933	7.06642	569	210
17994	6.99012	81	14
17995	6.64469	113	16
179956	5.73556	81	40
17997	6.72953	384	46
179975	5.58864	66	19
18	7.0765	22884	5498
180	5.72889	135	54
1800	6.65499	815	342
180006	6.12045	89	21
180020	6.75698	3996	470
180024	4.47583	54	7
180040	7.03632	2883	770
180050	7.34237	59	9
180066	5.45833	30	8
18011	5.92877	106	61
180133	6.07589	56	14
180147	6.13273	55	16
180157	5.90405	74	49
180179	6.28129	464	99
180193	6.81267	204	70
180198	6.36928	1631	362
180199	7.79179	894	283
1802	4.80278	36	18
180202	6.17414	87	42
180204	7.31833	120	56
180205	7.24561	189	72
180208	5.5939	123	36
180210	6.47581	31	6
180211	6.32967	180	79
18023	6.00308	65	56
180231	6.4704	1126	259
180238	5.73628	113	34
180241	6.71593	619	163
180256	7.06893	143	34
180257	5.97442	43	20
180263	8.04625	18806	4032
180292	5.42614	88	24
180295	6.51087	69	38
1803	7.24747	158	67
180311	5.66	35	5
180325	7.03061	577	154
180339	6.09211	38	17
180340	5.92949	39	13
180345	6.7928	144	30
180355	6.59731	93	31
180387	6.84788	99	65
180389	5.87687	32	13
1804	6.35301	133	53
18041	3.54536	124	75
18044	1.48125	48	35
180459	5.25782	183	35
180471	6.5458	204	73
180489	5.75769	121	44
18050	5.56889	45	18
180511	7.43374	3998	839
180543	7.77434	228	80
18056	6.72706	85	18
180564	6.72037	2225	482
180565	6.18857	35	8
18057	6.83971	204	31
180570	5.80735	68	27
18058	6.31025	163	28
180591	6.51617	622	187
180592	7.11432	1637	447
180593	7.00723	7000	1331
180598	6.30479	94	29
180599	6.5609	78	25
1806	6.09645	392	184
180602	6.36415	1767	306
180611	4.54682	148	77
18063	5.0	30	13
18064	5.49325	432	165
180644	6.89811	106	22
180650	6.19857	208	69
180654	4.57794	34	13
180680	7.27105	3006	680
180740	3.57812	32	13
180746	5.30667	45	10
180761	6.5417	635	184
180771	7.46001	1229	387
180785	5.95338	349	118
180809	7.36966	87	62
180816	6.51814	342	88
18083	6.39556	45	8
18084	6.50408	49	7
18085	6.83828	128	16
180850	7.16364	33	23
180852	6.66349	3825	1108
180853	7.07123	179	83
180867	5.8179	635	140
180899	7.1847	2502	527
180901	7.04475	912	261
180906	6.7219	137	41
180908	5.84082	98	51
180910	5.89574	94	24
180915	6.63667	36	12
180916	6.48125	32	17
180920	5.32414	215	90
180921	6.62716	268	35
180937	6.77005	197	40
180938	6.57904	125	31
180939	5.51968	155	30
180940	5.17273	33	8
180942	7.54829	175	41
180943	6.12505	124	32
180956	6.70341	1899	448
18097	4.92797	59	10
180974	7.14519	15285	2308
180975	5.54455	264	144
180977	6.79646	130	46
18098	7.98117	1728	777
181	5.5933	31723	7235
18100	6.98443	4374	1599
181005	6.27778	81	14
18103	7.16346	78	27
181031	7.07247	89	39
18104	4.31667	42	15
181080	5.54225	40	8
181083	6.68378	37	11
181089	5.83111	45	13
181120	6.57786	231	56
181122	6.97513	273	83
18115	7.43189	127	72
181153	5.209	50	17
181161	6.63931	547	128
18117	5.66667	120	34
181176	7.29675	344	115
181192	6.36971	238	67
181194	6.58694	36	7
1812	5.16889	45	26
18121	6.3006	288	118
181235	7.09474	142	39
181236	6.65257	365	108
181244	6.19194	141	49
181245	5.5316	100	22
181246	5.34898	49	12
181254	6.63702	625	130
181260	6.78262	1087	276
181263	5.32656	64	37
181265	6.96022	301	127
181267	7.84821	56	33
181268	6.71184	147	42
18127	5.76646	361	203
181279	7.49318	12479	2222
18128	5.72258	31	17
181290	6.6495	341	98
181293	6.63601	2470	636
181304	7.28358	35262	4952
181319	6.64371	167	60
181325	6.62031	288	54
181329	6.94198	638	158
181331	6.15337	219	49
181345	6.6091	3444	770
181370	7.0275	320	120
181376	5.70833	48	15
181377	7.03483	89	46
181382	6.61807	140	60
181385	6.55082	287	60
181390	5.66013	349	71
181393	6.87145	310	110
1814	5.98302	626	258
181404	6.24613	533	133
181440	6.38635	566	115
181464	6.61315	178	72
181466	5.74194	31	7
181471	4.89477	44	19
181476	6.29538	65	24
181492	5.3936	67	30
181494	6.3227	1023	300
181495	7.57643	607	189
1815	6.56276	98	59
181501	6.75903	523	197
181521	7.3476	5104	1035
181523	6.84251	590	174
181524	7.05457	2574	679
181530	7.48641	5360	989
181574	6.23656	93	35
1816	5.87962	157	50
181615	5.91429	91	23
181616	5.36289	121	35
181617	7.04152	743	135
18163	5.52027	37	23
18164	5.44844	64	21
181670	6.41231	65	24
181687	7.20656	4492	959
181694	6.61476	106	24
1817	4.83803	295	130
181761	6.58171	1371	322
181795	7.72703	37	21
181796	7.30118	2277	532
181797	6.96018	1141	377
181807	8.03333	135	49
181810	6.72335	5246	1082
181811	6.66653	531	184
181819	7.7561	1293	383
181866	6.93583	48	6
181867	6.53347	295	80
181889	7.42548	42	28
1819	4.96473	55	32
181906	6.49438	89	12
181928	6.34545	55	19
181955	6.10775	142	34
181956	6.23333	228	52
181959	6.16908	217	49
181960	6.80005	1391	278
18199	5.425	44	25
182	6.36491	690	356
1820	6.67895	38	25
182028	8.38379	25615	3798
182047	6.77419	186	113
182049	5.47054	102	31
18205	7.71795	39	16
182050	6.32337	199	71
182062	5.15891	55	21
182064	6.06905	230	98
182077	5.24021	331	71
182082	7.33003	680	176
182090	5.79674	137	38
182094	6.41289	1050	182
1821	7.96389	264	119
182101	6.32754	69	27
182116	6.10752	935	243
18212	6.49414	174	58
182120	6.55816	1067	248
182134	7.59249	6678	1423
182135	6.8	40	9
182136	6.29412	34	7
182168	5.82703	74	14
182172	6.37351	77	24
182178	7.73451	89	19
182189	6.76863	2816	619
182193	6.34667	30	13
182194	5.92167	275	88
182198	6.50553	76	10
182199	5.87097	31	9
1822	7.71027	1735	785
182214	6.33339	99	36
182218	5.94334	734	176
182225	6.17455	77	18
182228	6.05675	83	48
182238	5.50882	34	3
182252	4.2	35	45
182259	6.54563	103	16
182260	7.07912	352	205
182274	6.98828	64	19
182276	6.48164	55	15
182284	5.46508	63	17
1823	7.01448	232	103
182340	7.87684	1634	512
182351	6.49106	1671	450
182352	7.24456	283	106
182380	4.95139	36	6
182385	6.3153	217	89
1824	4.41177	708	359
182400	6.48684	38	17
182406	7.34677	31	38
182409	7.15319	47	41
182410	7.08333	36	29
18243	6.32305	866	458
18246	6.30902	122	88
18247	6.42023	44	26
18248	6.898	30	17
182487	5.91744	195	82
182499	7.53846	39	51
182510	7.4525	80	38
182540	6.1625	40	8
182541	6.61626	174	52
182544	8.45222	90	25
182556	5.78012	110	29
18256	6.92647	34	17
18258	6.90145	4148	1297
182581	6.66528	72	30
182593	6.68397	78	11
1826	5.07601	279	132
182605	5.97888	431	106
182619	6.58253	469	182
18262	5.60545	55	29
182626	6.91551	374	108
182631	7.84527	6719	966
182634	5.75952	42	13
182635	6.2808	296	76
182638	6.32829	257	91
18265	5.74144	340	160
18266	5.97543	199	93
182681	6.27607	117	13
182694	7.33746	2391	482
1827	5.9004	725	285
182704	6.65151	1427	372
182736	6.94065	31	26
182770	7.42777	395	82
182796	5.98774	53	43
182799	5.96187	91	19
182801	6.33093	134	31
182865	4.90976	41	22
182869	6.12014	76	12
182874	7.87849	14718	2455
182875	4.75851	691	196
18288	6.26143	35	13
18289	6.61213	857	253
1829	6.69129	6859	1975
182915	6.95556	54	28
182952	6.63559	118	33
182953	6.81789	123	41
182954	6.87273	110	41
182955	6.76481	54	18
182960	6.0163	81	18
18297	6.07235	255	105
182978	6.8602	49	22
182982	8.20142	106	64
183	6.31212	132	50
1830	6.88255	602	235
183006	7.02757	2848	574
1831	6.76257	171	69
18310	7.23864	44	10
18311	7.3283	53	23
183150	6.52674	239	80
183197	6.01038	52	20
183212	7.55267	60	30
183231	6.90832	2210	588
183251	7.19633	9441	1722
183264	6.18208	446	103
183284	7.27598	843	307
1833	5.76176	238	116
18330	6.85816	49	15
183305	6.38333	60	25
183308	8.0087	389	167
183315	7.83111	261	105
18333	5.90824	1138	306
183340	6.37627	60	11
183346	5.96591	44	9
183360	7.20594	101	34
183361	6.34831	153	74
183394	8.05742	34792	4785
183400	6.64017	59	20
183401	6.68852	61	15
183402	6.17381	102	35
183404	7.07667	36	13
183405	6.75082	122	61
18342	7.40323	31	25
183420	6.57554	378	115
183441	6.50281	165	64
183447	6.33654	314	75
183452	6.4562	121	71
183453	7.065	30	13
183459	6.06941	85	43
183472	4.2575	40	8
183478	5.41	40	10
183479	5.64014	31	9
183481	5.48333	54	9
1835	6.53091	324	127
183508	5.92429	118	21
183511	7.02333	42	18
183521	5.23378	282	72
183528	6.23065	62	17
183532	5.30381	84	16
183562	7.79751	2930	437
183571	7.24473	2932	1000
183572	7.56516	395	85
183578	8.17383	266	99
1836	5.90092	818	368
183626	6.40167	150	52
183643	6.49101	243	66
183649	6.21127	71	26
183665	5.58618	55	12
183677	6.32742	62	12
1837	4.96246	287	114
183716	6.58703	64	18
183720	6.51651	169	33
183777	5.84062	32	18
183778	5.09556	90	79
183780	6.98222	45	36
183797	6.13868	647	121
183831	5.51771	179	52
183836	7.78899	109	44
183839	6.07959	98	27
183840	7.00019	10434	1802
183868	4.61633	30	10
183874	6.08485	33	8
183880	7.01523	3895	1066
183881	5.66454	86	12
183883	5.68482	56	6
183888	5.10333	30	12
183896	6.69696	1148	243
183949	6.44023	175	32
183959	6.65112	513	159
183963	7.26559	93	72
183976	6.22857	70	39
18399	5.42811	180	65
18400	6.28761	308	162
18401	7.46618	136	97
184044	5.31496	56	27
184085	6.39726	249	67
184108	4.22136	49	16
184117	6.44341	167	59
184145	7.13014	146	49
184151	7.43784	2404	541
184159	4.10517	58	22
184170	7.23897	178	47
184207	6.86265	102	19
18422	6.97	60	8
184247	6.07674	94	55
184266	6.15932	59	19
184267	8.26024	7887	1475
184287	6.62927	289	52
184337	5.76122	49	18
184346	6.47968	2098	509
184351	6.21924	68	28
184371	6.36929	320	60
184372	6.50148	277	50
184383	5.54361	207	60
1844	6.50466	243	106
184424	8.24367	980	293
184440	7.45	30	23
184443	5.78333	66	26
184459	7.17889	892	289
184460	5.77585	229	69
184462	6.34898	93	28
184473	5.55222	108	49
184477	7.55	40	20
184490	6.24123	57	12
184491	6.65187	1612	372
184522	6.32605	1886	407
184525	5.75664	240	42
184559	8.45306	49	23
184560	8.01875	72	32
184561	8.3021	95	36
184563	8.61689	74	28
18460	7.3982	622	307
18464	5.26569	102	40
184648	6.47887	168	87
184663	6.41005	209	98
184664	6.56557	61	23
184688	6.48841	69	14
184700	6.66761	665	196
184704	6.61089	353	121
184712	6.83904	59	15
18472	7.25	42	24
184730	6.72109	147	52
184780	6.6881	42	18
184797	6.90667	45	15
184800	6.71337	95	38
184802	6.94848	81	49
18481	6.34969	161	81
184824	8.12466	728	197
184842	6.53744	680	134
184843	5.85317	35	8
18485	7.81277	512	170
184861	6.24687	32	6
184866	7.42872	242	93
184900	6.11129	31	9
184917	5.99737	213	71
184919	6.3205	534	123
184921	7.46285	8989	1529
184922	3.64444	45	12
18498	5.41863	102	64
18499	5.54369	103	21
185	5.40003	699	280
18500	6.87509	850	277
185021	6.75955	317	125
185028	5.67944	107	18
185057	8.11207	58	26
185104	5.59907	420	70
185123	7.61364	656	135
185154	4.87111	264	92
185195	5.20139	36	3
185196	6.55882	1613	355
185228	5.58571	35	12
185241	7.24268	123	72
185244	6.55816	49	38
185246	7.18293	41	17
185262	6.25351	215	75
185276	6.24397	199	97
185288	6.37097	31	3
18529	8.46667	60	32
1853	4.76953	64	18
185302	6.1063	135	66
185343	8.11122	13327	2382
185344	6.05906	245	56
185350	6.77225	40	9
185374	6.41885	486	92
185375	5.59242	33	14
185378	7.82008	127	39
185380	7.86754	118	40
185381	7.78922	116	35
185383	7.03452	42	32
185393	6.1871	31	2
18543	3.35	30	14
185456	7.19706	51	37
185457	7.36286	35	26
185497	5.5051	233	86
1855	5.40167	940	294
185538	8.09927	707	221
185589	7.17684	3273	758
18562	4.59375	32	22
18563	5.64859	71	30
18564	5.68679	53	29
1857	5.65769	65	49
185709	6.89562	889	225
18574	4.37059	51	22
185769	6.05397	63	16
18579	6.73299	97	63
18580	5.78596	235	112
185813	6.7902	51	46
18584	6.30526	38	16
185845	7.45705	95	36
18588	6.16667	90	30
1859	5.67066	486	174
18590	8.68367	49	18
185987	7.00345	58	17
186	5.92335	187	68
1860	5.87748	1087	577
18600	8.0	39	13
18602	7.7513	27494	6205
186020	7.99259	81	15
18606	7.69771	131	83
186089	6.243	60	9
1861	5.7359	78	33
18613	5.68431	51	56
186141	6.0566	53	22
186142	6.38058	69	18
18615	7.24815	108	33
18618	4.67692	65	20
186185	5.07714	35	17
1862	5.28182	33	16
186208	4.45283	46	27
186212	5.16563	80	42
186265	5.67376	1015	246
186279	7.53211	372	99
186295	5.11529	85	29
186302	6.50242	605	133
186323	7.19709	521	137
186404	7.13333	30	19
186435	6.75182	143	67
186442	5.88592	103	28
186461	5.90278	36	22
18647	6.26569	51	10
186475	6.31362	401	83
186489	6.55068	74	35
1865	4.48933	75	22
186501	7.03922	51	28
186510	6.38828	58	20
18652	7.32222	72	57
18657	4.44165	40	23
1866	5.72723	191	27
186624	6.44675	77	14
186695	6.35537	95	40
1867	5.32211	380	119
186701	6.8681	769	176
186721	7.24877	625	202
186722	7.15806	31	13
186723	8.22336	92	60
186751	8.42706	2763	780
186755	6.13165	83	35
186767	6.18473	415	136
18679	4.62625	44	26
186793	6.81245	163	71
186799	6.5	34	7
18683	6.77273	33	21
18686	4.58996	229	42
186864	7.22886	540	118
1869	6.04602	176	47
18690	7.06944	36	15
186904	6.92541	342	83
186905	5.95695	152	33
186945	7.15413	121	34
186947	6.0719	73	29
18695	4.82292	60	34
18696	4.99692	78	62
186974	6.51974	114	60
186980	6.40152	66	46
186986	7.10733	131	53
18699	6.63405	79	37
186990	6.95732	82	46
186995	7.03863	813	232
187000	6.06471	68	14
18701	6.09178	73	42
187032	6.88409	44	29
187033	4.9697	66	24
187056	7.53258	178	130
1871	4.64818	44	18
187104	5.9967	887	227
187121	7.02427	135	55
187127	5.63333	30	4
187164	7.21111	36	18
187186	5.37436	39	4
187199	6.54348	46	22
187205	6.10273	55	14
18723	5.8707	2833	720
18724	7.01816	76	56
187273	7.05576	1648	485
187289	6.23161	609	161
1873	5.87078	206	147
18732	6.70395	38	22
187347	7.24868	76	34
187353	7.30988	458	94
18736	3.69556	45	20
187377	7.17876	3303	653
187383	7.36957	46	24
187420	7.2654	78	14
18745	7.05693	2248	683
18746	7.75952	252	112
18747	6.55847	258	153
18748	7.62324	692	373
187488	6.58585	150	51
1875	5.748	225	102
18750	5.01321	346	184
187515	5.70746	280	107
18755	4.87917	455	125
187550	5.84314	102	33
187587	7.0267	115	39
187590	7.12256	86	28
187617	7.92604	4004	1205
187645	8.42463	25603	3937
18765	5.68231	147	34
187653	7.1233	1469	442
187673	6.60769	39	8
187679	7.56244	213	91
187680	6.95742	1726	476
187687	8.00409	515	131
1877	5.62162	396	172
187700	7.6805	1319	357
187704	7.38919	37	9
187719	5.51605	81	46
18776	6.925	60	36
187769	6.56842	38	15
187777	6.60902	255	100
187785	6.39103	145	82
187787	5.49831	325	122
1878	6.14328	67	29
18780	5.88259	58	16
187801	4.30328	64	24
187808	7.80986	71	40
18781	7.30391	115	51
187834	6.09919	62	26
18788	5.82121	91	25
1879	7.56758	91	35
18791	5.845	110	43
18794	7.09137	212	48
187959	6.52786	70	19
187976	6.4543	283	99
188	7.63588	15516	3841
188018	6.56642	260	66
188021	6.02821	241	75
18803	6.02557	4338	741
18805	5.9737	30	5
188051	6.52407	108	38
188076	7.75995	372	95
1881	6.02644	509	163
18812	5.21527	55	39
188124	8.94578	83	41
188129	5.44464	97	40
188164	8.08945	379	159
188178	7.22815	501	253
188181	6.26393	412	159
188188	6.80536	505	56
188196	5.9967	197	65
188198	6.10526	57	6
188204	5.90526	57	14
188225	7.63765	166	59
18824	6.7632	176	73
18828	4.81282	39	15
188292	6.3129	31	8
188314	7.26874	657	123
188325	7.66699	153	84
18833	7.48088	5829	1495
188343	7.02778	189	79
188347	5.87349	262	36
18835	5.943	150	79
188389	5.91613	31	11
188390	8.01362	282	128
1884	5.8871	62	17
18840	5.786	50	25
18843	6.21356	59	18
188465	6.01084	317	79
188493	5.3636	45	9
188527	6.83824	34	8
188530	7.21219	82	30
188547	7.59247	1702	475
18857	5.67324	71	15
188576	5.42769	65	18
18858	5.65081	74	16
188601	5.5613	275	39
188614	6.00101	367	94
18866	6.36356	3728	1257
18867	7.75294	68	45
1887	7.15193	1654	541
18870	6.45385	39	24
188720	7.15678	568	165
18875	5.69762	84	60
188753	6.4484	52	24
188758	7.56098	41	22
188759	7.30833	30	36
18876	6.26154	104	66
188793	5.95212	118	27
18880	5.99135	133	57
18881	6.40513	113	56
188825	7.38958	96	47
188834	7.54907	20834	3200
18885	5.69565	46	11
188866	7.69619	4970	978
18887	7.13245	94	65
188885	8.17631	103	15
188908	6.66026	140	27
18891	5.64923	123	96
188920	7.80787	9858	1945
188930	4.72632	38	7
188952	5.94589	73	27
188991	7.43211	184	85
188997	6.81354	96	16
189	6.9105	912	281
1890	7.19059	85	56
18901	4.982	465	139
18902	5.57223	167	76
189030	6.64605	167	19
18905	3.32818	231	75
189052	6.6873	2225	455
189056	6.37703	295	84
189062	6.26548	680	155
189067	6.92007	1105	336
18907	5.75581	43	41
18908	5.82719	57	42
1891	6.04829	263	94
189123	8.60845	58	26
18913	5.56364	55	19
189154	6.32178	130	54
189160	6.11677	260	74
189166	6.00676	185	43
18919	4.45	30	21
189192	6.72877	371	138
189201	4.56818	44	13
189203	4.57031	32	8
189218	6.95	32	3
189222	6.88793	483	148
189294	6.32307	609	118
18931	5.94098	786	357
18932	6.15245	712	375
189341	6.81086	116	15
189350	6.81791	549	173
189351	6.37801	282	110
1894	7.05965	292	146
189427	8.15405	37	18
189434	5.86	105	47
18945	5.97326	43	46
18946	5.8872	1104	242
189489	3.34712	139	43
189504	7.05188	128	28
189506	7.12446	139	50
189520	5.23205	78	16
1896	6.28347	59	32
189603	6.44713	35	12
18961	5.99304	460	177
189610	7.56944	72	20
189628	6.40846	110	14
18963	5.80011	519	206
18966	6.27333	60	41
189660	7.25474	1174	357
189663	7.59286	56	31
189664	8.07994	232	84
189678	6.53429	35	5
18968	5.57742	31	16
1897	6.80611	5123	1493
189735	5.89394	33	12
18975	6.18497	354	179
1898	6.27517	149	45
189806	5.35535	55	23
189816	5.99333	45	15
189829	6.69437	187	56
18983	5.61627	83	26
189833	5.58627	51	13
189848	6.92124	1130	209
18985	6.9519	912	530
189869	6.67075	326	142
189890	5.92791	268	87
1899	6.0188	2077	696
189902	6.55946	37	24
189919	5.97955	44	18
189925	6.55087	136	25
189932	7.91646	5906	964
189969	5.57222	45	5
19	6.29139	1795	610
190	6.12296	196	68
19000	4.51667	30	9
19001	3.31714	35	24
190015	6.01228	57	25
190017	6.66063	174	58
190047	7.04222	45	31
190064	5.64835	48	11
190073	6.21009	109	26
190082	7.58492	2830	550
19009	7.29688	64	40
1901	6.50274	228	92
190104	5.76053	38	6
190162	6.03871	31	22
1902	4.17991	107	49
190232	7.54818	153	101
190247	7.37272	368	172
190264	6.32927	82	21
190266	6.84688	93	48
19027	5.36352	516	189
19028	5.59514	185	85
19030	5.70109	46	28
190330	6.23667	30	7
190333	7.1741	278	94
19036	5.725	40	26
19039	6.33437	32	13
19040	5.62139	173	118
190400	7.51628	670	148
190409	4.96	35	12
19046	5.62877	207	71
190462	8.37053	95	53
19048	5.99939	247	130
190523	6.56452	31	20
19056	7.05781	64	19
190572	8.30811	37	54
190577	7.2	95	58
19062	5.04875	32	25
190639	6.65295	1024	193
190685	5.26923	39	11
1907	6.61621	103	56
190700	7.33208	73	15
190737	5.34706	34	7
19074	5.79718	501	201
190758	7.71	52	17
1908	5.525	120	52
19081	6.41495	194	66
190828	7.12276	42	10
19083	4.70029	79	28
1909	5.38889	54	22
190915	6.86071	84	33
1910	5.96089	450	92
19100	6.93193	4089	1239
191004	6.66166	2206	520
191032	7.47946	37	15
191038	6.27697	305	101
191041	4.99192	99	42
191043	6.10381	97	35
191049	5.7725	266	75
191051	7.34934	3889	740
191055	6.88224	1039	236
191057	5.8271	832	103
191065	6.36127	165	38
191067	6.22348	161	19
191071	6.68884	389	62
191073	6.44714	411	80
191077	5.49183	242	13
191081	5.96089	71	12
191095	6.83137	51	28
191110	5.65043	140	30
191128	6.27272	322	49
191135	6.8549	102	47
19114	5.54957	115	81
19115	5.42936	173	77
191177	6.92358	613	224
191178	6.66107	59	28
191189	8.00767	13847	2385
191191	6.40577	183	70
1912	6.37003	206	81
19120	5.49882	110	72
191201	7.44032	31	28
191205	5.97294	34	11
191216	6.6	34	9
191231	7.04704	4079	791
19127	6.02667	60	23
191285	6.86152	165	57
191288	7.044	50	16
191296	8.06342	150	54
1913	5.65972	36	18
191300	7.15067	3191	703
191301	7.81216	710	200
191351	7.72658	79	44
191364	5.6423	300	118
191374	6.69688	112	27
191387	7.71979	235	148
191432	6.41137	113	48
191438	6.70339	479	125
19145	7.56333	60	13
191473	5.74	70	19
191475	7.70802	273	45
191478	5.35054	37	12
1915	7.29526	1912	686
191512	5.58929	42	7
191538	6.68775	1086	263
191543	6.29765	632	125
191572	6.55217	2004	501
191579	7.08114	323	71
191597	7.33787	1896	443
1916	5.72531	276	138
19161	7.14786	70	40
191612	8.24687	412	169
191624	5.31863	391	166
191657	5.5	43	20
191681	6.18943	101	22
191687	6.40542	84	19
1917	6.10099	14480	3478
191714	5.53818	55	29
191790	7.57121	165	73
19186	6.67941	34	33
191862	7.17791	13071	2125
19187	6.3206	483	117
191876	7.04375	2959	627
191877	6.64007	495	148
191879	6.08904	73	16
19188	6.66176	34	11
191880	5.28509	57	20
191893	6.241	40	12
191894	6.90958	3272	466
191895	6.59405	210	62
1919	6.00448	402	197
191901	6.45	102	28
191906	5.90482	121	25
191910	5.24857	35	13
191916	6.7	55	37
191923	6.01154	52	17
191925	6.49325	3056	532
191932	6.33384	242	87
191963	7.21964	1123	302
191972	7.21483	1082	232
191977	7.0037	6155	1405
191982	6.1051	1130	273
191986	6.60076	384	101
191989	8.1149	198	98
191991	7.42054	112	42
191998	7.08819	215	52
191999	6.41957	46	21
192	6.32737	1049	307
1920	5.8784	338	138
19201	6.16667	33	10
192016	6.41971	58	17
192017	6.0537	54	11
192023	7.59483	58	29
192032	6.03714	49	25
192059	7.01667	30	25
192074	7.04907	3079	578
192116	6.79058	225	69
19212	6.58684	152	104
192120	6.60862	912	197
192135	8.43174	7829	1580
192153	7.40665	8650	1384
192185	6.61683	619	160
192201	6.48955	67	23
192203	6.77327	85	31
192226	6.52885	52	13
192233	5.80233	43	13
192235	6.33222	42	14
192237	5.87284	54	14
192240	6.5282	766	224
192245	5.82162	37	9
192268	6.23394	49	16
192274	6.77153	176	69
192275	5.86796	61	6
192283	6.03813	155	45
192286	6.23279	269	66
192288	7.30353	85	36
192291	7.44587	25871	3608
192296	7.35903	216	126
192297	6.83535	655	166
1923	4.78441	1790	627
192311	5.19872	39	22
192312	7.22096	718	358
192315	7.08455	101	53
192320	7.02433	58	14
192321	6.88889	45	14
192322	6.83871	31	7
192324	6.78493	73	24
192334	6.16998	769	187
192344	6.42058	80	14
192345	6.30309	122	22
192346	6.2786	150	26
192349	5.65655	284	96
192351	6.23609	797	218
192352	5.81237	142	50
192353	5.41576	120	41
192355	6.75147	68	19
19237	6.5717	9901	2626
1924	5.98471	193	77
192401	6.60088	498	137
192409	4.85152	66	13
192455	6.4983	3170	1161
192457	7.1752	6216	1269
192458	7.63955	5659	1097
19246	6.34032	62	59
192496	6.54624	68	17
1925	4.625	48	17
192500	6.20435	46	11
192508	6.38622	318	90
19253	6.57123	57	43
192547	6.70512	973	197
19257	6.90429	49	33
192605	6.26034	87	36
192619	6.88848	347	118
192623	6.11938	178	74
192634	7.41212	33	20
192635	5.67639	72	7
192638	6.59299	1393	325
192656	6.39733	449	65
192668	6.19859	217	89
192673	6.51772	896	415
192696	5.66365	52	15
1927	5.89119	43759	8279
192701	6.02096	420	91
192717	5.72024	42	26
19272	4.09722	54	21
192728	5.65714	35	9
192729	5.38814	59	23
192730	6.00196	51	15
192731	6.54528	53	7
192735	6.1103	844	267
19274	4.35775	71	46
192762	6.69054	93	26
192777	6.56765	202	66
192801	5.87857	56	7
192802	7.36323	1059	350
192824	6.27214	285	119
192827	6.35404	333	119
192829	6.05731	260	113
192830	6.50842	407	132
192834	6.71959	1189	230
192836	7.61093	3707	866
192858	7.97185	135	93
192860	6.84004	3062	626
192891	7.45179	84	44
192904	5.28205	52	10
192906	6.90833	203	128
192909	6.20761	109	41
192924	6.17215	204	83
192927	6.43758	1266	285
192934	6.62612	1825	492
192945	7.10643	1502	347
192947	6.70032	1131	241
192984	6.10253	237	85
193	5.69594	586	197
19301	6.50567	1578	579
193029	5.85834	99	43
193031	6.08974	39	27
193037	7.61802	8536	1235
193042	7.40625	6050	1012
193049	5.04091	44	13
193062	6.53212	193	51
19307	5.42125	32	10
193083	6.372	344	58
1931	3.67283	743	257
193103	7.83667	30	15
193105	7.3642	81	73
193121	6.41429	117	40
193122	6.21929	252	67
193131	7.37159	44	8
193141	4.00542	83	22
193161	6.31545	118	24
193193	6.20123	235	101
1932	3.80211	185	86
193210	6.66167	1225	278
193212	6.04968	724	198
193213	6.48307	385	104
193214	7.09762	4690	749
193238	8.45258	194	88
193240	7.16554	74	32
193248	6.35853	173	74
193265	6.59237	428	106
193271	5.85938	32	7
193272	5.39205	57	16
193278	6.50854	82	27
19329	6.01424	172	109
193291	7.06189	95	35
193295	4.38128	195	61
1933	5.47354	1219	463
193301	5.84248	113	46
193308	6.95284	2527	459
193322	6.96166	1486	372
193327	6.82197	157	35
193328	5.65109	384	43
193329	5.46692	91	8
1934	4.6537	54	12
193417	6.85573	156	61
193422	6.65316	136	64
193428	7.18777	539	243
193436	6.30652	69	16
19348	6.79051	1232	576
193483	6.57333	824	244
193485	6.37867	431	136
193486	7.15031	323	154
193488	4.38137	102	55
19349	5.4	65	14
1935	5.3	35	19
193500	5.30461	191	74
19351	5.94479	96	33
193512	7.68168	369	65
193551	7.18938	232	62
193557	6.60737	1765	400
193558	7.29338	4500	905
193560	6.57356	1692	514
193577	7.60128	39	18
19358	7.05665	385	128
193584	7.11436	101	49
193592	4.83652	92	16
1936	5.815	80	30
19361	6.17778	36	12
193621	6.36891	4823	966
193628	5.6926	96	36
19363	6.68604	760	397
193651	6.25202	689	164
193668	7.16953	576	190
193670	7.59907	635	257
19368	3.53623	46	26
193681	5.645	40	10
193693	6.66622	322	117
193695	5.75165	139	44
193696	7.16029	68	25
193697	8.07955	44	16
193699	7.85806	31	11
1937	5.29714	70	27
19370	5.23873	2663	701
193700	8.106	50	27
193715	8.12393	84	61
19372	6.15689	90	41
193725	8.70333	102	44
193727	8.03658	79	52
193728	7.96707	879	335
193737	7.01085	1716	419
193738	8.29446	32984	4395
19377	1.30968	31	20
19378	4.51917	60	31
19379	5.62931	58	8
193792	7.42683	41	23
1938	4.48672	67	18
19381	5.02564	39	21
193818	7.38913	69	18
193831	6.29083	108	25
193840	6.44218	1230	318
193854	6.37212	52	27
193867	8.2933	435	192
1939	5.13919	74	20
193912	7.07852	101	34
19392	5.61892	111	51
193949	7.81147	2841	738
193953	7.45022	481	187
193981	6.50836	187	122
19399	5.66581	215	80
194	6.30204	819	296
1940	6.12179	156	66
194019	6.64885	321	73
194028	6.32537	162	46
194032	5.37542	120	37
194033	5.67947	38	9
194034	5.74375	32	10
194040	5.47833	60	10
194061	7.25455	266	77
194062	6.63619	392	142
194075	5.35244	50	18
194078	8.09836	122	71
194079	5.69593	104	23
194081	7.06109	221	59
194088	5.84009	116	30
19409	4.76904	197	101
194094	6.02879	33	9
1941	5.54673	107	38
194100	6.23156	955	215
194102	7.19784	74	34
19414	5.98305	59	26
19416	6.12195	82	49
19417	5.9337	46	24
19418	6.43373	83	42
194184	6.07812	32	7
19419	6.07891	1228	571
194194	6.53892	203	22
194196	6.28067	687	164
1942	6.59952	416	168
194228	5.22433	152	44
194229	6.44959	121	38
194230	6.94906	692	207
194231	6.12648	71	22
194232	6.18773	1891	333
194233	6.7938	258	69
194234	7.08506	81	26
19425	5.10294	34	20
19427	6.79974	1463	477
194286	6.83305	623	243
194298	6.59412	399	139
1943	5.81241	587	263
194301	6.45245	94	52
194307	7.20409	110	52
19432	6.98571	35	20
194387	6.2036	137	23
194388	7.10846	65	14
194392	8.0972	107	51
194400	7.12329	73	8
194438	6.27895	38	14
19447	4.95409	34	12
194496	5.69375	80	19
1945	5.7726	73	30
194505	5.88183	120	48
194517	7.80357	1173	342
194523	6.16638	1178	277
194532	7.64925	67	15
194534	5.89032	31	16
194536	5.79891	131	30
194553	6.35348	671	170
19456	4.7449	49	23
194575	5.02667	75	3
194577	6.29311	180	44
194594	7.27204	16967	2434
1946	5.03279	61	20
194607	7.28457	9862	1845
194626	6.73644	4366	931
19464	6.11326	350	174
194640	6.00758	99	44
194655	7.43995	31525	4938
19466	5.25143	140	36
194688	5.59415	76	40
194690	6.98367	2728	509
1947	5.65625	64	20
194723	6.86819	321	105
194777	7.03607	61	29
19478	3.95692	65	40
194789	6.46002	1094	287
194819	6.07812	32	11
194820	5.83853	129	36
19484	5.40909	231	36
194874	6.51389	72	39
194879	7.00519	8861	1402
194880	6.90708	6120	1062
194923	8.55484	276	108
194960	5.0225	122	37
194964	7.30094	159	76
194966	7.18889	45	14
194974	6.03333	39	12
194976	7.46393	61	21
19498	5.86216	37	16
194986	7.87349	61	59
194992	7.28281	64	13
194998	6.18229	48	14
195	5.41337	101	57
1950	5.78439	1132	266
195043	6.76476	3635	657
19505	6.21514	185	41
195073	5.55538	39	9
19508	4.9977	230	103
19512	5.28	40	12
19513	3.01842	38	5
195137	7.55551	2488	615
195149	7.81471	34	21
195161	4.98295	61	24
195162	7.46195	2794	698
195163	6.63214	103	35
195179	5.91725	236	51
195180	6.807	100	67
195194	6.82713	634	212
195195	5.58975	83	29
1952	6.31531	49	17
195205	5.01996	152	42
195214	6.68515	33	25
195226	8.32893	154	69
195227	7.21802	485	161
195231	6.4198	198	89
195232	7.66469	84	44
195237	6.49932	543	188
195242	7.22618	353	90
19526	6.61682	3242	1018
195275	6.57273	154	90
195296	6.4122	400	145
1953	5.83211	123	44
19530	5.18529	34	18
19531	6.0757	31	15
195314	7.09324	4173	988
19534	5.89595	37	36
195353	7.40686	102	42
19537	6.46001	181	102
195372	7.34949	942	127
195373	6.07111	335	121
1954	5.77123	73	20
19540	5.95338	74	28
195421	7.76969	8360	1717
19544	7.32954	159	22
195454	6.49689	264	112
195455	5.20275	196	93
195456	5.84669	327	124
195476	6.57353	68	24
195477	6.78116	69	36
195484	6.58657	272	66
195489	6.19	57	37
195503	7.24877	1115	298
195508	7.68696	69	26
195515	6.76211	95	37
195518	5.88004	528	145
19552	5.57353	68	29
195528	6.80863	2234	454
195533	7.22036	140	124
195535	6.80606	33	29
195539	7.54598	6349	1068
19554	6.21897	58	35
195544	6.81235	3618	704
195545	5.3619	63	21
195547	6.46117	325	132
195560	7.4025	2999	698
195571	7.13921	1809	447
1956	5.72286	70	39
19560	4.52364	133	68
195623	6.3375	36	14
195696	5.39744	39	14
195709	8.10365	219	52
19571	4.34712	52	25
195742	6.54974	151	48
19578	5.25374	291	92
1958	5.23162	272	148
195842	6.90828	58	17
195856	6.90406	3191	608
195867	6.96652	699	159
195869	6.33167	74	15
1959	3.9408	74	45
19591	5.80753	312	140
195981	6.6888	262	75
196	6.96269	2837	914
1960	5.67685	117	71
19600	7.08333	4620	1534
196031	6.20111	90	46
1961	5.50658	319	111
196105	6.75638	149	57
196122	6.03252	143	85
19614	2.783	41	25
19616	5.50867	128	24
1962	5.25896	1239	404
196202	7.66297	1374	373
19621	5.24157	83	26
196217	7.6636	240	89
19622	7.68101	1051	532
196220	8.62857	35	25
19623	5.82203	118	45
196234	6.33684	38	28
19624	6.5607	358	175
196256	7.0175	40	15
196257	7.80663	369	155
1963	4.5827	89	47
19630	5.94671	76	34
196305	7.16589	388	97
196306	7.16616	358	75
196326	7.45948	4823	814
196328	6.39931	72	67
19633	3.90909	33	19
19634	6.40385	52	19
196340	7.84555	9831	1764
196342	6.30865	52	13
196348	8.79951	41	25
196354	8.0684	660	247
196379	5.48835	714	137
196392	6.19621	198	73
1964	5.46124	419	204
19643	6.71406	1903	611
19646	5.88896	585	258
19647	5.14375	32	9
196496	7.85323	751	237
1965	6.54129	264	118
19650	6.42214	1185	481
19651	5.98915	201	89
196526	7.48882	2167	581
19653	6.4663	127	56
196612	6.53406	69	18
196634	6.64615	65	31
19665	6.31108	286	156
196676	7.44156	45	33
196698	7.34286	105	50
19671	5.83868	159	91
196712	7.92743	257	134
19676	7.38333	33	6
19679	7.54334	464	116
1969	4.78602	118	79
196953	5.29783	46	15
19696	5.46	35	5
19697	5.43182	33	6
197	6.07946	95	36
1970	5.89631	268	174
197020	7.08784	37	8
197061	6.21963	285	84
197065	7.40329	657	187
197067	6.40621	145	44
197068	5.14885	78	40
197069	6.27338	80	31
197070	7.204	4271	1116
197071	6.589	90	21
197072	7.23152	439	160
197073	7.06154	39	20
197075	5.94	34	24
197076	7.74747	99	57
197097	7.5167	1194	381
197101	7.3853	263	85
197178	6.3971	632	208
1972	4.79478	115	50
19725	5.94946	37	16
197269	7.00036	194	72
19727	6.49703	317	141
197285	6.42816	263	91
1973	5.37079	164	65
19732	5.78214	182	69
197320	7.31879	709	228
197321	7.03667	70	19
197333	8.20532	188	58
19735	5.88042	134	84
197376	7.31972	12754	2479
197377	8.40667	45	23
1974	6.43607	89	26
197405	7.62171	2305	631
197408	6.82571	191	79
197409	6.74903	162	43
197414	7.03095	42	13
197433	6.12364	55	26
197435	5.21806	72	29
197439	7.25342	316	139
197443	7.21021	4397	958
197451	5.52557	327	133
197455	6.24345	461	118
1975	5.41212	33	8
197528	6.865	82	28
197538	5.07386	38	11
197551	6.72963	54	5
197571	6.21143	35	19
197572	7.48353	1154	317
197588	6.66994	163	67
19763	5.57027	37	24
197633	7.36364	44	38
197635	7.08696	46	44
19764	6.7852	1695	617
197641	6.34081	33	2
19765	7.17309	204	113
19766	6.33374	99	48
1977	5.3617	47	15
197705	7.52336	113	64
197707	6.06226	478	135
197760	6.79712	326	63
19777	7.86496	4175	1296
197783	6.53052	89	36
197786	7.46704	77	13
197788	6.15333	60	17
197790	7.31561	224	81
197831	6.52005	3647	997
197865	6.23506	148	72
197893	6.05094	139	20
197909	5.29448	145	57
197911	6.69718	71	30
197928	6.14938	81	45
19793	6.20952	42	20
197944	6.33204	108	48
197946	8.0888	61	33
19796	5.58765	327	97
198	6.02409	235	116
198003	7.3179	145	49
198005	8.73	50	28
19802	5.95333	30	20
19803	6.54245	278	136
198044	6.27537	67	22
198059	4.92036	140	53
198060	6.70277	48	12
198086	6.65789	38	10
198087	7.59116	181	79
1981	5.59895	95	31
19811	4.8268	142	42
198110	6.6794	443	113
198138	7.13601	1124	261
198142	6.35692	39	18
198147	5.57624	117	36
198190	7.33921	1108	276
1982	6.32331	662	274
198269	5.89	35	5
198287	7.90141	742	168
1983	6.32639	36	26
198305	5.38835	115	33
198328	6.2067	233	32
19834	4.60355	62	33
1984	5.58533	75	38
198408	6.44093	313	81
19841	6.38244	3234	805
198412	6.86051	199	48
198414	7.40908	283	100
19842	5.19167	72	38
198447	5.22943	682	190
198450	4.29143	35	18
198454	7.04347	4524	800
198455	6.63394	304	65
198456	6.63734	64	20
198487	7.4782	1221	187
1985	6.0	82	42
198513	5.57317	41	32
198522	7.12084	823	222
198525	6.72257	2707	577
198537	7.73333	30	12
19854	7.43152	548	227
198548	6.46406	64	21
198549	5.23125	32	21
19857	7.48733	13278	3579
1986	5.6849	1069	352
198608	7.35053	95	50
198609	7.29022	976	283
198611	6.3279	297	58
198630	7.81027	112	51
198634	5.94375	48	15
198668	6.77762	42	18
198670	8.28333	48	14
198671	6.952	125	42
1987	6.01759	108	80
198700	6.54447	152	23
198701	6.52618	157	22
198707	7.49017	630	229
198740	7.23343	3401	600
19876	5.47111	254	136
19877	5.7392	199	86
198773	7.23858	18640	2643
198775	6.87359	142	28
198778	6.41574	54	27
19878	5.96617	462	217
198791	6.80439	170	53
198825	6.58	57	28
198830	7.6675	2478	609
198832	7.38768	403	196
198836	5.50481	1035	307
198855	5.55387	73	37
19888	4.88706	85	18
198881	6.26763	67	39
198886	7.53922	51	31
198898	6.49159	58	21
1989	4.03111	45	31
198928	7.91124	8879	1520
198953	8.02915	2040	647
198961	4.95598	291	82
198971	7.03529	153	55
198984	7.54884	43	18
198985	7.60687	258	106
198991	5.7283	59	18
198994	7.57742	13909	2064
199	6.72407	5201	1405
199007	6.9527	37	15
19902	7.07194	79	53
199026	5.72564	39	6
19903	7.78256	86	54
19904	7.76579	38	20
199042	7.43243	14104	2504
199047	6.93041	265	82
199076	7.99314	124	30
19908	6.54167	48	12
199086	6.66331	175	68
19909	7.3875	40	15
1991	6.29349	114	43
19914	5.36955	133	45
19915	4.38403	62	28
19916	5.55	30	10
19918	6.30214	206	88
199182	8.3877	242	122
1992	6.37846	865	347
199223	6.87229	830	150
199242	7.13565	471	275
199247	4.55833	36	8
199269	6.73859	234	147
1993	6.01034	58	47
199309	7.0104	224	95
199357	6.61433	300	119
199382	5.99957	115	32
199383	7.19844	1879	434
199394	6.56875	40	39
1994	5.23684	38	21
199401	4.76846	52	18
19947	6.25738	1382	547
199478	7.53518	13881	2161
19948	6.43112	1776	670
199493	6.97153	793	206
199497	6.66321	53	22
199530	6.17673	101	26
199561	7.51438	30324	4277
19957	5.61272	216	83
199590	5.50625	48	16
1996	5.91765	51	14
199611	7.63158	38	12
199646	8.03759	83	24
199689	5.87778	72	24
19969	7.26622	145	37
199690	6.265	100	23
1997	6.70301	199	48
19971	5.80238	42	10
199723	8.26095	440	76
199766	7.0157	93	25
19978	6.03143	49	22
199780	6.6024	513	109
199790	7.052	90	15
199792	8.09578	29041	4151
199793	7.05304	1077	261
1998	5.44493	138	47
199800	6.53222	45	8
199825	6.37667	30	13
199881	7.6964	175	28
199882	6.69035	85	30
19989	6.1133	1304	503
19990	4.63966	116	46
199904	7.90545	678	277
199907	6.92123	110	35
199908	6.84716	176	80
19991	5.38965	114	31
199913	6.36229	109	19
19995	6.88519	1246	578
19996	6.65586	1132	419
199966	7.46165	2256	382
19999	6.86873	3424	1220
2	6.64206	561	308
20	7.49359	729	212
200	6.42378	1438	408
2000	4.13144	132	46
20000	6.87667	60	10
20005	5.27403	181	79
200057	7.293	1751	368
200058	7.11901	826	227
200077	6.99693	5520	1313
200083	5.47733	30	10
200096	6.56736	72	20
2001	5.50039	746	163
200115	5.87556	81	25
200147	7.08058	7663	1270
200170	7.25813	123	47
200171	7.04481	634	145
20018	5.50532	157	72
200188	5.57258	62	23
2002	5.3139	123	54
20022	6.41516	1676	572
200247	8.49033	212	88
200257	6.34096	67	30
20028	4.69885	52	27
200280	7.50042	167	79
200282	8.12879	33	11
2003	5.74054	264	77
20031	5.92871	155	68
200314	7.01488	41	15
200351	6.82388	131	56
200359	6.2564	296	151
20036	6.41915	47	30
200371	6.73025	119	33
200396	6.11625	80	38
2004	4.29254	382	140
20040	5.16262	206	84
200407	6.0625	44	8
20043	6.28211	95	37
20044	6.88377	151	42
200454	7.0179	1158	329
200456	7.57168	518	128
20050	5.97745	102	43
200500	6.61247	73	24
200511	7.68195	648	226
200512	6.85706	160	56
200527	6.75625	32	41
20053	6.29466	103	67
20054	6.3709	67	56
200549	7.85946	37	8
200551	6.60698	521	275
20057	5.74324	37	26
200593	6.68489	58	12
200610	5.52901	274	63
200632	5.7893	201	53
200646	6.11703	148	53
200672	7.25536	69	19
200680	8.00054	11691	1557
200726	6.72989	778	235
200729	6.27475	139	60
20074	6.35059	196	91
200760	4.28936	47	16
20077	6.92567	240	149
20078	7.39611	259	128
200783	5.43128	290	73
200785	6.34578	1359	264
20079	6.65277	793	308
200792	5.24062	32	10
20080	6.31719	1627	524
20081	6.03649	150	52
20082	6.17898	402	113
200825	6.1878	41	24
200834	6.44769	511	170
200836	6.13208	53	20
200847	6.48531	2015	360
200853	7.3416	1304	368
200871	6.17607	85	35
200886	7.02901	81	28
200888	6.56571	35	16
200890	7.17444	1007	243
20090	5.78225	225	77
200924	6.88261	643	193
200934	7.30387	869	232
200954	7.16514	3421	820
200957	6.62877	73	24
200959	7.34216	51	28
20096	5.40709	189	56
200988	6.98333	30	8
200999	7.44032	31	7
201	6.80764	3323	844
20100	6.93285	13901	3305
201006	6.97567	664	148
20101	6.89975	402	203
201012	6.15211	56	11
201026	7.25714	35	12
201028	6.21	40	32
201037	6.61507	253	74
201046	6.38193	296	106
201047	6.06571	35	4
201048	6.15909	44	19
201054	5.83788	825	214
2011	6.08608	79	24
20111	6.75484	31	11
20112	6.03125	40	10
201139	5.61216	37	15
201144	6.275	54	30
20117	6.63281	64	28
201186	7.14805	672	206
20120	6.06748	143	59
20122	6.0154	211	108
201243	5.87195	53	17
201248	6.66594	1952	528
201281	6.72841	88	41
20130	6.16532	111	62
201305	5.69406	181	59
201307	6.2499	168	67
201308	7.06004	525	131
20131	5.35652	46	22
20133	7.39943	658	340
20134	6.7874	1600	750
201345	8.475	80	44
20135	3.96111	45	18
20136	6.54902	51	25
20138	5.56972	109	40
20139	5.0	40	18
2014	5.86364	44	10
20140	4.42348	66	27
201406	6.28486	711	181
201416	6.4636	185	78
201446	7.0322	118	52
201453	5.59667	30	14
201455	6.73944	516	201
201458	6.99135	37	15
20146	5.49082	98	25
201478	6.94318	228	80
201502	4.15738	61	9
201509	6.68105	714	216
201510	6.50612	67	22
201520	6.88667	30	6
20153	5.64324	74	15
201551	7.86538	65	25
201557	7.49924	132	32
201560	7.11068	44	20
2016	6.57516	91	53
201668	7.21282	39	19
201808	7.81497	31996	4277
201812	7.31751	63	33
20182	5.25345	165	29
201825	7.18481	5556	998
201842	4.75526	38	9
201846	6.99514	637	183
201861	6.98763	232	111
20192	5.85833	66	23
201920	6.06986	629	139
201921	7.02201	6539	1487
20195	6.24388	639	231
201971	5.67368	38	19
201973	6.125	32	15
202	6.37571	734	184
202025	5.81179	56	47
202026	7.84509	52	28
20203	4.55106	47	13
20204	6.43333	33	11
202077	7.90805	1636	539
202096	7.30965	105	21
20217	5.30234	107	34
202204	6.28774	155	48
202207	6.75457	291	116
202223	6.1507	86	23
202227	6.84425	40	23
20224	5.01587	63	18
202245	7.65106	47	19
202254	4.93534	204	77
202265	7.15043	70	34
20228	6.34954	295	146
202288	6.74795	1132	318
202296	6.856	163	42
202303	6.25313	32	13
20231	4.46667	30	13
20233	6.2179	162	45
202375	4.82857	49	10
20240	6.43372	43	29
202408	7.03956	5907	1194
202426	7.82548	2965	803
202435	8.51818	55	24
202443	6.47947	338	148
202478	6.30638	47	13
202490	6.3678	370	91
202494	6.25659	179	50
2025	5.67297	1913	670
202513	7.29132	76	28
202516	6.36159	42	17
202517	6.02545	33	12
20253	6.37169	136	39
202564	6.63657	181	28
202566	6.14474	38	14
202581	6.26014	69	22
202582	6.07771	423	125
202583	7.21269	2550	730
202589	5.86723	119	40
2026	5.23833	30	7
202617	7.31064	47	14
202624	5.57733	30	7
202652	6.86238	94	40
20266	7.33722	126	84
202664	5.77976	42	24
202670	7.43026	3390	590
202674	6.20846	39	21
20269	6.91046	87	51
202721	8.13017	295	137
202723	6.6322	59	23
202726	4.98438	32	8
202732	6.13603	1381	265
202737	6.10432	355	82
202742	5.76704	54	9
202755	7.11218	602	120
202771	4.821	260	71
202776	6.08919	37	18
20281	4.71436	94	24
202819	7.39376	388	92
202884	6.64668	125	39
202896	6.15	66	32
202942	8.09189	148	80
202945	5.99062	32	5
20295	6.95163	503	136
202975	6.31467	30	11
202977	7.0647	1725	581
202982	7.13995	511	110
202994	6.84545	33	29
2030	5.74194	31	20
20300	7.41	30	27
203002	6.4493	57	9
203019	5.46136	44	7
20302	6.31923	78	47
203029	6.70987	76	24
203042	6.33905	268	55
20306	4.32	45	16
203083	5.38333	54	31
203087	7.60176	85	44
2031	6.92634	41	24
203102	6.83896	1063	281
203104	6.0944	125	24
20311	5.04799	33	16
203170	6.13333	33	20
203191	7.42441	195	79
203195	6.73596	57	8
203204	6.78582	583	181
203215	6.36245	53	31
203238	6.41087	46	25
203265	6.27672	122	29
203266	6.03432	74	18
203270	7.10225	369	94
2033	4.05641	39	23
203312	8.03386	65	15
203321	7.81981	92	52
203381	7.58621	58	10
203401	5.58077	52	12
203405	6.55563	441	143
203408	6.79571	77	27
203410	6.19444	36	13
203411	6.96054	961	207
203416	7.21434	5797	975
203417	7.10969	6138	995
203420	7.49766	9732	1518
203421	6.06506	79	12
203427	7.01794	5394	1048
203430	6.56283	2609	540
203462	6.42659	206	67
203560	8.29032	62	24
203584	7.71087	92	21
2036	4.66667	78	42
203624	6.2052	303	76
203655	6.64513	356	32
203661	5.28778	84	31
203673	6.43585	53	23
2037	4.76161	56	32
203710	6.81755	94	38
203715	6.61111	63	46
203719	7.30911	368	71
203739	2.25424	59	75
203740	6.72245	470	135
203759	6.8246	369	214
203760	6.54785	31	7
203780	6.72404	1734	441
203788	6.29325	80	14
20379	7.46444	45	18
2038	5.64	134	66
203800	7.52666	133	38
203828	6.41453	1213	342
203845	6.76595	84	35
203884	6.41216	37	11
203885	6.55899	139	26
203967	5.3737	182	101
203993	7.8822	10751	1635
203997	6.06282	78	16
204	6.89698	2705	1042
2040	5.78503	157	107
204003	7.36751	177	75
204027	6.89178	7525	1452
204055	7.24014	142	88
204069	5.00721	111	34
20409	6.03125	32	21
204135	6.83661	1674	218
204138	5.75783	157	15
20414	8.8	45	7
204141	5.99917	121	40
204142	5.51161	31	12
204143	6.64641	181	88
204175	6.43765	268	79
204184	7.43449	1249	376
20419	4.07609	46	27
204201	6.6898	98	33
20422	4.32049	223	62
204281	6.63473	93	17
204286	7.65919	768	268
20429	5.55294	34	28
2043	5.68546	530	151
204305	7.70959	4705	842
204314	6.485	100	36
20432	6.81027	73	40
204323	6.85161	31	21
20437	7.34301	6868	1565
204397	6.975	40	15
2044	3.06952	62	35
204407	6.50682	44	21
20441	7.19531	64	24
204429	6.48289	61	15
204431	6.98107	1132	264
20445	6.19291	127	66
204461	6.335	100	33
204466	6.06159	361	93
204470	7.19285	161	72
204472	7.37772	3508	738
204493	7.60903	474	129
204496	6.705	30	13
204498	6.25241	237	50
204504	6.13357	207	56
204505	7.2329	2060	512
204516	7.53274	2825	771
204541	7.71111	45	21
204543	4.72208	474	110
204574	6.79677	2078	572
204575	6.92123	690	171
204576	6.30288	139	48
204577	6.49535	127	37
204583	7.35009	36935	5307
204592	5.86884	478	159
204599	6.39299	539	162
204600	5.34516	31	15
204601	7.51843	102	66
204602	7.08593	625	186
204605	7.02255	520	136
204615	6.26942	293	73
20467	6.80333	75	47
204671	6.06383	47	21
204675	6.68895	490	164
204680	8.32143	42	15
204681	5.72558	43	26
2047	5.72381	434	201
204728	8.32852	298	78
204733	6.99443	140	38
204734	6.71269	193	34
204755	6.18917	180	60
204764	7.41111	36	42
204801	7.46639	601	59
204802	6.74	67	13
204803	6.86651	129	13
204817	6.90872	615	141
204836	7.01897	3591	700
204837	6.80275	928	213
204879	6.58479	351	111
204886	6.21279	594	149
204887	3.51222	117	34
204892	5.82823	147	44
204895	7.73871	31	12
2049	6.03537	147	67
20499	5.52828	145	29
205039	6.67071	99	24
205045	6.85842	1455	309
205046	7.03682	1938	449
205057	7.07707	635	211
205059	8.02361	28536	3898
205072	6.45062	81	32
205078	6.44782	280	86
205079	6.68563	491	91
205080	6.25575	207	37
2051	5.73732	82	38
205101	5.6798	198	88
205125	6.9169	1743	502
205127	7.06062	923	264
20514	6.37528	53	41
205158	6.60655	2972	560
205164	8.54079	151	63
205185	6.63918	489	154
205226	5.30989	268	62
20525	5.5339	59	28
205263	6.26642	62	23
20528	5.96167	227	72
205308	6.79465	411	81
205317	7.45919	1749	422
205322	4.2457	2936	773
205345	6.38529	34	2
205346	6.32261	129	73
205359	7.50031	4870	792
205398	7.30325	9289	1290
205418	7.12131	2346	455
205419	7.33012	79	36
20542	8.0362	1034	340
205420	6.72659	206	44
20543	5.76521	194	67
205439	7.875	40	13
20545	6.28494	3421	922
205477	7.13677	637	213
205478	6.47818	66	15
205494	6.67049	2402	508
205495	6.10175	57	13
205496	6.65275	40	21
205498	7.14109	800	226
205506	6.19906	96	17
205507	7.0081	1188	349
20551	7.53401	13136	2694
205542	6.36711	38	13
205544	6.88774	106	31
205597	7.02995	3576	893
205604	5.68136	59	35
205610	6.67008	3733	649
205637	8.1617	33081	5262
205667	6.22059	51	21
205716	7.11713	2725	597
205766	6.59101	188	69
205774	6.92662	210	38
205776	6.13729	59	19
205790	6.36667	84	23
20580	4.73088	81	33
205819	6.82646	223	29
205826	6.7793	202	62
205831	6.31249	424	103
20586	7.08493	73	33
205865	5.19048	42	10
205867	6.9174	1341	309
20587	6.71053	38	17
205873	5.65253	73	18
205876	4.90397	63	22
205877	8.58108	37	6
205884	5.87373	67	16
205885	6.78752	660	131
20589	5.14265	170	51
205896	7.83483	17503	2987
20590	7.17857	119	61
205907	7.60994	605	155
20595	6.4741	83	54
205961	6.82458	198	43
206	6.00579	159	42
2060	5.80726	777	370
206051	7.09885	3104	574
206061	7.33667	30	20
206068	7.37069	58	28
206074	7.71277	47	35
206082	5.57727	110	31
206083	5.72667	45	16
206084	7.24605	1314	355
206087	7.92271	48	16
20609	7.56314	427	245
206091	6.94521	167	64
2061	5.96106	208	114
20610	7.23171	41	26
206150	7.80813	756	270
206156	6.36714	1007	341
206169	6.70463	259	75
20617	6.43033	61	43
206175	6.26722	1152	224
206202	7.35811	37	16
206206	6.8654	591	178
20623	7.09663	89	78
20624	5.0127	63	34
206266	6.85578	263	86
206274	3.81554	103	47
206299	7.26237	297	99
2063	6.67645	376	159
20630	6.06102	59	24
206327	7.15279	1191	321
20634	5.42368	209	82
206410	5.36727	55	22
20642	6.04205	44	15
20643	6.34	50	26
206437	6.28759	83	24
206446	6.76026	39	11
206448	6.20461	473	123
20645	5.68833	168	39
206450	6.59412	170	31
20646	7.80329	143	66
206463	6.62406	106	34
206464	7.30408	49	29
206471	6.66064	265	77
206480	8.33574	1516	530
206490	7.3606	600	229
2065	7.36861	1622	551
206504	6.62986	1338	357
206508	5.18125	40	12
206509	8.34268	246	122
206516	5.33182	55	36
206540	5.38897	213	79
206591	7.5982	68	42
206594	6.67353	34	14
2066	5.32568	44	18
206666	6.72063	63	18
206681	5.34615	65	49
206686	7.39148	88	17
206715	7.13898	231	71
206718	7.47681	10880	1924
20675	5.7814	307	116
206753	6.03492	63	27
206754	6.7463	646	173
206757	7.81122	390	129
206780	6.84528	127	29
206798	7.68113	53	7
2068	5.06098	41	14
206802	5.974	221	48
206803	7.33779	1785	408
206805	7.09727	293	163
206844	6.24043	613	149
206851	5.29318	88	27
206859	6.96043	312	105
206904	7.31202	119	87
206915	7.10334	1681	220
206931	7.00137	3816	657
206938	6.74946	93	49
206939	6.57747	746	80
20694	4.08333	42	10
206940	7.07913	1748	349
206941	7.45096	5159	901
206943	6.65389	180	55
207	6.08278	180	68
207010	6.85364	236	76
207016	6.70237	1532	330
207062	6.62437	1233	241
207063	6.04167	36	8
20708	6.66667	33	33
20710	6.51875	32	30
207117	6.24798	282	116
207167	5.71556	224	45
2072	7.27186	183	113
207202	7.42623	116	60
207203	9.24138	58	26
207207	7.10678	1317	281
207208	6.5914	573	189
207230	8.22323	127	82
207242	6.82403	286	150
207243	7.67891	2230	579
207290	6.63478	69	30
2073	6.9743	516	213
20731	7.77721	68	49
207310	5.79199	301	138
207311	5.35323	99	41
20732	6.43077	39	9
207330	6.71541	357	98
207335	7.13514	37	10
207336	6.96374	4567	864
207338	6.33184	615	100
20734	7.60638	235	130
207347	6.56509	91	25
207351	5.98587	92	39
207378	6.49571	70	18
207398	8.4918	61	51
2074	4.90811	37	15
207442	6.6389	182	71
207486	7.15637	80	56
207487	6.54386	267	54
20750	6.15571	1216	217
207568	8.18931	173	75
207572	8.29888	663	261
2076	6.66781	407	248
207602	6.93509	55	13
20761	6.45164	244	44
207653	6.99683	63	11
207670	4.78469	32	10
207687	6.36038	896	305
207691	7.36168	2580	555
2077	7.34812	373	186
20771	5.21039	77	31
207713	5.70732	41	17
20772	6.50926	175	51
207729	8.31567	703	267
20774	7.54583	48	44
207753	6.50884	911	212
207764	6.81606	132	18
207783	6.2053	266	51
207796	6.20236	127	98
2078	6.38595	180	118
207809	6.375	32	7
20781	5.50695	151	72
207814	5.50356	45	8
20782	6.66812	664	183
207828	7.36265	34	15
207830	7.0027	7579	1525
207845	6.67773	198	55
207848	4.01275	69	30
207883	6.73346	130	39
207898	6.84264	508	150
207899	6.6736	111	33
2079	6.70323	573	286
20790	5.31387	253	99
207905	6.8375	40	9
207910	7.00068	592	221
207911	5.68709	230	39
207917	5.0	54	27
207919	6.63068	260	80
207951	7.72756	205	80
207965	6.0303	33	12
207975	5.37627	83	30
207987	6.45556	36	14
207991	7.3458	758	281
208	5.43676	68	22
2080	6.00683	249	153
20801	4.95408	140	51
208023	6.50281	110	23
208024	7.73429	1616	384
20806	6.47148	1591	449
208073	6.58854	48	16
208093	7.55116	43	11
2081	7.72063	1198	550
20810	5.7774	104	28
208134	6.59677	31	11
208170	5.69365	63	50
2082	6.33788	165	85
20821	6.27425	174	87
208217	6.38657	67	16
20824	3.78167	60	20
208256	6.94334	128	45
20828	6.52556	30	12
20829	6.41992	123	54
2083	4.8926	7551	1944
208316	5.92672	57	14
20832	5.47963	189	77
208321	7.11648	91	36
208323	6.58913	69	42
20833	5.59762	42	20
208337	7.69271	48	18
20834	7.12051	39	7
208340	8.61304	46	13
20836	4.94348	46	26
208360	5.92763	38	12
208377	7.10526	38	15
208411	6.1086	392	142
208419	6.13736	72	35
208428	7.6215	258	83
20847	5.85153	536	277
20848	5.87323	139	56
208480	6.98499	743	196
20851	6.4125	52	34
208533	5.475	116	44
208543	6.15197	76	25
2086	5.18349	562	136
20865	6.50581	664	347
208661	5.80201	96	18
208663	6.37212	165	61
208670	6.34453	128	33
2087	5.81079	505	151
208700	7.96857	105	57
208736	6.64545	33	27
208754	8.20888	89	45
208766	6.65237	981	185
208773	7.58997	765	214
208775	7.12158	784	151
2088	6.27483	143	49
208801	6.18179	67	34
208804	6.77799	189	96
208807	5.79216	116	24
208808	6.54803	412	88
20881	5.73657	210	100
20888	6.15	30	25
208887	7.72159	44	25
208888	6.01471	34	6
20889	7.15497	171	96
208895	6.73253	3249	655
2089	5.43933	75	21
208918	7.56118	85	22
20899	7.3	43	16
208995	6.7625	88	25
2090	6.86269	197	86
209001	7.26323	1201	342
209003	8.3125	394	139
209010	8.02394	15124	2400
209014	5.9531	113	30
209033	6.29179	56	6
209053	6.50368	38	17
20906	6.45724	105	55
20907	6.63186	113	62
209090	7.39652	46	25
209095	6.11914	186	31
2091	7.05114	140	72
209113	7.41515	33	27
209136	7.37242	297	102
209166	6.53682	385	106
209168	5.47439	41	17
209190	6.06563	119	53
2092	5.97103	107	49
20920	6.89129	31	15
209206	7.73932	117	55
209220	5.55211	72	22
209222	6.51537	183	54
209225	7.45098	51	34
20924	4.47143	35	10
209280	6.69968	188	78
209282	6.42581	148	38
209283	6.62337	89	25
209284	5.63436	110	37
209289	6.85	246	38
209290	6.92357	143	39
2093	7.03125	6736	1522
209320	7.12469	32	13
209322	7.28857	35	14
209324	7.77101	834	286
209325	6.96039	1191	166
209344	6.43178	90	39
209383	6.33402	97	45
2094	4.83301	103	57
209418	7.90164	5642	709
209423	7.62286	70	11
209447	5.90769	78	25
209450	6.8092	138	34
209452	7.51196	46	14
2095	6.27362	127	45
209511	8.6944	125	58
20952	5.81985	338	86
20953	5.7806	183	77
209530	6.79605	436	53
209538	5.6932	269	108
20954	6.3617	47	38
209541	5.67841	88	29
209542	6.00388	142	48
209551	5.11219	64	11
209567	6.35754	209	65
209578	5.93237	76	29
2096	5.90397	138	66
20963	7.11822	9066	2389
209641	7.4457	302	114
209642	6.18642	81	28
209644	7.19474	38	27
209653	6.96596	47	17
20966	5.78114	246	136
209660	7.56852	925	328
209661	6.52875	32	15
209664	6.60064	448	140
209667	5.87543	62	20
209671	7.43521	753	149
209672	6.68259	135	33
209685	7.3544	20396	3109
209696	7.5604	328	120
2097	5.67647	34	24
209714	7.30034	89	36
209716	6.96843	83	25
209734	6.15894	126	27
209737	5.88684	38	13
209741	6.53907	75	41
209748	6.31667	66	30
209773	7.56707	41	17
209774	7.34028	36	18
209778	7.01784	17274	2455
2098	5.75417	108	55
209809	7.78269	52	11
209812	6.58455	33	6
209836	6.43871	31	15
209849	6.74037	109	26
209850	6.11864	110	27
209853	6.15667	30	12
209863	7.81786	56	29
209877	8.8263	235	108
209886	6.22441	254	73
20989	4.65857	35	13
209893	6.0375	40	11
2099	4.99604	101	30
209926	7.06229	118	54
209945	4.91996	178	66
209951	8.57194	139	86
209976	7.02942	33	7
21	5.5	32	22
210	6.226	488	137
2100	4.91467	92	40
210008	6.37798	366	104
21001	6.46774	31	12
210040	7.3886	750	202
210044	5.91826	69	19
210052	6.35638	605	172
210065	5.99322	111	28
210097	6.75273	55	22
210098	5.31316	38	20
2101	5.87059	34	23
210101	7.40823	164	53
210113	7.55664	140	59
21012	5.99573	82	30
21015	6.66818	66	23
210152	7.36311	193	75
210179	4.72727	55	10
210181	5.13333	45	18
2102	5.39265	68	30
21022	6.67024	330	71
210232	8.23936	919	346
210271	7.6704	233	62
210274	6.9674	1810	506
210290	7.60413	871	192
210295	7.10513	185	57
210296	7.69412	1901	492
210342	6.72604	285	60
21036	6.08571	63	22
2104	5.6	69	28
21040	6.03091	55	35
210406	7.36765	34	2
210410	7.44091	33	4
210411	6.9959	39	8
210412	7.48438	32	7
210414	7.367	50	11
210418	6.81707	222	68
210428	8.26316	38	28
210465	6.96909	55	9
2105	6.65417	120	51
21050	7.94556	5572	1909
21051	5.4407	86	28
2106	5.34444	153	93
21061	6.11053	76	26
210660	6.83608	97	39
210663	6.52467	379	110
21072	6.38765	81	15
210900	6.72151	1117	217
210901	5.60785	34	9
210908	6.77549	281	76
210935	6.23548	31	12
210937	5.92922	86	27
21095	4.805	50	30
210966	6.31731	52	9
211	6.30685	232	96
2110	5.36161	112	25
211047	5.61912	114	82
2111	6.24444	36	7
211128	6.08796	242	112
211146	6.71786	70	9
211168	5.56665	62	16
211175	5.67217	110	35
21123	4.7316	125	36
21124	4.65595	42	16
21133	8.10591	842	214
211364	7.66698	371	164
2114	6.1845	578	267
21141	6.31528	36	29
211450	6.19731	223	42
211453	7.95714	63	27
211454	6.82285	453	113
211485	6.86364	33	10
21149	7.07817	71	71
211492	6.74806	31	7
2115	5.22279	312	130
21150	5.44311	373	193
211533	5.86097	515	124
211534	5.47767	3770	775
2116	5.47667	87	44
211641	7.38553	76	44
211693	9.07143	49	35
211716	7.4577	1143	351
211734	7.11825	291	67
211808	6.708	195	67
211810	6.56328	64	21
211813	7.87374	99	35
21182	7.37727	88	41
211852	7.64583	48	24
21188	6.55455	44	33
211882	6.0883	47	14
2119	5.75882	235	139
211940	6.50635	783	204
211962	6.68636	66	18
211996	6.32365	177	34
2120	3.6175	40	35
212027	5.05187	315	97
212042	6.86364	33	28
21209	5.3	55	32
2121	6.3617	141	87
21219	5.67477	111	30
2122	7.21856	2306	725
212281	7.4896	1047	267
212288	5.79453	53	9
2123	6.44238	282	89
212310	5.48636	66	15
212346	8.52983	544	173
212348	5.62031	64	26
212370	7.39132	167	80
212376	6.40092	261	79
212378	6.45538	130	42
21239	5.09732	586	311
212401	7.98136	59	30
212402	7.12508	4915	1007
212404	6.95052	291	109
21241	7.40331	13806	2957
212436	3.46383	94	24
212445	8.04563	2382	421
212450	7.2557	158	58
212487	7.28651	177	74
21249	5.11818	99	55
2125	7.17252	302	157
212516	7.33026	1819	480
212551	6.71126	243	66
21257	4.38971	34	20
212580	7.23424	236	71
212581	7.35993	135	37
212610	5.99825	57	12
212662	7.93918	312	63
212668	6.0875	48	21
212687	6.51784	88	38
212688	6.19483	58	11
21269	6.55405	37	17
2127	5.64871	456	173
21276	5.525	92	64
212765	6.85233	1083	301
21277	6.96447	76	16
2128	4.79825	57	30
212807	6.67638	94	42
212839	7.26321	162	54
21286	6.00706	163	92
21287	6.3076	1313	527
212873	5.30496	194	53
212883	6.15059	85	10
2129	6.58399	761	318
212902	5.52581	31	9
21293	5.61123	770	279
21294	5.66471	68	27
212958	6.71857	224	85
212969	6.37312	93	31
2130	4.93965	357	156
2131	6.22895	57	28
213149	6.96613	346	90
2132	6.39209	278	119
21324	7.05245	102	55
213260	6.03019	53	15
213266	7.16691	2507	699
213268	5.52343	35	17
2133	6.09469	576	206
213301	6.92127	63	34
213304	6.40902	51	23
21331	4.93676	68	22
213370	6.40977	883	234
2134	5.94258	66	20
21342	5.82449	185	75
213421	7.10698	106	15
21343	5.66176	85	37
21348	7.41347	8845	2138
213491	6.02569	203	45
213492	6.76215	929	209
213497	8.38787	136	65
2135	6.21447	329	153
213500	6.32222	45	49
213503	6.77484	311	129
213549	6.90496	425	106
213578	6.42941	51	28
21358	8.03884	173	63
2136	4.49749	4768	1565
213631	6.54255	47	12
213648	7.84441	179	109
21366	8.31707	41	10
213661	6.58961	458	178
213670	7.03752	332	89
2137	6.04035	57	38
21373	7.70509	246	77
21374	5.48387	31	17
213787	4.84211	38	41
2138	6.51717	99	53
21380	6.79791	772	355
21382	5.53225	56	28
213834	6.87778	54	17
213871	3.612	30	17
213882	6.99513	401	135
21389	4.78605	281	106
213893	7.21821	5855	998
2139	5.59399	373	180
214	6.22732	2628	677
2140	5.42188	64	33
214029	7.68483	1938	534
214032	6.68329	2762	803
21412	5.98913	46	29
214123	6.3957	177	84
214125	6.9224	175	73
21414	7.46597	182	122
214204	6.85797	289	65
214213	6.30698	86	32
214224	5.39606	166	43
214234	7.70407	605	198
214276	5.452	45	10
214293	6.54159	2566	456
214296	8.44456	184	83
2143	5.62078	141	61
214343	5.39802	121	44
21435	5.78462	39	21
21436	7.12794	180	85
214396	7.07947	1838	423
2144	5.07362	127	60
21441	6.85078	3890	1301
214427	5.42375	40	26
21447	7.22973	37	18
214484	7.73749	806	241
214491	6.39673	542	84
21457	6.03679	78	48
2146	5.76444	270	108
21463	6.03457	282	95
21464	6.2183	1396	614
21465	5.38636	44	26
21469	6.34312	258	121
214758	7.52287	94	59
21479	6.44519	52	35
2148	5.43333	123	60
214849	6.5	39	15
214879	6.66179	95	38
21488	6.01091	55	42
214880	7.85439	2114	513
214887	7.61273	2563	677
214898	6.73221	163	37
214899	4.80785	208	39
2149	5.67584	161	87
214910	6.07184	279	88
214970	6.19759	100	35
214988	7.6566	385	144
214989	6.56153	372	133
214996	8.08573	295	113
215	7.57768	13884	3467
2150	6.88113	451	226
215004	6.15476	42	13
21503	6.43137	204	37
215058	7.46881	67	7
21506	5.82174	232	58
215065	5.76338	130	39
215066	6.37765	180	40
2151	5.70886	79	42
215110	6.56513	39	19
21513	5.4125	32	13
215154	5.35357	70	26
215155	7.54189	74	53
215213	6.71329	204	74
21523	6.88339	7855	2153
215259	6.13953	43	10
21528	3.94444	45	24
2153	6.62262	84	57
215308	6.82405	760	181
215311	7.34138	9681	1637
215312	7.0196	1515	373
215341	7.86458	3519	852
215371	6.94651	853	233
215389	6.91844	45	19
215392	6.21892	253	73
2154	7.23093	256	96
215436	6.99109	129	37
215437	7.52489	462	122
215455	6.76386	83	17
215463	6.73838	1784	339
215469	5.88237	284	63
215471	7.4089	437	103
215482	6.32237	201	70
21550	6.89443	2999	865
215503	7.35306	123	21
21551	8.01144	772	304
215521	6.5478	188	143
215526	7.41111	45	29
215532	5.40351	57	8
21555	5.20064	31	18
215565	8.82327	202	79
2156	5.30855	270	135
215609	5.92821	39	8
215613	6.87891	1353	440
215614	6.01673	254	90
215616	7.58407	377	84
21563	5.49779	68	20
21566	5.14157	83	29
21569	7.58663	104	20
2157	6.93873	150	78
21572	5.975	138	50
21577	5.34091	44	32
215796	5.91979	48	22
215806	7.10638	47	19
215840	6.84866	2784	522
215841	6.9822	3075	513
215842	6.91962	3189	541
2159	6.17167	60	28
215918	6.03698	328	75
216	5.81743	716	370
2160	6.19063	64	33
216014	6.11108	254	55
216070	7.16247	1294	323
216072	5.61212	33	10
216091	7.03797	2651	447
216092	7.18045	2780	517
216094	6.71327	1788	397
2161	6.04	105	40
21613	5.51304	474	185
216132	7.98675	16724	2550
216179	7.53447	235	103
216199	7.49801	730	140
2162	6.5171	2334	720
216201	7.04266	2569	498
21622	5.81875	56	17
216224	6.16343	198	71
216234	6.49429	475	125
216282	6.40485	103	39
2163	7.47173	3703	975
216301	5.80055	91	17
21631	5.30827	133	59
21632	6.45061	3914	1326
216330	6.46946	37	7
21634	5.92723	101	30
21635	5.99839	62	41
216357	6.29833	250	73
216367	6.53482	56	17
216381	7.29641	627	225
2164	6.17798	89	47
216403	7.23418	864	203
21641	6.40072	1639	696
216428	7.1422	1357	340
216439	6.6244	1546	342
216459	7.07367	5597	1197
216482	6.01765	362	96
216497	6.93411	224	64
2165	6.27982	3743	957
21654	6.5236	1844	634
216578	6.68199	622	113
216597	7.15268	1313	337
2166	5.26553	414	168
216600	7.49412	2981	754
216629	6.13286	35	12
216630	7.20272	92	43
216631	5.78766	64	22
216632	7.22727	1305	318
216640	6.98819	279	89
216647	5.52356	69	28
216658	7.46433	751	125
21666	5.78155	168	62
216694	6.68507	138	43
216695	5.83491	55	11
216710	8.1024	175	55
216734	7.60294	4354	958
216740	7.03788	66	21
21677	5.671	110	32
216798	7.35409	286	49
2168	6.29288	553	269
21685	7.61225	49	11
216864	6.36788	444	172
216865	7.5564	238	95
216895	6.7264	50	6
2169	5.60732	149	72
216906	4.30645	31	17
216907	5.71853	113	53
216974	6.60441	570	193
216985	6.28878	288	72
217	6.46067	3147	953
217007	4.56667	36	13
217012	6.70737	114	58
217015	5.921	50	8
21702	4.53462	104	44
217020	6.68025	412	112
21703	6.75294	102	42
21704	5.85386	913	370
21705	5.46619	176	45
217083	7.59244	965	279
217085	6.89525	4191	805
21709	6.06744	614	245
217095	6.52578	45	9
217099	7.71237	305	85
2171	6.37595	79	32
21716	6.02632	38	23
217176	6.82676	170	37
217177	5.33243	74	20
217197	8.33823	34	23
2172	5.7619	42	13
217201	6.92228	57	44
217230	5.7413	92	9
217261	7.40582	79	20
217268	6.38158	38	11
217270	6.64146	82	39
217275	5.35345	58	11
21729	5.52703	111	49
217298	6.25333	72	34
2173	5.96469	439	174
21730	6.61667	30	20
217320	5.85684	38	11
217321	6.58451	575	115
217322	5.74554	71	13
217335	6.55611	150	24
217338	6.36588	148	23
21734	4.75061	99	55
217340	5.3265	40	6
217344	6.10946	74	22
217353	7.18172	268	122
217362	6.52854	631	136
217372	7.62274	15449	2431
217378	6.61333	30	10
217398	7.45293	1164	328
2174	6.49549	133	84
217404	6.26415	118	33
217423	6.88295	281	110
217424	5.96005	135	23
217428	6.75225	152	58
217430	6.75	40	20
217431	6.60692	65	34
217447	6.18721	172	29
217449	6.90133	6295	1097
21746	5.43548	31	8
217466	6.87293	332	88
217470	6.78267	116	30
217471	7.30424	152	22
217475	6.46532	679	140
21749	4.8439	82	34
2175	5.44366	71	24
217531	6.72455	325	103
217538	6.97368	57	10
21754	6.25593	1493	500
217544	7.41502	164	71
217547	6.17719	518	161
217553	6.353	437	97
217554	5.95942	263	63
217576	7.96204	260	113
217581	6.35333	135	39
2176	5.57386	88	39
217609	7.61626	179	104
217619	6.06106	224	50
21763	6.99947	16109	3497
217671	5.9961	77	25
217680	5.982	50	20
21769	7.09255	94	59
217776	7.2675	740	270
217780	7.46093	2742	578
21779	7.99536	194	126
2178	5.46226	53	16
217827	5.97556	45	11
217838	6.18333	33	12
217861	7.06381	3916	705
217863	6.24468	47	22
21787	4.63333	30	21
21788	5.28583	60	15
217884	6.71207	58	23
217890	6.05384	159	24
217894	6.50552	636	228
2179	6.056	412	149
21790	7.09817	18703	4130
21791	6.50523	2438	913
217934	7.86895	218	91
217949	6.53493	789	192
217959	5.92353	51	11
217974	6.94803	137	67
217977	7.60135	37	12
21798	5.79331	289	103
217990	8.0098	247	137
218	5.81772	268	217
2180	6.03192	181	92
218007	8.03704	54	28
218025	6.84232	398	129
218028	6.2898	200	59
21804	6.67808	945	473
218050	7.06808	789	224
21807	5.31579	38	22
218074	7.97233	1528	488
21809	5.45623	154	64
2181	7.46055	2942	777
218121	7.1852	4307	787
218126	6.77715	312	49
218129	6.75424	1176	237
218161	6.47381	593	143
218165	6.38382	34	5
218179	6.42282	440	122
218200	6.94136	169	65
218208	7.03847	1164	247
218235	6.01053	113	25
218236	5.75171	123	30
21829	6.27928	181	52
218293	7.00879	1812	504
218310	6.47384	344	116
218311	6.67247	2261	427
218314	6.09531	373	78
218333	7.27806	4022	729
218349	6.31515	33	18
21835	4.66329	79	15
218358	4.52533	75	32
218376	7.57111	405	158
218395	7.68034	380	172
218417	8.37757	4061	787
218421	8.1603	1147	308
218453	6.55108	93	17
218459	6.17417	72	21
218460	5.57738	42	13
218465	6.2557	137	27
218479	7.81736	1964	539
218489	8.29435	62	27
21849	5.85725	109	24
218491	7.68293	41	22
218503	7.27175	80	33
218509	7.51203	2074	650
218519	7.08333	118	31
218530	6.9523	2740	736
21854	6.13972	377	173
218556	6.24582	134	28
218574	5.48158	38	12
218576	6.37494	173	34
218577	5.54444	45	14
218580	6.84201	418	151
21859	5.30788	358	150
218590	7.16176	34	8
2186	5.29697	66	19
218603	7.09107	18873	2846
21861	5.97825	35	25
218610	6.81645	76	24
218612	6.49442	52	9
218615	6.25566	53	13
218632	5.85336	110	27
218637	5.96236	110	30
218639	4.69485	33	12
21866	4.53061	49	27
218666	7.77273	33	24
218722	5.53897	143	21
218769	6.01902	132	32
21879	6.64533	30	11
218804	7.18785	1560	268
21881	4.1186	43	12
21882	7.03765	7928	2381
218824	5.81046	306	40
218842	6.45789	57	31
218854	5.90958	69	16
218863	6.75411	207	41
2189	6.12347	124	57
218905	6.24839	62	16
21892	6.42578	1244	495
218920	7.00804	1407	310
218923	6.81667	57	20
218933	7.84058	224	56
218943	6.16429	70	24
218948	7.40626	179	64
218957	6.43511	235	67
218988	6.14545	44	23
218993	6.00234	64	24
218995	6.65656	828	187
218996	7.24412	68	33
219	6.18234	167	57
2190	5.46983	189	81
219100	7.70692	1739	551
219101	7.98552	843	294
219122	6.83813	157	23
21915	7.66304	46	23
2192	6.42127	221	122
21920	6.74492	3386	1258
219208	6.62949	39	5
219215	7.14958	3950	738
219217	8.79316	725	274
219232	6.79323	618	106
219276	7.07365	299	68
219278	5.642	40	13
2193	5.19343	67	40
21930	6.31828	606	133
219312	6.21517	58	17
219348	6.18247	77	24
21935	8.22857	35	21
219359	5.62717	92	23
219374	5.7667	38	6
2194	6.08673	211	107
21941	4.74203	69	29
219410	6.12059	34	9
219430	6.30424	399	81
21947	7.393	217	115
2195	5.79865	111	58
219502	6.06667	96	26
219509	6.42979	186	50
219511	5.29412	34	14
219512	6.92879	602	203
219513	7.35452	13947	2159
21954	6.90149	1853	792
21955	5.83078	836	445
219564	6.92424	33	17
2196	5.35088	57	26
219621	6.52343	325	60
219622	6.42815	92	42
219638	6.32848	441	101
219650	8.38167	58	165
219661	6.59474	38	15
219666	8.71622	37	22
21967	4.96786	42	13
219670	5.17965	113	29
2197	5.35317	441	228
219708	6.63007	1266	266
219717	8.44686	72	36
219766	7.13183	109	62
219783	6.79451	91	50
2198	5.78923	65	42
219807	7.68061	98	38
219832	7.46541	664	264
21985	6.66306	578	275
21986	5.68871	31	21
21987	6.04688	64	24
2199	6.06091	220	118
21990	5.66942	69	24
21991	6.54835	91	38
219926	7.41714	35	20
219988	6.8127	63	31
22	7.212	2019	1146
220	7.09821	10158	2679
2200	6.45354	127	58
2201	6.03891	271	133
220124	6.29693	47	20
220133	7.66251	593	198
220137	7.03486	37	12
220141	7.10743	165	45
220155	7.03791	318	107
22019	5.32328	430	185
220193	6.30418	338	70
220198	5.90176	68	26
220199	5.98912	116	40
220203	6.53422	463	113
220224	7.6864	83	29
220226	5.5196	33	8
220234	6.90049	43	14
220258	6.92333	90	35
220276	6.15155	129	24
220284	7.42803	132	37
22029	7.76264	91	36
2203	5.60909	110	47
220308	8.47268	19183	2752
220331	8.09889	72	38
220341	7.51645	98	56
22035	5.59839	93	42
220367	7.62556	764	232
220368	6.23492	208	63
22038	6.86652	3883	1148
220380	6.86575	151	123
220406	6.29167	36	13
22042	4.15094	53	38
220440	5.36545	55	28
220443	6.41903	113	22
22045	5.37147	34	16
220461	7.47667	34	7
220478	6.47791	102	30
22048	5.68566	75	19
220499	6.94252	101	28
2205	5.97154	201	93
220508	8.51711	152	76
220517	7.48455	2510	575
220520	7.16564	5609	942
220541	6.18326	89	31
220546	4.5303	33	12
220547	6.36705	403	114
220558	6.63791	488	218
220588	8.13345	503	196
220597	6.76744	43	13
220598	6.79217	281	104
2206	5.27018	219	91
22061	6.3352	125	19
22062	6.1213	46	27
220624	5.58901	91	18
220628	6.72367	387	59
220630	6.97944	65	16
220632	7.32727	1357	316
220642	5.78	50	26
220672	6.17943	180	55
220674	6.25881	63	25
220675	6.87037	81	27
2207	6.11824	74	27
220700	6.28187	681	161
220707	6.4601	99	21
220721	6.35426	47	12
220730	6.80302	200	86
220738	6.65674	441	69
220741	5.40957	94	25
220774	6.26614	922	215
220775	6.70269	2117	356
220778	6.33438	479	98
220780	6.36195	1095	246
220784	6.43692	499	121
220792	7.1978	1460	365
22080	5.54319	141	46
220827	8.06389	525	157
220843	6.63061	82	39
220848	6.83939	44	10
22085	5.15617	114	43
220861	6.22643	128	57
220877	7.72328	10429	1557
220878	6.24469	156	32
220885	6.66635	52	33
2209	6.45385	39	26
22090	5.14567	90	48
220926	6.10891	454	101
220930	6.67143	42	33
220975	8.65076	105	39
220980	6.3835	40	25
220987	7.90967	60	32
220988	6.37737	570	145
221	7.0231	4987	1804
2210	6.02549	53	25
221059	6.32432	37	8
2211	6.56044	203	106
221107	8.10833	13651	2155
22111	5.67597	501	261
221122	7.50909	55	21
221155	7.1187	542	167
221194	7.6805	13125	2406
221198	6.18748	218	80
2212	5.94037	380	205
22122	5.52322	87	22
22123	5.71321	53	30
221230	6.85601	466	148
221233	6.47415	270	92
221248	8.11883	341	85
22126	7.32222	45	23
221263	5.659	120	33
221298	6.34394	33	23
2213	6.34761	205	126
221318	7.12262	3128	649
221366	6.59041	501	63
221367	7.0601	71	23
221368	7.56362	210	51
221369	7.33665	196	44
221371	6.5332	250	62
221372	6.52666	352	98
2214	5.83691	152	69
221408	7.27667	105	28
22141	6.80056	6363	1963
22143	8.07857	582	256
2215	5.98886	176	86
221599	7.5351	365	119
2216	6.24503	189	93
22161	7.84	180	76
221633	5.59633	30	7
221643	5.60147	273	98
221644	5.2931	222	57
221661	6.7684	125	52
221669	7.29522	309	135
221677	7.7093	43	23
22169	5.57539	204	53
2217	5.82048	166	55
22176	6.43209	43	49
221769	7.70065	1020	390
221805	6.79669	251	78
22182	7.8075	40	22
221848	8.26643	193	71
22186	7.16304	46	20
22192	7.3212	1526	281
221938	7.31	35	10
221965	7.2041	10890	1972
221977	6.61867	173	74
22198	6.18505	2059	743
221982	7.45773	44	11
222	6.08829	1462	428
22203	8.25735	68	24
22205	5.95435	46	21
22209	4.32353	68	23
222145	6.35328	815	251
222219	7.16279	979	186
22227	6.88431	51	57
222291	8.19894	47	23
2223	5.41271	23150	4472
22233	6.20895	95	34
22237	6.45887	963	315
2224	6.74756	287	109
222401	6.71695	59	15
222407	7.72104	765	211
222424	6.7428	118	48
22244	5.81641	195	90
22245	6.59104	1642	612
222462	6.77669	175	78
2225	5.00068	74	44
222502	8.28403	57	28
222509	7.79142	6147	1247
222514	7.70549	2291	635
222531	7.55233	189	63
22254	5.50661	110	45
222542	7.00675	2085	446
22257	5.86667	45	5
222584	6.76638	47	22
22259	5.79348	46	17
2226	6.37075	133	51
222643	6.555	595	208
22265	4.81515	66	20
22266	5.64942	334	151
22268	5.44107	112	45
222741	6.11917	109	38
22278	6.42894	1577	470
222798	6.81862	65	44
2228	6.66703	963	461
222821	6.92049	284	106
222853	6.40972	239	88
222862	6.71765	490	177
22287	6.27435	1712	577
222885	6.09539	102	64
222887	6.8361	590	115
22289	4.74194	31	5
2229	6.14723	217	90
222913	6.86	39	19
222951	7.20062	124	48
22297	7.17619	63	62
22299	6.38	40	37
223	6.81866	1112	396
2230	7.07021	47	17
22303	7.23671	286	131
223033	7.3709	134	59
223034	5.59714	77	27
223040	7.55078	7748	1121
223049	6.83135	1876	399
22305	5.96852	54	28
223096	6.67192	130	40
223149	6.45	30	13
223151	6.33215	221	71
223167	7.97529	123	57
2232	6.76875	48	32
223201	6.06013	258	83
223215	7.04466	1816	414
223222	5.99214	109	26
223278	6.91863	1160	268
223286	6.33098	84	27
22329	6.99722	36	23
223312	6.80814	202	37
223321	7.82101	8323	1496
223322	6.49479	96	46
223327	7.18514	122	33
223329	6.02794	34	30
223330	6.47	70	36
223332	6.225	37	12
22336	6.28305	59	13
223360	6.13407	229	36
223376	8.1902	837	251
22338	5.31875	48	25
2234	5.31148	515	160
22342	5.0287	54	27
22344	5.94362	47	13
223449	6.64583	272	91
22345	7.07751	7856	2162
223454	7.32726	73	16
223455	6.93235	68	10
22347	6.40998	885	388
22348	6.97796	2054	446
223481	6.67491	171	51
2235	5.84203	251	118
223514	6.66296	167	60
223518	6.20466	420	149
223538	6.25726	326	48
223573	6.24074	81	40
22359	7.72183	234	120
223590	7.49412	34	20
223597	6.16032	93	43
2236	7.6225	60	44
223602	6.49271	420	116
223619	7.49401	142	40
223669	8.10909	55	32
223674	5.90988	280	101
223726	6.59451	290	67
223740	6.94827	2819	668
223742	6.4116	280	54
223750	7.23974	2720	724
223762	5.84546	61	34
223763	5.7928	143	67
223767	7.21124	89	46
22377	6.71723	177	94
223770	7.14017	2108	406
223777	7.03681	164	71
223779	6.49049	1711	367
22378	7.21381	106	67
22379	5.27761	67	48
223790	6.96905	42	32
2238	6.55189	1711	789
22380	5.19762	42	24
223811	5.32973	37	20
223855	7.24112	2225	493
223892	6.22778	36	11
22392	6.04943	192	43
223931	7.91459	931	213
223946	7.21268	41	21
223947	6.54683	63	34
223950	6.77693	277	89
223952	6.96176	68	15
223953	7.33165	3195	578
223971	5.73058	77	43
22398	6.67052	1130	422
22399	6.28595	116	54
223996	7.18571	189	30
224	7.12139	4427	1587
2240	5.84458	415	149
224010	5.85268	56	22
224011	6.07508	108	25
224013	6.02842	190	51
224031	6.66541	675	140
224037	7.53448	16718	2442
224039	6.77381	42	15
22406	7.10909	55	49
224060	6.2	108	42
22407	6.18852	61	53
224079	6.81458	468	147
224108	7.50769	65	14
224119	6.76464	181	84
224122	6.36125	40	15
224125	6.6414	372	122
224133	7.1651	517	149
224134	6.43938	349	74
224141	8.59065	139	41
224149	8.34056	180	67
224152	7.25139	36	24
2242	5.04309	356	132
22420	7.31522	299	147
224212	4.98099	131	49
22427	6.51293	41	108
224271	6.5727	436	99
224272	6.62919	1802	362
224288	8.03107	56	22
2243	5.40922	12730	3210
224303	7.14092	180	135
224316	6.91589	844	212
224319	6.36932	200	65
224374	8.52375	80	54
224403	7.5898	201	80
224416	8.47692	39	29
22445	5.05439	57	23
224454	6.08824	34	18
224483	8.25741	452	167
224517	8.66343	25515	3824
22457	6.74699	805	297
224590	7.075	36	17
224596	6.60618	34	41
224597	7.71787	2668	484
224635	7.17742	31	13
22464	6.31522	46	34
22465	6.16275	586	176
224656	6.23608	97	44
224662	6.66228	114	14
224664	5.62135	104	25
224675	6.51714	175	52
224678	7.44966	88	33
224680	6.43692	52	20
22469	5.61466	58	28
2247	6.93689	596	267
224710	7.75593	3311	667
22472	6.85102	147	105
224751	5.40411	158	60
22476	6.28286	105	56
22477	5.99884	129	45
224783	7.82863	5244	1230
22479	6.45828	401	177
224793	6.725	30	22
224794	7.10926	81	30
2248	6.25229	196	84
224815	6.50194	62	22
224821	7.1896	2366	585
224830	7.47824	85	45
22484	7.09234	1953	605
22485	6.28136	485	258
224894	6.77463	549	132
2249	6.14349	261	141
224904	6.98684	1202	367
224907	6.33696	378	75
224937	6.08313	32	25
22497	6.23555	1006	279
224979	6.73306	62	24
224986	6.15149	178	26
224992	6.5791	67	8
224999	5.98264	77	30
225	6.63562	605	291
2250	6.61746	860	425
225000	6.30245	197	60
22501	4.83226	31	14
225062	6.81028	134	36
225084	8.38064	31	25
2251	7.79598	1101	484
22511	6.72206	68	35
22516	4.09062	32	23
225163	6.70615	650	169
225166	7.49796	49	37
225167	7.79959	1454	413
2252	6.8942	203	123
225208	3.12857	35	19
225214	6.81172	335	82
225235	7.00866	67	60
225244	7.62215	1256	229
225274	6.62793	87	85
2253	5.18769	221	157
225313	5.34062	80	10
225316	6.61256	211	51
225317	6.91801	272	97
22532	6.84814	1259	370
2254	6.74313	291	145
22544	6.31313	313	111
225449	6.95128	78	19
22545	7.53277	9969	2622
225481	6.05833	36	15
225482	7.18632	680	170
22551	6.82092	1086	384
225526	6.99935	77	26
225569	6.98	75	13
2256	6.29242	277	134
225610	8.14264	129	65
225645	6.69746	118	56
225653	5.72612	67	13
225694	7.79134	14500	2056
22571	5.47073	74	37
225729	6.78652	1336	267
225736	7.18732	142	52
225740	7.31395	43	20
225759	8.13065	138	84
22578	5.57031	32	10
2258	5.44439	196	109
225800	7.16066	61	35
225818	6.9662	1427	348
225885	6.00394	2213	1001
2259	6.24916	983	529
225908	6.73223	88	31
225909	7.79787	47	24
225910	7.14126	752	193
225932	8.41842	38	14
22594	6.15204	49	23
22595	5.725	40	5
225976	6.99657	105	44
225977	6.88209	129	29
225979	6.23158	38	13
225981	6.01361	319	66
226	6.57927	41	22
2260	5.9734	47	24
22600	7.59348	46	25
226006	7.39745	98	38
226009	7.52813	233	60
226013	5.82361	36	6
22604	6.51439	228	125
22606	6.58402	169	137
226081	7.08125	48	13
226085	6.29035	66	24
226089	6.9246	216	74
226115	7.74848	33	21
22614	6.24348	46	14
226146	6.40159	410	108
22616	5.57157	51	30
226170	7.36475	101	37
226176	7.88238	332	98
2262	6.6371	124	65
226213	7.17095	516	127
226254	6.90607	553	167
226255	6.74324	557	112
226256	6.82442	191	36
226264	6.74357	56	20
22629	4.75056	90	43
2263	6.28306	62	35
226312	6.86834	144	52
226320	7.33378	4453	928
226322	5.76805	1125	281
226330	7.62167	36	14
226354	6.42673	101	11
226356	5.39737	38	16
226358	6.4825	40	11
2264	5.6027	74	35
226426	6.24638	69	26
22644	5.92222	90	32
226445	7.03328	275	93
226454	6.45076	198	57
226457	6.2599	96	39
2265	5.91816	380	128
226501	7.23512	2246	589
226502	7.0119	42	33
226506	6.94867	105	45
226518	7.0899	2723	492
226519	6.89384	1152	238
226520	7.39992	1948	332
226522	7.66558	3723	658
226529	6.64062	32	12
226562	6.41804	275	97
226588	7.04399	410	192
226592	6.53	170	26
2266	6.59516	1729	577
226605	7.27519	650	209
226610	5.13167	1687	308
226616	6.66875	64	30
226619	7.0717	53	8
226631	7.18218	666	228
226634	7.28928	1244	326
22664	5.7182	434	110
226643	6.13878	147	55
22666	6.78627	102	33
22673	5.81415	269	135
226736	6.58333	54	65
22674	6.24333	30	8
226757	6.21296	54	13
22677	6.8289	317	165
226789	7.8675	40	25
2268	6.42641	340	170
226802	7.44882	84	55
22682	5.59283	32	14
22684	6.35931	189	81
226860	6.10883	278	73
226878	4.90632	95	37
226997	7.17653	98	53
227002	7.45812	308	88
227010	5.99798	33	10
227018	5.97171	123	21
227026	6.58107	81	31
227029	6.57521	529	131
227070	6.63226	31	20
227072	6.63963	2782	536
2271	6.60893	56	35
227110	6.86592	223	58
227127	8.09977	222	87
227143	7.359	80	27
227162	6.25569	223	85
227163	7.2225	52	19
227171	6.64776	236	73
227196	6.43806	31	7
22721	5.8788	217	97
227212	8.23792	138	76
227221	6.23438	32	10
227224	7.8954	3820	639
22724	5.46538	52	23
227254	6.88267	75	28
227265	6.26564	55	19
227273	7.41967	591	120
227316	6.22636	55	21
227318	6.21723	65	22
227326	8.1858	69	34
22733	5.95037	268	116
227422	6.25369	350	88
227425	6.04861	72	22
227456	7.51432	2596	734
227460	8.35503	1321	406
227466	7.2376	654	133
227468	6.07151	86	52
2275	4.68599	167	78
227502	6.57544	114	64
227505	7.752	45	17
227515	7.4815	2145	397
227527	7.01946	65	30
22753	5.8431	58	34
227545	7.06983	736	202
22756	7.56452	31	23
227563	7.04104	71	27
22758	6.97034	59	47
227582	6.67036	103	44
227599	6.14426	61	16
227605	6.44784	282	90
227693	6.55516	285	72
2277	6.66145	83	31
22770	3.76078	77	47
227758	6.79628	1777	422
227789	7.57035	7106	1125
227794	7.5219	63	29
227813	7.25472	53	21
227837	5.67582	91	38
227842	7.35806	31	23
227847	5.54889	45	25
227888	7.8771	124	26
227893	6.64886	697	181
22790	5.6517	88	52
227935	8.45177	85	142
227981	6.125	30	14
22799	5.5601	99	37
227995	8.47978	136	70
228	5.63114	2576	878
2280	5.20803	137	51
22801	4.95	32	11
22802	5.0625	32	16
228051	8.09606	330	106
22808	6.61397	68	18
2281	5.82727	7229	1728
228101	6.49268	147	21
228133	7.01733	902	253
228142	6.59463	121	32
22815	5.91439	31	6
22818	5.28065	31	8
228183	7.0212	276	100
228234	6.44735	184	59
22825	7.20387	3776	1192
22826	6.13201	324	148
22827	7.34159	7171	1739
2283	4.80298	47	33
228310	6.50962	52	13
228328	7.83062	1575	437
228341	7.71393	6916	1080
228370	9.42857	70	45
228371	6.87372	95	46
228372	7.45092	619	171
228373	6.91563	48	27
228378	6.9227	148	80
22839	4.924	100	26
228390	6.70724	398	114
228399	8.24906	117	56
2284	5.96641	106	62
228409	7.21535	141	36
228411	7.1518	1071	229
228412	7.24676	185	88
228419	6.47368	38	4
228420	6.78892	37	16
228425	6.30107	165	53
22843	7.61941	87	63
228452	7.68876	112	110
22847	6.48268	197	62
2285	5.92771	292	103
228501	5.02811	74	46
228503	4.15	38	28
228504	7.07486	4251	877
228509	7.43137	51	23
228526	7.13247	81	14
228550	7.38414	58	24
228553	6.87149	248	101
228570	6.59664	342	166
228580	6.84995	394	161
228601	7.12778	36	18
228602	7.81659	441	181
228603	6.2064	125	65
22861	4.85503	450	221
22863	6.55758	158	69
22864	6.0591	1021	362
22866	5.36912	49	12
228660	7.13077	3124	624
228668	7.67175	618	164
228687	4.49563	32	10
2287	6.61054	294	79
228713	6.62087	92	42
228724	6.86827	52	38
228740	5.78788	118	49
228742	6.84211	38	26
228766	6.74981	365	184
22877	7.86249	1170	618
2288	6.84324	1367	338
228855	7.32074	2179	526
228882	6.23146	89	33
228889	6.75455	33	16
22889	5.45053	1128	335
228943	6.71173	255	35
228944	7.61072	115	46
228959	7.29299	918	244
22897	7.16634	984	432
229	6.20636	1294	476
2290	6.36133	1481	463
229006	6.81461	352	120
22901	6.90222	54	36
22910	6.0661	105	36
229131	6.62727	44	12
229165	6.07742	31	13
229172	6.86343	35	8
229218	7.17145	1247	302
229220	7.5188	5758	983
22923	4.85	34	16
229235	6.33403	181	72
22924	6.43278	164	69
229241	6.32857	126	48
229243	5.74386	57	21
229244	6.56239	113	29
229265	7.52542	1896	373
229297	6.19643	70	36
22931	4.546	50	13
229315	6.95707	259	68
229319	6.60062	161	104
229369	6.17347	49	10
229370	7.23914	525	170
22938	5.81463	628	258
2294	5.23129	433	256
22940	7.66145	83	47
229406	7.13778	45	9
229408	6.51955	67	17
229414	7.16028	799	185
229427	7.6226	403	89
229453	6.39611	314	73
22947	6.78772	136	69
22948	5.9676	1114	181
229491	7.53545	1479	427
229496	7.38068	88	63
2295	5.10262	80	30
22950	6.22777	336	87
229527	6.91412	85	5
229537	5.71731	52	16
229540	7.31056	54	22
229543	6.17062	434	126
229598	6.65917	406	113
229599	6.76831	242	63
2296	5.61301	824	398
229632	6.80812	561	140
229640	6.81161	56	26
2297	5.23689	293	117
229703	7.36757	37	12
229708	6.47336	110	13
229713	8.41615	358	175
229736	5.66667	81	10
229741	6.90028	915	230
229742	6.34276	203	60
229782	6.73237	170	57
229791	6.36965	878	365
2298	7.11946	149	72
22980	3.83392	51	24
229853	7.92804	15172	2216
229892	7.69131	1680	443
2299	6.06304	46	25
22990	6.5	31	14
229902	3.7963	54	17
229910	7.01237	44	12
229954	5.05952	42	16
229955	6.29441	31	11
229956	6.5942	750	263
229957	6.40407	82	14
229965	6.95502	144	84
22999	6.84647	34	16
23	7.13683	565	304
230	7.14335	2674	960
2300	7.07955	88	32
230040	7.83061	49	31
230050	7.54682	311	96
230059	6.4814	758	216
230063	6.54722	36	19
230064	6.43079	190	80
230065	5.99388	49	14
230080	6.97615	5577	885
230081	7.37347	49	18
230085	7.34095	2127	508
230089	6.7452	571	144
2301	6.13601	469	172
23010	6.36416	670	204
230130	6.75087	63	24
230146	6.73478	46	22
230191	6.69245	1477	469
230200	7.10385	995	198
230240	6.46712	73	18
230244	7.36236	3634	764
230246	7.08462	39	6
23025	5.2832	128	65
230251	6.23269	1965	585
230253	7.99508	3311	652
230262	7.4124	149	24
230265	7.211	249	115
230266	6.02772	285	57
230267	6.96475	2361	576
230273	7.31596	213	57
230275	6.57518	280	60
2303	4.84388	98	63
23030	6.03492	63	37
230303	7.04341	1909	392
230304	5.96103	1872	405
230305	7.03995	1742	385
230315	6.74896	270	69
230316	6.17733	96	30
230342	6.71365	1171	219
230358	6.36459	456	90
230361	6.8919	290	70
230383	6.9255	1887	328
2304	5.9266	94	35
230408	6.38591	1704	433
230424	6.43389	157	104
230430	6.4322	374	106
230488	6.76306	36	10
23049	5.34471	359	131
230498	6.25165	1721	313
230514	7.26667	84	28
230528	6.71085	94	23
23053	6.2561	774	317
230548	7.22321	56	7
23055	6.60268	149	77
230553	7.42866	117	28
230570	6.75065	77	39
230590	6.87678	304	115
230591	6.36869	451	107
2306	5.02667	45	21
230619	6.33405	37	8
230650	7.18153	305	136
230667	6.77344	290	90
2307	5.90553	226	95
230731	6.3115	164	55
230746	6.87984	186	35
230751	7.11548	188	51
230765	6.94064	324	85
230768	5.43952	62	29
230769	7.30032	871	301
230785	6.77942	147	46
230791	8.12736	1078	380
2308	4.4721	62	34
230802	7.79966	62860	8014
23081	6.225	40	15
230852	6.58386	573	114
230860	7.60385	78	37
230864	3.68735	117	40
230885	6.14062	32	9
230889	8.32116	869	201
230890	6.06214	42	11
230898	6.91441	209	33
230910	5.71342	53	9
230915	5.85484	31	6
230916	6.62857	42	12
230933	7.12578	3144	655
23094	7.124	2786	825
230955	7.03302	42	5
230966	7.58211	60	30
230967	8.15938	32	15
230968	6.60053	190	31
230976	4.61176	34	12
230995	5.27556	45	6
231	5.72557	239	143
2310	5.77912	170	43
231019	6.18444	45	18
231027	6.54151	228	59
231032	5.98166	169	43
231035	7.47727	55	22
231036	7.6875	32	8
231038	7.52921	919	254
231040	5.9473	42	10
231042	5.80877	57	29
231045	6.44526	195	60
23107	6.47166	2726	819
231082	3.96512	43	18
231087	4.43028	36	19
2311	5.425	196	75
231125	7.73556	54	62
231126	6.49865	37	12
231152	7.00648	108	68
231196	6.14352	54	19
231197	6.84013	1003	256
2312	5.02385	195	65
231215	7.15876	137	55
231218	7.53297	1922	666
231223	6.24259	670	193
231273	5.92929	47	10
231280	6.67686	1785	372
231302	5.71759	264	67
231309	7.23028	180	48
231315	6.23087	69	24
231316	7.24487	39	10
231327	7.82619	601	148
231331	6.52411	56	15
231362	5.57143	42	22
231367	7.7029	69	35
231368	6.19552	67	15
231392	7.12264	95	22
2314	5.24545	88	51
23142	6.01844	1934	561
231450	7.1845	202	95
231457	6.75795	44	27
231476	7.93982	54	20
231477	6.39878	82	30
231484	7.29006	1834	324
2315	5.37222	36	24
231538	6.54	35	14
231553	8.25553	269	98
231554	6.6358	487	172
231559	7.13889	36	21
231567	7.08356	1053	268
231573	7.21985	68	27
231574	7.44576	59	34
231575	6.69586	58	21
231581	7.38666	3599	847
231587	7.33676	34	13
2316	6.36099	529	253
231611	6.52976	42	14
231618	7.09198	364	126
231620	5.80224	67	11
231624	6.97542	155	55
231639	7.00153	332	80
231644	6.23984	128	27
231664	6.12703	1293	282
231665	6.31115	1402	284
231666	5.87843	1119	264
231674	5.62971	173	24
231683	8.455	40	19
231696	6.82429	2226	559
2317	5.675	70	31
231733	8.33762	3058	1039
231748	6.88291	310	72
2318	4.69616	581	240
231801	6.60224	52	1
23181	5.1484	263	102
231812	7.9375	48	14
231819	6.73754	1276	311
231824	6.41037	241	69
231837	5.56435	49	25
231854	6.413	223	128
231872	6.61574	54	25
231876	6.47328	116	51
231878	6.75517	87	27
2319	6.72222	36	11
231920	8.26607	56	33
231954	3.94772	98	43
231960	6.61638	58	16
231962	7.20051	394	51
231966	5.90884	339	69
231972	7.58318	67	24
231991	7.06989	680	210
231999	6.72677	1268	324
232	6.85998	2256	755
2320	5.82895	38	13
23200	4.91667	30	4
232041	7.12314	315	132
232043	7.2369	9003	1433
232045	6.12125	687	167
232078	6.31278	314	90
232079	6.45918	764	219
232090	6.59198	228	56
232119	6.47063	213	78
23212	6.64942	33	12
232134	8.03743	190	81
232139	7.52558	129	91
232162	6.53125	32	17
232166	8.05088	57	12
2322	5.43774	1121	319
232201	7.09938	172	59
232210	7.13081	62	24
232216	6.85595	126	30
232219	7.16724	6416	1019
232238	6.96562	32	8
232242	6.501	120	20
232250	5.60638	47	10
232254	7.785	95	48
232267	7.73103	87	41
23228	5.32913	46	11
232300	5.95685	136	41
232303	6.69277	456	149
232318	6.84416	355	134
232345	6.4742	250	81
232348	7.1875	32	13
232351	4.84615	52	26
232353	6.80833	156	44
232358	6.89231	39	8
232361	7.21345	1290	298
232385	6.22564	39	15
2324	6.9918	195	155
232403	6.88122	245	102
232405	7.63023	8021	1480
23241	5.7274	354	144
232412	5.86121	33	15
232414	7.62106	4100	969
232417	6.41981	318	60
232420	6.11164	280	54
23243	4.43953	43	27
232437	5.97134	171	38
232446	6.54635	63	16
232473	6.95289	511	95
232478	6.72542	142	56
232481	6.4683	165	33
23249	5.03926	150	43
232509	6.59491	215	51
232510	6.14722	36	7
232520	7.01206	987	240
232524	6.88262	1014	317
23257	4.90968	31	30
23258	6.06395	190	71
232595	7.42728	1287	324
2326	5.352	75	55
23263	6.23783	466	157
232661	6.80993	140	90
232666	6.84647	1532	496
23270	6.025	46	27
232732	8.06528	72	36
232800	6.27128	148	42
232822	6.59226	93	19
232823	6.6246	146	64
232824	7.16851	819	219
232829	6.70048	628	183
232830	6.7815	604	140
232831	5.45448	298	89
232832	7.68962	8403	1432
23284	6.61726	113	72
23285	6.12857	49	29
232895	3.65662	314	135
232918	6.93798	6118	1237
23292	5.61078	102	34
232924	7.64469	160	99
23293	5.34256	39	18
232944	5.46312	188	69
232950	5.87903	65	44
232956	7.41415	82	40
232974	7.74016	127	50
232979	6.98064	535	134
232980	6.8056	366	84
232981	7.63918	97	32
232988	6.91173	3330	701
233006	6.83331	553	163
233015	6.68912	363	151
233016	7.18706	82	60
233018	7.86275	51	33
233020	6.87543	4913	1102
233033	7.26706	85	80
23304	5.77429	84	56
233048	6.97839	93	37
233070	6.64014	71	17
233078	8.67603	16036	2456
23308	5.02963	54	47
233080	5.99631	65	52
233085	7.28667	48	13
233094	5.99654	130	25
2331	5.18179	142	80
23311	6.27148	231	108
233144	8.42292	48	28
233149	5.75515	577	243
233194	7.09354	243	78
233206	5.87373	153	64
233208	7.56486	791	246
233247	7.28926	5057	929
233262	7.72485	1650	490
233266	7.67707	82	57
23329	5.91415	288	113
233312	7.5312	5402	1120
23333	3.66939	49	27
23334	5.57196	471	154
233361	8.5808	112	72
233364	6.91705	88	47
233371	7.84498	10769	1575
233398	7.97378	7219	1772
2334	6.48304	115	65
23346	4.13095	42	21
23348	6.32121	376	171
2335	6.39966	147	51
233501	6.35	60	26
233502	7.38985	133	39
233571	8.01332	1359	241
233590	7.81367	60	17
2336	5.39286	70	23
233673	5.84902	51	44
233676	6.51838	1835	436
233678	6.79166	3353	715
2337	5.61786	84	26
23373	5.65	64	38
23374	5.56557	61	24
23375	6.28246	171	107
23378	6.83136	66	68
233783	6.70057	87	47
2338	6.84259	4334	1279
233848	6.45077	193	57
233854	6.29676	34	28
233867	7.59704	21550	2867
233868	7.6898	960	364
23387	7.06696	112	55
23388	3.30278	72	53
23389	5.4303	33	14
233896	7.50095	739	201
2339	5.86353	540	243
233932	6.80405	205	97
233933	6.60614	57	26
233951	8.25389	36	11
233955	6.75046	1473	337
233956	6.78087	412	119
233960	6.235	220	53
233961	7.00784	3112	567
233969	8.04688	64	18
233973	6.8082	653	127
233974	6.75247	511	119
233976	6.42618	538	148
233994	5.70682	130	47
233996	7.91429	105	28
234	7.79768	4836	1818
23400	7.34819	83	41
23402	6.01852	54	18
23404	6.25472	53	15
234052	5.90317	82	31
234062	5.63333	45	11
234093	6.80034	176	56
2341	6.74737	38	21
234101	6.30755	53	25
234104	7.24527	188	86
234120	6.41385	555	114
234166	6.90005	37	16
23418	7.90077	504	251
234190	6.27557	5303	1013
2342	6.08598	343	169
23421	7.8649	104	43
234216	6.81528	36	15
234221	7.85285	158	113
234248	7.00058	654	166
234274	6.88413	63	26
234277	7.65316	4919	1041
234292	6.34402	209	44
234299	6.8	59	11
2343	6.36676	182	74
234314	7.35618	60	11
234316	5.73333	48	19
234337	6.96534	527	132
234373	6.75964	167	38
234378	6.265	140	34
234383	5.56977	43	8
234396	6.68727	1900	363
2344	6.27755	216	87
234429	6.69844	795	167
234438	7.40873	158	51
234439	6.3921	221	60
234450	7.15013	409	108
234451	6.34174	115	16
234465	5.71546	174	64
234468	6.48765	366	69
234469	6.69034	715	125
234473	6.10811	37	12
234477	7.46565	2779	566
234487	7.5185	7683	1297
23451	6.52644	1648	655
234510	7.82292	48	9
234511	6.22583	128	48
234512	6.97581	43	4
234521	7.84051	355	101
23456	5.30192	52	15
234578	7.4284	172	65
2346	7.44707	4620	1409
234614	6.66875	48	16
234615	6.74681	47	17
234616	6.7625	48	20
234621	6.97507	1155	293
234623	5.86389	36	17
234657	6.58229	48	17
234669	7.26982	2601	678
234673	7.42229	105	51
234691	6.58807	852	221
234700	6.57216	148	51
234711	7.21973	424	90
234776	6.96066	291	97
2348	5.37927	218	82
234828	7.26636	545	126
234834	5.91202	218	42
234842	6.9014	154	45
234846	6.15	156	38
23485	5.97742	31	11
234860	6.74145	117	25
234874	5.95854	41	9
234877	6.52695	660	92
2349	5.92308	52	24
234900	6.9082	193	69
234920	6.25529	85	31
234931	7.13182	842	229
234946	6.25977	133	41
234948	7.28107	823	213
234949	6.78392	139	30
234972	6.56542	96	26
234974	5.70968	31	7
234977	5.98846	52	7
23499	3.80982	165	62
235	6.35576	1433	659
2350	5.84864	403	189
235014	7.53198	1133	323
235017	7.21643	227	68
235018	5.4875	32	14
235071	6.56833	68	35
235113	7.12272	108	21
2352	4.96667	72	40
23521	5.74954	216	97
235247	5.41536	121	58
235249	7.03158	57	12
235251	5.57312	185	39
235252	6.03946	202	36
235254	7.32436	39	6
235293	6.58956	30	7
2353	6.46837	225	104
235328	6.2342	162	68
235342	7.55888	224	100
235344	7.35022	565	194
235360	6.2237	189	88
235361	6.65823	52	20
235362	7.85037	137	39
235365	6.85555	510	108
235375	6.89038	2284	586
2354	6.17424	66	46
23540	7.98617	1285	506
235427	6.42329	73	19
235451	6.56583	448	180
235454	8.27785	149	60
235455	6.51351	37	10
235465	6.39396	612	151
235467	6.22741	135	53
235470	7.42432	37	4
235471	5.7975	40	7
235482	6.17392	57	11
235488	7.18105	3689	635
235494	7.40078	64	26
23550	6.10267	187	103
235506	5.63	30	6
235511	6.39298	171	31
235512	6.51264	708	171
235513	6.58843	83	14
235533	6.78344	183	74
235534	5.03939	66	16
235544	7.67966	358	103
235555	7.90635	722	251
235591	7.39582	605	157
2356	4.74714	140	82
235616	6.17708	48	24
235627	6.85796	610	142
235628	5.92355	181	43
235653	6.93678	87	39
235655	6.64379	1141	294
235695	8.18919	37	31
235696	6.415	40	12
235697	6.77385	65	29
2357	4.67647	34	17
23570	6.88438	32	21
23576	5.50487	113	65
235760	6.22041	73	19
235767	6.39397	171	56
235802	8.74275	2101	404
235807	5.91529	34	12
235817	7.04994	1205	249
235819	6.795	40	8
235839	8.21735	108	46
235841	7.1931	58	6
235865	6.58621	58	8
235867	6.06822	73	28
235899	6.19615	104	16
235902	6.83325	435	53
235904	6.62143	56	17
235922	6.84519	983	177
235926	7.66667	33	22
235927	6.21369	103	29
235940	5.79388	49	9
235942	4.81579	38	13
235944	6.72975	277	61
23596	6.0697	33	12
23598	5.36704	162	69
235982	7.05301	266	99
235991	7.72969	32	20
23604	7.07323	731	269
23605	7.225	36	23
2361	5.63578	45	18
236108	7.8533	77	32
236114	6.14659	41	17
236125	7.31276	123	94
23613	5.65299	67	51
23614	6.702	50	48
236143	6.64135	183	61
23615	6.89341	91	63
236178	6.37178	178	56
236191	7.58629	5298	874
236199	6.53244	45	14
2362	5.85951	163	75
236205	7.23205	156	67
236216	7.80614	57	42
236217	7.17683	1203	167
236239	8.06754	253	108
236245	6.92506	433	34
236248	6.78649	870	176
236250	7.456	70	31
236272	6.72978	463	131
2363	6.67284	685	260
236301	7.27506	392	137
236304	6.4968	430	109
236305	7.13008	470	137
23631	5.28653	300	168
236332	9.0625	48	40
236360	5.39265	347	51
236365	5.90443	173	83
236370	7.40137	175	56
2364	5.7627	126	48
23642	6.30441	68	61
23643	6.49904	52	37
236457	7.80514	20633	3034
236459	5.7312	75	13
236461	7.10125	826	126
236475	7.15909	113	25
236479	6.03212	33	8
236480	6.56333	38	9
236484	6.55229	306	59
236533	7.10811	37	5
23654	6.06641	116	48
236556	5.95032	31	18
23656	5.53014	293	102
23657	6.63188	101	42
236577	6.56875	32	18
23658	6.12257	215	74
2366	6.04612	206	153
236639	5.40654	283	66
236650	9.03592	103	68
2367	4.73679	81	36
236709	6.30846	729	187
23671	5.45216	207	56
236713	8.39103	39	21
23679	7.43896	1059	487
2368	6.22633	408	160
236801	6.99649	57	24
236803	6.86429	77	29
236827	6.06163	82	17
23684	4.66032	63	19
23685	7.3467	300	183
23686	6.40463	2557	715
236861	8.61842	38	35
236884	7.69706	34	19
2369	5.98556	90	35
236903	6.15	32	3
236905	6.13623	69	43
236931	7.70117	182	77
23694	4.78904	187	74
23695	5.75147	102	49
236974	8.55397	63	38
237	7.05496	1998	764
2370	5.00244	41	18
237009	8.12667	120	53
237023	7.36451	288	94
237031	7.79164	564	236
23707	6.11582	98	59
237079	7.97355	31	13
237082	5.85714	63	6
237087	6.80226	1361	323
2371	6.46267	404	174
237106	7.10405	74	55
237114	7.32368	95	30
237153	5.59073	150	37
237171	6.13354	79	27
237174	7.41602	259	105
237182	8.09779	31590	4810
2372	5.625	206	63
237211	7.30169	1229	255
237212	6.81591	44	14
237213	5.08	38	12
237217	6.72083	72	18
237229	6.2962	156	44
23723	5.15952	42	37
23724	7.17742	31	12
237251	7.41378	368	87
2373	5.66229	61	17
23730	6.51108	1733	709
237311	6.97955	44	14
237329	5.12667	91	27
237384	8.10254	39	19
237388	6.27979	47	17
237415	6.612	50	7
2375	6.05687	8224	1895
237501	6.46222	33	6
237551	7.2657	86	41
23757	6.21572	299	131
237572	5.24342	38	14
237585	5.625	36	15
2376	6.51321	193	131
23761	6.60511	178	97
237629	6.47643	235	32
237630	6.31429	35	6
237638	6.89977	86	57
237704	5.58286	35	6
237706	7.34737	528	146
237712	5.536	35	14
237715	6.72968	52	14
237728	6.43297	788	208
237745	7.13488	86	56
23777	5.74857	140	144
23779	6.65572	324	168
237792	7.33771	105	18
237798	7.8617	47	27
2378	4.88837	43	19
237800	6.9373	63	6
237828	8.7908	142	52
237831	6.45933	30	5
237860	7.8786	446	248
2379	5.91017	1563	481
237927	7.10345	58	24
2380	5.93636	55	30
238012	7.71831	71	17
238026	7.63125	80	64
238041	6.59273	55	10
238065	6.97367	45	18
238090	7.02284	222	71
238094	7.57928	314	50
2381	6.21736	9063	1917
238102	4.93355	110	10
23812	5.19231	65	26
238136	6.75757	118	20
238164	6.76972	861	330
23817	7.5547	581	254
23818	7.16477	44	23
238181	7.36449	98	25
238182	7.45465	141	50
238221	7.15612	121	12
23827	7.27442	129	40
238277	7.22234	77	18
23828	6.46215	181	65
23829	6.48682	179	82
2383	5.60248	121	77
23831	6.06267	30	10
238329	6.3306	83	25
238355	7.23333	36	19
238360	6.8378	129	16
238393	7.58228	1051	227
2384	6.06207	58	40
238407	6.90512	76	34
238412	8.17354	135	63
23848	5.8286	314	183
2385	5.70536	56	30
238506	7.49556	45	9
238510	6.2615	80	26
238531	7.71951	41	11
238546	7.50873	1044	268
2386	5.15106	4410	1181
238636	7.66279	43	16
238638	7.49091	1612	318
238656	7.18289	1315	344
238676	6.46802	201	71
2387	5.19843	444	183
23870	5.11733	101	73
238700	6.91089	101	19
238721	5.37625	64	34
23878	6.53099	181	77
238799	7.82882	476	121
2388	6.37	180	90
238825	5.57692	39	19
238834	7.17195	41	6
238883	5.59464	56	21
238884	5.63824	34	21
238889	7.58206	248	94
2389	6.11233	7444	1815
23890	6.51666	679	270
23891	6.19697	33	11
238912	5.65494	91	24
238915	6.68636	44	16
238916	8.02238	370	138
238919	7.36629	89	69
238957	7.6898	49	60
238968	6.23226	93	34
238972	6.22973	113	45
238992	7.18553	4283	894
239	6.7265	100	48
2390	5.50568	44	19
239074	5.15152	33	10
23908	5.82069	277	102
239082	6.52533	75	17
2391	5.16617	47	22
239116	5.75124	54	10
23912	6.03639	158	81
23913	4.40339	62	55
23915	6.71272	136	99
239165	6.53906	32	14
23917	7.11557	176	130
239175	8.20158	215	88
239188	7.73296	17122	2953
239189	6.1433	132	84
23919	7.07281	288	114
2392	5.56959	6503	1649
23920	6.35238	42	40
239262	7.68333	54	39
23928	6.76432	220	126
2393	7.11496	1949	614
23931	6.4399	193	135
23935	6.11594	484	195
2394	5.47979	6233	1959
239435	6.67417	48	8
239452	6.86087	69	27
23946	4.5847	134	24
239464	7.19504	4258	970
239465	7.1187	123	38
239472	7.50238	1995	469
2395	6.21389	72	40
23950	6.9105	430	231
239504	5.56061	33	13
23954	6.39449	98	22
23957	5.90033	150	116
23959	4.94928	148	65
2396	6.71457	254	102
239621	6.02241	87	45
23964	4.51484	567	139
239682	6.54725	120	43
2397	6.54443	12303	3164
23970	5.17561	57	21
23977	7.556	75	26
2398	7.06812	8774	2256
239808	6.82261	115	32
23981	6.41633	470	230
239826	6.44588	360	89
239840	6.82304	1445	279
239845	6.8633	185	83
239847	6.83718	71	39
23985	6.57496	1007	447
239877	6.91779	104	44
239883	7.30909	44	38
2399	5.81282	718	328
239907	7.52639	36	13
239930	6.49257	129	54
239938	6.69583	72	33
239940	5.94857	35	13
239942	8.09765	2146	475
23995	7.67493	286	148
239951	6.25215	433	87
239982	6.69014	71	39
24	6.62609	695	304
240	7.19995	4100	1519
2400	6.21852	54	44
24000	4.99094	277	59
240002	6.7386	57	29
240004	5.65758	33	19
240014	7.19211	266	74
24002	5.62789	263	166
24009	5.26995	104	44
240094	6.10553	247	66
240096	5.56827	151	101
2401	5.79234	209	68
240100	7.05378	119	47
240108	5.7665	137	64
24013	6.01494	87	64
240130	5.0	33	13
240133	4.30917	32	8
240135	5.20333	30	14
240142	3.04167	48	31
240175	6.61176	68	15
240196	7.75946	3779	751
2402	6.25	94	68
24020	7.38571	35	14
240223	4.7963	81	6
240224	4.47059	34	13
240225	6.85529	1060	282
24024	6.38571	49	18
24025	6.09178	73	35
240271	8.83129	777	374
24028	5.92701	348	148
2403	5.10568	88	28
24037	6.57177	1652	509
2404	5.20833	42	30
240415	6.73902	41	14
24042	6.29211	38	9
240423	5.67941	68	22
240463	5.01883	352	129
240464	7.42671	288	121
240465	6.24447	897	186
2405	6.42512	84	46
24051	6.12237	209	118
240511	5.24667	45	7
240529	6.74124	442	163
24053	5.11429	84	21
240567	7.17303	1377	329
240584	6.64433	150	52
2406	5.37159	113	48
240624	1.56164	73	35
24067	4.58542	395	186
24068	6.82129	8178	1858
24069	5.79204	49	13
240698	5.84167	36	6
2407	4.5215	6165	1658
24070	7.5549	411	197
240744	6.66889	437	157
240759	6.5751	239	45
240776	6.65459	97	54
24078	6.56043	140	79
2408	4.78974	39	10
24082	6.12322	391	171
240825	6.26486	37	19
240827	6.43608	303	51
24083	5.70663	140	88
240835	6.88646	96	48
240842	5.47783	46	23
240843	6.64263	513	176
240844	6.62162	37	16
24085	6.6195	200	96
240855	7.36821	1443	299
240892	6.31189	431	113
2409	5.80712	256	124
240901	7.57536	69	55
240902	7.76562	64	40
240905	8.60224	134	63
240906	7.85849	53	34
240926	6.48898	147	48
240957	6.47177	443	119
240980	7.78664	911	389
241	6.01925	187	107
2410	6.36974	76	34
241025	6.31785	420	72
24105	4.81972	71	28
241066	6.73498	441	172
241083	5.44592	49	13
24110	4.54286	35	28
241106	6.5967	273	95
24116	5.36989	186	57
241164	6.78717	587	128
24118	6.05068	159	30
2412	6.11045	223	104
24122	6.19331	127	68
241225	7.57025	377	83
241245	5.83645	307	105
24125	4.883	50	17
241266	7.26816	2578	436
24127	6.21486	74	33
241323	6.75595	37	17
241334	6.86623	332	133
24137	4.94884	43	15
24141	5.12151	93	25
24142	5.4375	32	10
241451	8.15474	3485	763
241477	7.40023	1151	266
241478	6.90944	59	15
241486	6.92016	31	15
241488	6.29984	81	20
241489	6.05	35	9
241490	5.55899	80	29
241491	6.53194	938	148
241492	6.17248	78	24
24151	5.09322	59	25
24157	5.75439	1255	435
241590	7.48057	867	107
24168	5.58261	180	52
2417	5.55379	66	42
241724	7.26769	5153	1119
241731	6.03554	121	35
241733	6.57481	30	5
241760	6.39396	223	28
241761	7.00508	59	11
241796	6.78914	278	77
2418	5.12671	73	23
24181	7.6089	8396	2235
241828	7.60938	32	22
241829	6.72916	126	39
241831	6.74897	2828	541
24186	6.07273	66	46
24189	5.76514	72	26
241964	6.66667	54	15
241987	7.55568	770	227
242	6.69477	5498	1637
242024	5.35128	39	16
24207	6.59242	182	24
242076	5.70833	36	13
24209	6.74635	74	13
2421	5.19275	306	115
242149	6.88479	394	103
242191	7.34659	44	21
2422	6.41552	319	157
242227	8.19039	229	93
24224	4.93296	442	197
24225	6.4461	218	108
242289	5.41111	63	22
242292	7.55814	54	35
24230	6.24023	128	69
242302	7.60079	11171	1805
242312	8.61475	61	45
242317	6.34889	81	47
242324	6.74395	446	125
242325	6.60626	190	50
242328	6.3983	59	18
242343	6.63464	517	180
24245	5.57597	154	82
242482	6.67052	194	90
24249	3.54444	45	20
2425	4.66067	9127	2481
242520	7.86807	268	123
242523	6.00189	53	6
242529	7.00777	1313	287
24254	5.21059	85	28
242550	5.67121	66	13
242553	5.97676	37	12
242569	6.53489	475	80
242574	7.18952	6178	1049
24258	4.78153	111	54
242589	7.77464	97	48
2426	5.29371	159	75
242616	6.412	100	34
242630	7.92141	49	16
242639	7.29865	4629	735
24264	7.25468	72	32
242649	6.36842	38	7
242653	7.71829	928	247
242667	6.94297	901	194
24267	6.16667	30	18
2427	6.20492	183	104
24270	6.14931	397	183
242705	8.23973	74	175
242722	8.58878	732	188
242740	6.81224	378	108
242742	6.2779	175	52
242753	7.12597	114	24
2428	5.60977	352	223
24280	6.231	100	52
242804	7.43686	2397	480
242818	6.53529	51	21
242879	6.60954	102	15
2429	4.61333	30	19
242900	6.74323	31	7
242994	2.89167	48	71
243	7.99889	3589	1473
2430	5.28394	66	68
24304	6.22515	1527	474
243080	6.4075	40	5
243093	4.9269	42	12
2431	4.73383	167	83
24310	6.56238	7482	1674
243101	5.84051	39	7
24318	5.53702	372	70
243191	6.40571	35	8
24321	6.38307	168	93
24323	4.94591	54	22
243231	6.86981	53	15
24325	5.55897	39	38
243297	7.52174	46	15
2433	3.66329	79	28
243343	5.82927	41	12
243358	7.26166	733	196
243430	7.09789	1180	238
243435	6.03706	313	47
243437	6.05658	76	16
2435	4.6017	59	47
243530	7.46757	37	11
243538	7.7668	510	100
243581	7.10167	60	25
243599	6.4989	91	35
2436	6.1311	100	60
243612	6.51382	51	18
243636	7.3448	75	19
243694	6.12813	64	24
243696	6.84992	547	136
243697	6.78117	77	22
243698	6.26463	41	18
243704	6.10114	176	56
243707	5.77635	74	16
24373	6.19194	31	20
243752	6.69474	114	21
243757	5.88305	59	17
243759	7.91417	1506	402
24376	5.15819	299	104
243780	6.53074	108	35
24379	5.06857	35	10
243797	7.28131	622	218
24387	5.57287	188	73
24388	5.28882	34	9
243927	6.65	36	23
243940	7.8175	40	31
24396	6.11151	1171	401
243964	5.99846	190	39
243971	7.60154	156	46
243993	6.81288	354	118
243994	6.55387	339	88
244	6.7493	1604	647
2440	5.35306	49	46
244026	7.63333	42	23
244039	6.72903	62	25
244049	7.28484	2351	486
244073	7.14857	35	4
244076	8.44248	35	7
244080	6.85156	32	11
244082	6.2834	245	60
244083	6.525	44	11
244099	7.04771	670	213
24410	6.21225	489	208
244114	7.88879	1725	502
244115	7.53452	3076	676
244121	8.37761	67	27
244141	7.00603	420	106
244144	7.24179	378	112
244150	6.3	35	11
244153	6.475	155	74
24416	6.32979	570	159
244162	6.98163	49	31
244163	6.77332	44	32
244164	7.35256	39	13
244166	6.96704	53	38
244169	6.54831	172	69
24417	6.81023	3429	1188
244170	6.91476	201	79
244171	6.96863	265	95
244172	6.75806	31	16
244191	7.21138	1902	369
244196	7.35592	90	21
2442	5.84839	31	22
244203	6.85111	72	16
244212	6.52206	591	210
244216	4.87903	48	17
244228	7.06964	7684	1231
244241	7.22134	134	59
244258	7.95261	185	38
244267	6.16505	214	55
244269	8.3125	48	35
244271	8.14283	2861	536
244274	6.78851	414	118
2443	6.69982	165	84
244305	6.04512	123	53
244320	6.8927	452	115
244330	6.61759	1069	226
244331	7.18967	3525	796
244333	6.68409	265	57
2444	6.02567	275	175
244428	6.29468	112	36
24443	5.21579	38	22
244452	7.52373	127	54
244460	6.43878	49	21
24447	5.17755	49	30
244502	7.09772	83	59
244505	6.65934	439	125
244506	6.77976	42	12
244513	7.248	1217	264
244521	7.84596	29683	4069
244522	7.62365	17403	2469
244531	6.5	31	15
244536	7.00387	4281	973
244584	6.1886	114	31
244586	8.31333	45	20
2446	5.26198	222	116
244608	7.45901	2572	455
244609	6.62745	51	31
244654	7.29641	2782	622
244691	5.72366	71	15
2447	7.18784	259	142
244702	6.44483	60	19
244704	5.86452	31	10
244711	7.60494	5150	856
244725	6.23909	55	23
24473	5.42656	499	179
244738	6.12837	125	38
24475	6.65862	58	27
244769	7.96125	328	129
244794	6.56689	527	145
2448	5.93629	6235	1701
24480	7.28262	16790	3651
244806	8.14828	132	55
244817	6.51475	144	34
244820	7.07841	211	143
24483	6.275	78	22
24484	5.23239	71	37
24485	5.87267	75	27
24487	5.44222	90	38
244909	6.29863	73	25
24491	6.0778	390	207
244916	6.92556	2242	433
244918	7.18971	1931	371
244939	6.60346	52	17
244946	7.38052	392	144
244948	6.35515	171	51
244951	5.56735	49	14
244966	7.20656	61	7
244992	6.86787	22705	3271
244994	6.45561	453	85
244995	6.77397	3551	601
2450	5.2	33	17
245025	6.8909	78	48
245045	6.75205	1516	270
245058	6.66784	51	30
24508	7.15615	8076	2068
245085	6.44397	219	41
24509	6.45601	1878	509
245090	6.26855	124	20
24511	6.86083	180	91
245136	6.81359	384	60
245197	6.65479	1194	349
2452	5.61574	12649	2588
245203	5.80161	62	16
245206	6.68592	103	29
245214	6.34771	547	116
245222	6.49698	242	47
245223	7.34043	47	29
245224	8.16633	49	11
245240	8.20292	195	148
24525	6.95091	55	30
245271	6.51613	2643	609
2453	6.87492	24059	5254
245325	5.48633	46	18
245352	7.0767	1138	197
245353	6.76338	1109	208
245354	7.44672	1283	233
245357	7.04571	676	170
245371	6.5232	125	32
245376	5.77241	58	13
245382	6.40987	157	45
245384	6.34848	99	31
245385	6.19048	42	10
245389	7.22334	201	51
245401	7.26667	33	22
245422	7.57548	1296	264
245431	6.29388	865	202
245444	6.08046	856	283
245446	5.90969	255	66
245456	7.69556	45	42
245476	6.98587	3788	520
245483	6.78571	63	12
245487	7.45694	1969	557
2455	7.07742	544	226
245503	5.86839	87	24
245528	5.71067	45	25
245532	7.79551	61	24
245598	7.45975	37	21
2456	4.84576	1189	462
245629	6.92195	123	20
245638	7.6705	9685	1466
245643	7.20288	3582	652
245644	6.98974	39	11
245645	6.95617	495	114
24565	6.48859	1037	387
245654	7.24536	8857	1220
245655	7.91128	3028	672
245658	7.2384	802	172
245659	7.36588	461	99
24568	6.94033	396	108
2457	6.03642	232	110
245700	6.35167	108	27
245704	6.459	150	49
245710	6.08645	663	163
245750	6.87736	53	18
2458	5.32446	287	127
245823	8.375	56	30
245824	6.67253	182	65
245876	7.15989	90	22
245904	6.60445	146	93
245928	7.60025	431	166
245931	7.22734	1321	366
245934	7.56527	5685	1107
245950	6.38161	155	35
245961	7.74121	2269	515
245994	7.65551	137	72
246	4.99641	39	11
246015	5.14518	83	29
246037	4.70467	30	21
246094	6.7561	41	20
246129	7.77982	66	28
246146	6.6565	197	74
246147	7.33203	64	25
246150	6.67604	840	213
246192	7.42839	8684	1253
246200	7.13264	1771	424
246201	7.01729	829	261
246203	6.07904	73	13
246228	6.68825	879	159
246263	7.07171	70	49
24627	5.50081	422	168
246297	6.66319	1530	305
2463	5.13156	64	35
246316	6.36947	199	65
246345	4.83333	33	6
246346	6.11543	86	26
246355	7.16627	102	37
246366	6.81629	224	70
246398	5.22063	60	28
2464	6.90633	245	147
246409	6.52937	42	21
246508	6.47208	77	41
246510	7.07188	32	21
246530	6.81784	267	43
246531	6.84179	207	55
246532	6.92322	208	48
246534	6.42853	100	31
246535	7.2896	286	68
246567	7.25817	360	66
246568	8.38513	37	31
246571	7.4561	41	15
24658	5.82449	147	51
246588	7.82991	112	53
246639	7.01297	727	148
246663	7.35904	1639	381
246684	7.69762	3490	690
246685	6.26428	89	26
246689	7.07866	164	64
246693	6.32931	145	46
246696	6.53654	250	67
246700	7.84643	140	50
246701	5.03451	769	170
246704	5.1625	40	13
246723	6.78708	48	9
246728	8.64783	46	26
246729	5.46061	33	2
246740	6.625	32	2
246742	7.2269	210	29
246744	5.59604	187	80
246746	7.21538	132	28
246754	5.56883	77	16
246757	6.0051	98	19
246759	6.07535	655	147
246761	7.1829	1789	256
246784	7.5006	9246	1364
246812	6.35969	173	29
246814	5.88269	78	12
246816	7.25085	706	159
246822	6.08864	44	8
246855	6.96654	502	101
246862	7.49055	127	51
246873	7.98153	157	74
246900	8.67425	5388	922
246911	6.52315	54	20
24693	6.61598	97	71
246938	6.23142	261	95
246960	6.84098	306	127
24698	7.63519	54	38
247	6.34586	1060	459
2470	7.28625	371	203
247008	5.67763	38	14
247029	6.39699	93	45
24703	7.01282	1873	631
247034	6.0859	166	65
24704	6.26616	73	22
24706	5.50317	63	22
2471	5.80037	14718	3964
247104	7.91792	646	189
247106	6.96449	355	126
247107	6.94455	64	16
247143	6.29096	281	77
247160	6.51195	1048	222
247188	6.3091	163	54
247191	6.37512	244	52
247199	6.11581	108	13
2472	5.81348	972	352
247236	7.15428	2889	725
247294	6.77233	93	48
2473	6.05161	31	12
247313	6.71602	294	67
247314	7.10369	617	142
247316	6.93102	49	6
247324	5.63285	214	59
247342	7.42561	834	235
247360	6.98234	516	143
247367	7.53103	3350	818
247394	6.35303	134	56
2474	6.39672	61	41
247417	8.18417	506	204
24742	6.63396	4030	1263
24743	5.36842	57	8
247436	6.70593	960	155
247473	5.53472	36	11
247488	6.28971	34	12
247493	3.42917	36	13
247526	6.61894	66	16
24754	4.93333	30	20
247567	6.32735	218	72
247576	6.46309	55	29
247578	7.18652	115	21
247585	7.85759	568	231
2476	6.68222	1522	554
24762	6.50063	1652	712
24764	6.06001	474	134
247643	6.47298	84	28
247694	7.00106	653	132
24770	6.191	960	401
247704	7.32994	370	119
24771	6.02488	459	142
247714	6.61579	38	3
247724	7.4754	356	92
24773	6.90127	2425	889
247730	5.96238	42	11
247733	6.4653	326	98
247763	8.10335	12762	1945
247778	6.55381	118	101
247785	7.02366	348	100
24779	5.60563	71	14
2478	6.10539	306	143
24782	4.15526	76	28
24783	2.23987	76	46
24784	5.86489	94	14
24786	5.25116	129	60
247860	6.9361	59	19
247935	7.34617	281	102
24794	5.96219	41	15
24795	5.52152	204	126
247950	7.69152	67	43
247952	7.54359	39	35
247963	6.51456	103	29
247980	6.15289	414	92
247984	6.26903	204	52
248	6.55878	642	294
2480	6.49398	88	51
24800	7.49837	3007	1015
248002	6.54579	628	117
248005	7.25553	1195	246
24803	6.33149	113	33
248065	7.89482	1868	457
248072	7.19381	97	36
248075	6.6327	308	50
248117	6.91858	817	242
248125	7.73892	1042	341
248154	7.36222	45	39
248157	6.02727	99	50
248158	7.1699	2115	441
248167	6.70148	544	155
248182	6.85672	201	70
248188	8.15791	158	63
248196	6.41353	85	47
2482	4.37106	137	82
24820	6.01613	62	28
248224	6.19776	98	36
248226	6.22564	110	34
24826	5.82446	83	26
24827	6.82359	3299	1083
2483	6.1577	126	60
248332	7.45139	36	29
248366	7.20519	77	30
248375	8.22778	90	23
248385	6.45663	83	18
2484	5.06566	396	191
248421	6.21279	86	20
24843	6.71292	668	258
248430	5.4	49	12
24845	5.96746	126	37
248490	7.76047	2428	656
248496	7.27027	37	10
2485	4.71156	194	94
248567	6.72578	128	34
248584	6.37994	568	132
248641	8.19104	96	33
248673	6.86763	97	43
248695	5.86382	68	31
2487	5.81106	104	69
248702	5.98018	353	52
248722	6.63125	32	20
248737	7.37719	57	26
248761	7.34358	120	29
248763	6.69302	301	104
24878	6.97749	538	207
248830	7.58909	55	15
24884	5.73	60	32
248861	7.19284	1196	258
248878	8.08163	135	73
248899	5.65906	53	9
2489	5.27674	43	39
248900	7.03643	1043	211
248909	6.4541	122	31
248918	7.78723	825	233
248927	7.475	38	10
248928	8.17125	120	73
248949	7.83	782	247
248956	7.10513	37	14
249	6.58569	3476	1133
24901	4.47778	36	13
249039	5.8778	284	89
249047	6.08359	117	54
249095	6.73409	154	55
249106	7.20994	166	70
249166	6.36397	68	41
2492	5.35009	111	34
24920	7.12342	628	294
24923	7.58676	34	30
249233	6.79056	228	67
249259	7.95313	5520	942
24927	5.83163	142	54
249275	7.06426	190	79
249277	8.39592	352	104
249289	5.6421	105	27
249312	8.14355	31	19
24932	5.31881	176	88
24933	6.2413	307	89
249336	8.155	50	12
24935	5.82588	1236	394
249362	6.49333	45	25
249364	6.85415	49	16
249381	7.47434	2980	675
2494	6.71913	150	67
249404	6.73268	157	58
249410	6.93577	328	76
249411	7.5209	681	177
249414	5.262	200	76
249421	8.15326	181	58
24947	6.96062	509	200
2495	5.71525	80	45
249505	6.17215	783	197
249550	8.84206	63	18
249552	7.87433	194	52
249578	7.51754	57	19
249582	7.92652	135	69
24959	3.67288	310	145
249590	8.268	462	174
2496	4.95496	111	25
249650	7.26136	44	29
249658	6.1866	58	21
249670	6.62014	420	101
249673	6.77891	743	138
249675	7.39774	399	185
249677	8.28219	73	49
249689	7.25926	334	107
24969	5.53409	44	39
249692	6.78542	48	21
2497	4.76667	39	17
249730	6.52405	79	29
249746	7.60035	1108	322
249750	8.48182	132	59
249751	7.71044	90	52
249763	7.05669	1164	221
249768	8.10938	32	8
249814	7.32461	516	151
249816	5.34258	163	55
249817	6.67197	66	23
249821	6.66358	862	192
249824	6.56598	194	48
249825	5.73016	63	35
249833	6.22986	513	127
24985	4.20981	351	86
249868	8.08354	81	31
24988	5.0193	71	36
249882	7.34309	55	14
249888	7.60814	77	12
2499	5.5285	107	50
24996	6.51129	182	94
24998	5.60801	221	85
24999	6.12719	114	27
25	5.92531	322	143
250	6.61759	382	169
25001	5.72632	57	47
25004	5.77311	130	69
250051	6.51167	42	23
25008	6.74129	310	155
25013	5.72305	128	85
25014	7.12128	47	35
2502	1.96901	121	60
25021	8.02689	4824	1326
250284	6.61444	36	8
250291	7.60919	37	29
2503	5.79279	111	85
250309	7.56494	559	191
250333	7.4716	50	40
250348	6.55535	43	15
250355	6.63638	177	72
25037	7.08434	83	54
250396	8.18306	404	111
250406	6.885	76	39
250442	6.70265	2405	562
250448	4.88337	128	42
25045	6.97778	45	29
250458	7.50142	7037	1321
250463	6.00518	69	10
250467	7.8769	242	109
250481	7.53736	212	98
250488	7.59662	170	62
250525	6.85426	47	16
250539	6.02007	269	57
250561	7.32568	553	121
250621	7.20721	804	251
250643	6.55815	54	9
250664	8.20865	266	89
25069	5.7811	127	13
2507	7.12541	2644	1045
25071	6.20823	5095	825
250718	6.0625	32	10
250725	6.92642	149	56
250754	7.15937	357	115
250779	6.48558	782	126
250780	6.7671	1098	151
250781	6.68728	259	64
25081	3.71522	46	8
250821	7.95346	237	98
250822	8.352	50	22
250834	6.59242	36	18
250865	6.84518	175	71
250878	6.44167	150	62
250881	7.57567	870	253
250905	6.25758	33	11
250963	6.68486	70	25
25097	4.86366	93	27
2510	6.2376	121	57
251037	6.49953	214	92
25104	5.925	60	8
251053	7.32153	761	182
251060	6.02439	41	14
251083	7.01677	62	10
2511	7.70146	18566	3504
251136	6.05714	35	4
251137	6.71818	33	29
25114	6.59138	609	225
251153	6.99196	56	12
251208	4.23551	49	19
251213	7.12961	76	74
251228	7.85667	60	30
251247	8.22543	9449	1561
251252	4.14511	45	10
251253	8.45455	33	29
251293	6.69949	1688	379
2513	5.01429	35	19
251328	5.59697	33	18
251349	6.10403	243	73
251350	6.9495	150	62
251364	7.86056	72	34
251399	6.52679	56	25
251412	7.01745	3295	733
25142	5.83895	335	109
251420	6.36445	2495	637
251433	7.14293	159	53
25144	5.23169	142	58
251441	7.01237	287	142
251442	7.03773	369	150
251444	5.96032	63	24
251445	5.98383	133	63
251481	6.8275	40	1
2515	4.78051	59	29
251519	7.12288	104	32
251538	5.91716	236	78
25155	5.45294	85	25
251551	7.91151	712	249
25158	4.986	75	35
251593	6.18382	34	12
2516	7.17642	747	235
251622	5.7394	216	48
251632	6.82317	134	56
251642	4.92609	64	31
251658	7.44609	6330	1531
251660	7.0259	167	67
251661	8.09833	73	205
25167	5.27381	84	43
251678	7.17544	4982	696
25168	5.95763	59	26
251685	8.05435	46	24
2517	5.44253	174	73
251722	7.28889	59	12
251723	8.09086	338	97
251726	6.83384	67	21
251747	8.55443	341	144
2518	4.7515	133	66
25182	6.50164	217	114
251832	7.55	54	16
251854	6.17088	91	24
25188	4.06452	31	9
251890	7.04554	1011	253
25190	6.53387	124	67
25196	6.50554	97	20
251987	5.90253	100	28
252	6.72847	150	132
2520	6.88681	231	80
25204	5.69147	109	26
2521	6.16574	216	112
25213	6.67382	721	137
252141	7.125	32	12
252153	7.52766	2789	699
252163	7.51101	256	97
252165	8.16667	39	19
252197	5.88713	294	82
252212	7.28161	273	105
25223	5.82	40	12
25224	6.90398	1785	646
252265	6.6418	528	135
252277	7.53714	49	12
25229	5.5881	42	19
252314	5.8732	247	65
252315	7.21739	46	88
252323	6.74625	64	20
252328	8.21883	2119	348
25233	5.94782	179	51
25234	6.43067	1374	451
252399	7.54331	849	273
2524	6.32625	286	209
252402	6.87444	331	100
25242	5.99858	443	159
252432	7.99952	103	34
252446	7.40548	1146	327
25246	6.48681	47	14
252479	6.767	240	107
25248	4.94565	46	8
252484	6.88889	90	26
252526	7.59323	1311	247
25253	6.7193	57	34
252530	6.21424	59	7
252542	7.13271	107	55
252544	5.66426	101	32
252555	5.33035	86	50
252556	6.99909	1416	323
252576	7.37854	151	35
252579	7.57589	56	34
252580	6.13281	32	3
25261	6.47395	3150	990
252657	7.20154	39	12
252684	6.15705	112	70
252688	7.50946	482	135
252693	7.17134	479	121
2527	5.73212	57	36
25270	5.04839	31	13
25271	5.6	36	12
252712	6.13585	106	29
252752	7.68792	756	256
25277	7.39924	907	379
252776	7.007	243	63
252854	7.34418	511	170
252877	7.49636	888	319
252883	7.24784	51	15
252892	5.48669	139	51
2529	7.34675	887	438
25292	7.40422	13151	2985
252929	6.74633	3990	719
25294	6.8487	422	173
252962	6.80256	39	10
252985	7.06509	295	58
25299	6.51507	73	26
252990	6.05188	32	8
252997	6.75692	497	139
25302	7.14265	34	22
253048	6.63953	43	23
253074	6.12435	115	50
253087	6.6127	242	103
2531	6.01816	114	44
253106	7.25783	669	167
25312	6.94328	67	12
25313	6.67073	41	26
25314	6.72868	296	146
253149	6.39857	141	48
253185	6.92923	966	337
2532	5.94615	52	19
253214	7.16419	2204	434
253215	6.68933	785	228
253284	6.9904	5336	922
2533	6.89688	1116	397
253318	6.87143	63	25
253319	6.9582	61	22
253320	7.35631	45	24
253344	8.14614	5875	1081
253368	6.94087	348	95
253372	7.28364	280	52
253379	6.91457	345	75
253396	7.17348	164	53
253398	6.73433	1170	308
253399	7.0457	510	93
25344	6.36239	113	47
253470	6.93021	193	62
253499	7.45149	2058	457
2535	6.42136	1145	383
253506	7.57622	547	195
253512	6.97346	54	21
253564	7.51061	38	7
253568	5.7821	81	23
253574	6.94355	692	213
2536	6.2752	555	177
253607	8.28395	81	41
253608	7.85443	1078	329
253618	6.8732	2160	442
253635	7.02508	1429	335
253652	8.35243	218	89
253664	6.86744	1626	297
253679	6.7072	236	53
253684	7.10487	1370	299
253696	7.58107	84	29
2537	5.50397	378	142
253705	6.34985	37	13
253719	6.722	935	320
253743	7.01322	435	140
253756	6.50455	836	239
253759	7.54766	57	76
253763	6.01915	162	65
253766	6.30831	118	47
253786	7.32621	405	100
2538	6.37542	177	83
253807	7.21406	425	148
253819	6.90625	32	14
253861	5.72094	117	28
253862	6.1622	82	26
2539	6.57212	778	257
254	7.61357	1259	535
2540	3.76923	52	27
254017	7.00067	224	50
254018	7.09953	2186	394
254025	6.51591	44	16
254029	6.8559	39	9
254088	6.7601	574	115
25409	6.1314	318	107
2541	5.89006	634	311
254110	6.73887	424	155
25412	5.40864	294	113
254123	7.73509	548	148
254127	8.90105	95	95
254132	7.00724	117	29
254135	6.63232	99	20
254145	5.82388	67	12
254149	5.41429	35	12
254157	7.77333	45	12
25417	7.36387	9148	2853
254178	5.41304	46	20
254188	6.79159	396	85
254189	7.09852	233	56
254192	7.26183	1492	239
254193	6.64665	289	64
254195	6.30387	154	36
2542	6.00427	785	286
25420	6.50888	979	431
254213	7.07429	483	145
254227	5.81822	73	20
25423	6.14523	220	117
254230	6.53324	80	27
254239	8.16772	127	48
25429	4.32877	73	21
2543	6.22788	321	97
254322	6.55219	68	30
254341	5.60759	79	17
254386	7.38322	2693	609
254394	6.48526	114	55
254399	6.9125	64	25
254415	7.07935	92	36
254417	5.35	70	22
254419	5.40697	141	36
254427	6.18943	141	37
25448	6.51719	32	15
254494	5.3431	58	19
254498	6.79257	37	11
2545	5.70725	69	58
254513	7.01646	883	191
25453	6.21158	177	45
254532	7.08671	79	27
254546	6.28229	96	21
25455	5.2169	71	18
254585	5.79528	53	22
254588	7.94547	213	78
254591	7.35034	1928	381
2546	5.97142	293	106
25461	5.89512	41	12
254613	6.06256	78	20
254617	5.05685	289	65
254618	6.56452	31	4
254619	7.2685	449	107
25462	6.48969	97	42
254632	7.46883	77	72
254634	7.16053	114	52
254639	7.20462	91	16
254640	7.61605	15806	2212
254681	7.26893	140	41
254683	8.23722	72	33
254686	5.01212	33	12
25469	5.06959	49	12
254695	6.00423	142	67
2547	4.69189	37	27
25470	5.6537	135	43
254708	8.47273	522	200
254713	7.31479	1570	467
254743	7.79511	89	40
25475	4.29362	47	19
254759	7.31268	71	16
25476	6.17647	34	21
25477	6.34848	33	20
25479	6.0	30	22
254846	6.75911	124	18
254888	7.34922	375	137
254894	6.66186	236	42
2549	4.59091	33	11
25491	6.20943	1145	410
254923	6.09949	158	45
254936	7.70609	178	47
254938	7.44615	52	22
254976	6.77453	399	122
254992	7.17554	149	48
254994	6.73725	554	169
255	5.96774	62	37
2550	5.16452	31	20
255013	6.44946	147	34
255020	6.42042	165	39
255027	5.41154	91	21
255029	6.34162	191	43
255034	6.68713	288	76
255037	6.40771	784	162
255042	7.21011	91	31
25516	6.55294	68	55
255165	6.69286	98	19
255171	5.70424	33	24
255175	7.38272	351	121
255227	6.57727	44	8
255235	6.76528	36	27
255249	8.2319	243	57
255255	6.663	100	38
25526	5.25135	37	9
255272	6.66605	97	19
255291	6.8461	70	28
255293	6.88906	200	70
2553	6.43329	173	122
255310	5.71944	72	5
255335	6.11842	38	2
255356	7.19773	88	19
255360	7.52517	408	176
255363	7.3339	246	86
25537	6.78085	142	70
255381	8.22927	41	19
255392	7.87016	61	37
255393	8.48523	327	135
255396	7.61786	56	24
2554	6.90645	62	35
255455	6.99143	490	140
255456	8.1	131	60
255478	6.14225	71	21
2555	6.28794	849	308
255507	6.68169	2047	356
255516	7.58893	159	92
25554	7.33351	12570	2963
255570	8.16435	263	94
255586	6.55	64	41
255594	6.86624	419	99
255597	5.94853	34	23
255608	6.79688	32	33
255615	7.06219	1048	225
255618	5.68423	397	121
255633	7.12643	487	166
255635	7.16724	58	11
255639	6.38266	354	91
255640	6.36839	87	46
255642	6.3625	48	26
255651	5.85663	83	55
255653	7.45627	366	114
255658	6.43692	325	104
255659	7.42395	332	69
255664	7.15547	1747	443
25567	5.59505	101	33
255674	7.12646	2072	377
255675	7.42183	1380	244
255678	7.20417	96	9
25568	7.02481	4073	1172
255680	6.7601	106	24
255683	6.81298	884	183
25569	6.20419	93	29
255692	7.51981	2792	596
255695	6.13021	48	13
255696	6.06875	64	23
255697	6.08772	123	22
2557	5.48463	1372	546
255708	7.11275	779	191
255712	6.63415	82	30
255732	6.44545	33	9
25574	6.30962	1287	305
255744	6.36726	39	2
2558	5.79268	41	17
255805	6.97231	544	137
25584	6.49002	1153	456
2559	6.21692	130	77
255902	7.93205	156	72
255907	6.98037	824	257
255928	7.53171	41	20
25593	6.48519	54	32
255955	6.98205	52	25
255962	6.50313	64	24
255970	6.65539	115	15
255984	8.50843	2872	941
255990	7.00614	330	77
256	6.33333	3938	1226
25605	6.37677	344	111
256065	7.06601	706	147
256066	7.78123	751	144
256067	7.14366	672	121
256085	6.9094	117	25
25613	7.90336	18379	4053
256151	6.31068	64	15
256159	7.28899	237	87
25617	6.15236	127	30
256170	7.40375	32	8
25618	6.58437	64	45
2562	6.00822	276	110
256214	5.96978	91	12
256226	7.38335	10264	1409
25623	5.31172	401	167
256233	5.88411	107	35
256250	6.33684	57	20
25627	6.66667	42	52
25628	7.00213	47	38
256297	7.34801	293	61
2563	5.62842	95	30
256313	6.74108	460	119
256317	7.49773	221	88
256320	7.20223	1233	227
256334	6.42072	83	25
256375	5.42735	117	30
256380	7.42127	55	24
256381	7.4971	73	29
256382	7.05067	13012	2077
256390	6.09305	567	149
256391	8.31695	59	53
256397	5.87514	132	34
256399	6.28788	33	12
25642	5.45545	55	23
256422	7.71217	172	33
25643	6.9078	4181	1383
256438	6.54932	320	55
256442	7.13826	333	102
256443	7.17353	51	23
256478	6.5582	298	65
256479	5.32742	128	27
256480	7.14427	89	40
256486	7.00217	46	15
256487	7.8496	75	42
256502	6.14167	84	23
256509	7.24431	395	108
256513	7.26523	367	135
256526	7.87143	98	40
256536	6.08791	153	56
256538	6.48315	220	71
256540	5.70488	41	23
256541	6.37903	736	167
256568	6.08624	428	109
256569	5.98213	207	51
256570	7.46261	2811	552
256572	7.85238	105	21
256589	7.31639	2637	546
2566	5.19024	123	70
256606	7.36172	1887	382
256609	7.35	30	10
256620	6.45513	78	22
256621	6.34837	49	11
256623	6.80767	719	217
256626	7.4375	80	43
256640	6.20731	125	23
256643	6.44048	138	49
25665	6.24574	47	44
256669	7.02988	543	148
256680	7.62392	76	185
256685	7.72634	122	39
25669	6.77722	17197	3559
2567	5.69385	286	127
256700	6.63448	55	21
256701	6.78019	141	39
256705	7.07365	491	192
256707	8.09121	297	219
256708	8.24304	79	38
256728	6.40125	264	101
256729	6.56548	595	133
256730	7.68786	3670	794
25674	6.33889	1795	637
256742	7.87831	83	14
256769	7.23957	46	13
25677	5.53311	453	195
256778	8.26812	69	17
256779	8.192	75	13
256780	8.31148	61	14
256788	7.40717	2259	472
256792	5.79945	189	58
256801	6.08034	352	82
256802	6.69032	443	107
256804	7.22185	790	116
256831	6.42216	88	47
256838	6.40392	257	55
256839	8.01977	382	79
25685	6.11094	1161	585
256852	7.52396	844	251
256853	6.03333	30	8
256861	4.45412	34	14
25687	6.33969	142	50
256874	7.74397	599	151
256875	5.96906	32	13
256876	7.19366	322	122
256877	6.57258	1313	286
256883	6.55865	526	169
2569	6.57463	2576	900
256911	6.84057	70	15
256915	5.82959	98	36
256916	8.3468	3259	621
256918	6.76613	750	101
256939	7.73824	102	50
256940	7.47273	117	35
25695	6.16028	497	204
256952	7.81574	2909	598
256956	6.93613	119	30
256957	6.704	57	13
256960	8.35636	6749	1462
256962	7.70488	41	12
256964	7.94095	178	90
256967	6.13406	69	21
256980	6.71676	248	67
256997	7.55142	120	232
256998	6.84109	183	26
256999	8.10125	1345	347
257	6.1554	6682	1949
2570	6.85275	1757	643
257001	6.92204	388	137
257006	7.20908	355	67
257045	6.2213	77	30
257056	6.76698	502	189
257058	6.90903	771	188
257063	7.69653	290	81
257066	6.87344	1249	305
257067	6.81753	817	196
257073	5.90928	152	46
257074	5.30071	160	40
257076	6.08298	47	12
257077	7.20759	224	65
257080	6.79028	36	6
257081	6.12255	51	13
257096	7.26497	460	135
257145	8.52322	183	71
257160	6.7574	266	93
257164	7.21178	522	68
257193	7.6334	617	200
257198	7.43325	253	84
257199	5.63784	37	8
2572	5.02206	34	34
257204	6.7679	81	29
257205	6.53077	39	19
25727	7.67941	308	139
257273	6.07163	174	46
257283	6.84569	1893	590
257284	6.79318	293	50
25729	7.48539	653	285
2573	5.17208	564	279
257305	7.7432	394	139
257306	6.83145	138	28
257307	7.10378	60	12
257313	6.81159	88	26
257316	7.16136	44	8
257321	6.33214	486	161
257324	5.85	30	8
257349	6.74966	149	50
257372	6.61429	198	41
257378	6.87553	94	28
25738	6.32294	731	122
257380	6.90372	608	144
257395	6.96176	85	34
2574	7.19622	167	111
257411	5.8371	93	29
257415	6.41086	122	50
257435	7.82628	137	58
257440	7.20645	31	7
257445	6.42212	52	19
25749	6.01463	123	34
257499	7.76744	6290	988
257501	7.21771	10126	1607
257518	8.0754	1275	345
257527	6.98746	2060	350
25754	4.89796	49	18
25758	5.83124	64	39
257582	6.81938	580	234
257598	5.45183	151	51
257599	6.4121	62	51
25760	6.54128	86	44
257601	7.93674	235	77
257604	6.62307	55	7
257614	6.96011	2446	646
257633	6.35714	42	17
257667	6.87157	150	42
257668	7.2595	492	103
257669	6.61188	112	21
257674	7.42683	482	149
25768	6.62333	135	72
2577	5.41053	38	26
257700	6.6434	144	40
257706	7.30498	161	98
257707	6.70846	201	65
25772	5.83174	115	62
257722	6.79375	72	24
257726	6.38041	978	215
257732	7.59357	863	249
257733	6.71283	598	149
257743	6.78	30	13
25775	7.90817	169	83
257759	6.64069	1927	369
257766	6.26691	110	8
257769	7.17626	1981	465
2578	5.29418	1021	307
257814	6.131	62	13
257834	6.53246	130	32
257836	6.17678	267	74
257839	7.1638	394	86
257841	6.67356	45	11
257851	5.46383	66	18
257880	4.95714	35	18
25789	3.79327	52	26
2579	7.29428	277	97
257924	6.31646	82	21
25794	7.03635	743	281
25795	6.06757	37	14
257955	5.77386	101	23
257957	6.16131	160	49
257960	6.88507	71	14
257962	6.16757	148	41
257964	5.70361	61	13
257965	5.9788	92	13
257966	6.7324	480	137
257967	6.55383	60	13
257987	6.83085	523	162
257991	6.51539	191	26
257994	6.44281	64	17
258	5.67209	16508	4155
2580	7.43033	218	75
258036	7.30484	4736	821
258041	6.9008	382	103
258070	6.83096	101	19
258074	7.36718	927	236
2581	5.50702	240	145
258104	6.82933	714	156
258131	6.85421	133	67
258135	7.29333	105	70
258137	6.83213	47	26
258140	7.28685	73	15
258148	8.06262	625	190
258154	6.78808	229	68
258160	6.60179	84	30
258184	7.02353	34	20
2582	6.33499	2371	760
258206	6.45215	62	10
258207	6.86932	209	83
25821	6.72267	10378	1929
258210	7.6799	2758	605
25823	6.48806	914	307
258242	7.96413	138	67
258244	5.89236	2084	563
258287	6.95562	73	39
2583	7.03644	236	138
258302	3.17153	107	31
258308	6.64689	1452	282
258309	7.04763	914	163
258325	7.00844	40	8
258376	7.11649	97	46
258377	5.70909	33	5
258389	6.36736	403	125
2584	5.84721	86	52
25841	7.12091	55	32
258411	6.82392	650	136
258412	6.82629	666	128
258413	6.59352	696	140
258437	6.64007	298	36
258440	7.27632	38	3
258444	7.02539	1989	383
258451	6.54982	1131	221
258457	6.93128	47	8
258466	6.32961	375	86
258512	6.7	75	26
258544	5.52833	60	16
258561	7.37872	135	47
2586	5.83742	31	9
258636	7.20303	132	14
25866	6.33203	64	22
258665	6.07389	239	63
258693	7.28974	155	31
25871	5.61667	30	18
258723	5.14171	136	24
258725	6.51389	36	18
258748	6.67527	155	47
258751	6.71613	31	12
258752	6.39667	99	37
258775	5.54431	34	15
258779	7.78281	178	196
258783	6.38647	68	34
258818	5.99067	75	15
258855	4.6161	192	49
2589	5.31825	63	28
259	6.53916	543	220
25900	7.66847	332	169
259005	6.51459	164	44
259038	7.14801	314	86
259061	8.26654	692	212
259066	8.25888	268	98
259069	6.62528	414	55
259081	7.04012	1655	335
259121	8.72472	89	41
25920	5.63455	148	70
25924	5.87961	76	14
25925	5.80568	88	45
259298	7.62558	1007	327
2593	5.38795	5583	1645
259310	5.66962	79	29
259342	6.23077	52	10
259345	7.04036	172	52
25937	6.18021	144	97
259374	7.18636	1196	243
259393	7.71745	112	22
259394	8.08802	91	47
259435	8.68111	90	18
25944	5.94337	98	37
25950	4.7549	51	16
259501	6.31791	67	31
25951	6.42886	2164	673
259525	6.05926	54	25
259537	7.13546	315	40
259551	6.46454	97	29
259554	5.99236	55	8
2596	6.4365	4104	1193
259638	6.38973	50	9
25967	5.5	65	19
25968	4.815	80	33
2597	5.76421	163	79
259704	8.46458	48	40
259708	5.02857	77	17
259710	7.13528	72	42
25972	6.79309	123	51
259727	6.39394	33	12
25973	6.5	58	34
2598	5.42377	444	226
259809	6.92518	448	86
259829	6.27833	80	17
259830	6.70254	244	55
259837	7.22215	79	28
25986	5.39771	35	14
25988	5.69116	76	36
259897	5.68821	67	21
2599	5.9755	100	68
25991	6.06773	44	42
25992	5.86667	51	47
25993	6.96795	78	75
25994	7.01628	43	45
259945	6.31136	66	16
259962	8.40323	31	12
259968	3.94275	46	10
259970	8.73691	42	4
259972	5.71838	68	19
26	7.09684	2148	796
260	5.78416	202	95
2600	5.85233	174	99
260015	6.69323	65	21
260033	6.47879	33	11
260037	9.10865	37	29
260143	8.54883	40	83
260147	7.08694	252	91
260156	6.99444	124	57
260168	7.17895	95	36
26017	5.22314	51	17
260170	7.0881	147	61
260180	7.56695	2427	472
2602	6.75933	89	63
260201	6.4241	343	92
260212	6.07485	98	46
260218	7.23954	174	44
260233	5.58296	63	13
260234	8.9361	82	28
260238	5.91214	103	29
260239	6.90993	141	54
26025	5.54667	60	32
260264	7.82985	67	25
260268	5.68056	54	11
260269	6.69485	98	25
260277	6.5369	58	10
260282	8.20588	34	17
260298	6.27387	375	80
2603	6.93991	1478	523
260300	6.98538	2087	408
260307	6.61221	86	24
260316	7.10284	227	70
260322	6.26851	67	30
260329	6.0453	78	19
26033	6.34574	54	16
260332	7.00776	764	187
260334	5.82498	113	26
260335	5.99987	151	33
260348	6.395	90	26
2604	6.53043	1180	341
260407	6.91973	773	110
260410	7.1368	340	139
260428	7.69251	4569	802
260444	6.51	30	4
260465	7.74225	71	44
26047	5.98521	257	112
2605	6.42465	71	33
26052	5.68889	36	8
260524	8.73333	39	35
26054	6.0645	461	73
26055	6.9	533	156
260561	8.08096	118	38
260563	5.98966	59	18
260592	7.06753	62	20
2606	6.12381	63	39
260605	7.64335	5726	856
260635	6.5058	112	51
260644	6.54064	115	39
260645	7.52593	190	60
26067	6.19	40	15
260694	6.93151	155	62
2607	6.09908	461	170
260704	6.36098	109	27
260709	6.65588	34	8
260710	6.96541	699	172
260733	7.22143	49	23
260757	7.16915	926	202
260785	7.21494	164	52
260786	7.19066	183	50
260788	6.62913	209	48
260789	8.71576	361	201
260799	7.14711	140	27
2608	6.01656	466	244
26080	5.74697	132	48
260815	5.69464	56	11
26089	5.225	88	27
2609	6.0	37	22
260901	5.95345	58	11
260904	7.51356	59	33
260922	6.62295	95	26
260923	7.08125	32	33
26093	4.9665	66	25
260931	6.14915	59	17
260934	7.88652	164	103
260937	6.9202	50	14
260942	5.3912	152	44
260980	6.44804	51	16
261	6.05007	273	87
2610	6.78974	182	89
261009	6.87758	523	122
26101	3.67708	48	28
26106	4.71575	73	27
2611	6.53528	354	140
261112	6.26316	38	11
261114	7.31703	2315	394
26114	6.06765	128	57
261145	7.72095	382	65
261160	7.45185	54	26
261165	6.71059	169	46
261168	5.93148	54	11
26118	6.72866	157	87
2612	7.17835	701	360
26122	5.48436	94	16
26124	5.80281	178	81
261246	7.57619	84	36
261262	6.56615	297	57
261265	7.06	50	11
2613	6.65293	259	170
261307	5.292	65	17
261316	7.05909	44	11
26132	6.72321	78	29
261321	8.04512	127	30
26134	5.06613	62	18
261342	7.22835	441	121
261355	6.3254	63	12
26137	4.61143	91	31
261370	6.24728	81	33
26138	7.70095	105	28
261393	8.86097	558	202
261403	7.32555	442	129
26141	6.28333	72	23
261424	7.55991	229	97
26147	6.26514	218	90
26148	7.10218	202	95
261490	7.17673	49	27
261491	6.51316	38	16
261525	7.58542	260	84
261529	6.35665	393	123
26156	6.52616	302	71
26157	5.69714	35	6
261594	7.86795	883	148
2616	5.59819	83	22
261614	7.38165	79	10
26162	6.19372	424	151
261624	8.43602	93	43
26163	4.18056	36	20
261666	7.75283	53	17
261683	7.0764	125	24
261738	6.32353	34	19
261831	6.19724	255	64
261838	7.87567	58	28
261898	6.98465	144	60
261982	7.19627	67	16
261984	7.22874	68	14
261985	7.18342	50	9
26203	8.59636	55	23
26204	4.37895	38	13
262042	6.78906	268	90
26205	5.0739	241	39
26211	6.09444	132	57
262122	7.27762	42	11
262135	7.09077	112	39
262141	6.52688	93	23
262164	7.40806	31	16
262188	7.45781	268	61
262198	8.30704	51	17
262201	8.70837	240	145
262208	6.87782	1225	362
262211	8.27107	2084	569
262215	7.48058	4535	848
262262	7.03241	54	18
262273	6.18627	212	72
262274	7.76192	276	106
262275	6.2146	245	66
262291	6.95778	45	7
262310	6.89398	105	43
26233	6.35872	109	31
262341	7.26491	391	44
26235	6.45578	706	252
262370	5.92888	101	26
262381	4.96276	87	30
26244	6.03152	46	15
262443	6.35968	31	12
262447	6.9	45	15
262477	6.81668	1603	360
262479	6.65902	61	20
262498	7.84966	149	65
2625	5.46522	69	21
26250	7.115	70	41
262520	7.51628	172	33
262534	8.75283	53	19
262540	7.28149	806	186
262543	7.44217	6337	988
262547	7.14598	861	180
262566	6.47803	66	25
262621	6.92762	181	67
262622	5.76562	48	19
262626	7.5307	43	22
2627	6.89985	126	135
262712	7.74168	13975	2153
262733	7.7219	570	203
262770	7.22114	70	39
262806	7.08414	58	13
262818	7.2713	230	61
262899	6.45154	130	22
2629	5.7627	674	188
26292	5.83306	62	18
26293	5.93481	79	11
262939	7.66579	133	64
262941	8.19068	997	280
262994	7.51719	154	51
263	6.10545	376	113
2630	5.72258	31	15
26305	7.43478	46	26
263051	7.19907	54	17
26306	6.87273	44	28
263085	8.47384	33	14
263089	6.61296	54	32
26315	7.03408	76	26
263155	6.56757	689	177
263168	7.31831	71	20
263175	6.80579	38	25
263177	8.91892	74	37
263189	5.39654	164	45
263192	8.36488	252	79
263222	8.70455	44	22
263223	8.40725	69	33
2633	6.35333	1472	337
263301	7.88367	49	34
263312	7.10968	62	24
263351	8.10937	63	12
263360	6.83161	223	30
2634	6.4	34	15
263421	6.79524	63	11
263426	5.40319	46	20
263437	5.59459	37	32
26349	5.53265	49	10
2635	4.91072	69	67
26353	6.04736	72	28
26363	6.05424	85	44
2637	5.64487	117	62
26372	7.35714	56	32
263736	6.64955	110	32
263744	6.40673	208	58
263763	7.62213	47	17
2638	6.85958	282	140
263809	6.66792	53	13
26386	8.48684	38	5
263894	6.80185	168	55
2639	6.65597	1631	657
263918	7.71772	16729	2272
263938	7.50417	120	46
263996	8.36444	45	23
264	6.239	663	275
2640	6.74412	512	225
264052	7.68243	1767	448
264055	7.16159	7701	1124
2641	7.03879	116	71
264141	7.43423	246	69
264157	6.22391	69	17
264164	7.48228	488	132
264196	7.80831	570	158
264198	7.93068	1143	266
264212	7.11242	157	65
264220	8.26483	8026	2008
264221	7.4225	40	11
264239	6.64732	1494	281
264241	7.65616	3561	655
264242	6.3995	100	24
264267	6.18067	30	7
264278	6.94101	132	47
264282	5.69701	134	29
264295	7.16067	105	28
2643	5.40357	56	55
264314	6.96701	144	40
264318	7.06482	54	19
264321	6.75103	333	98
264410	6.72121	33	11
26446	6.30932	59	30
26447	7.10657	335	198
264476	8.6129	385	110
2645	5.86811	127	69
264566	7.27455	55	24
26457	7.52965	1205	463
26458	7.60704	125	92
26459	7.32216	211	129
264637	7.53823	343	144
264638	7.00333	101	21
264647	7.12563	1410	402
264656	6.50667	60	22
264660	5.14898	98	32
264669	7.75	78	46
26468	7.0488	125	45
264714	5.22778	54	21
26472	5.78624	653	327
26474	7.38621	58	16
264742	7.20167	30	25
264797	6.60842	101	31
264806	6.59351	571	133
264843	6.11538	88	17
264858	7.49732	121	78
26486	7.69355	31	15
2649	5.30533	75	32
264925	6.59487	261	105
264948	7.52923	65	36
264982	7.39876	1571	334
264989	4.55789	57	15
264991	6.93802	160	23
265	6.37168	2628	1015
2650	5.14062	32	11
265017	7.34078	519	132
265019	6.69318	44	3
265026	4.78523	36	11
265031	6.79996	191	44
2651	7.84218	58614	10625
265105	6.61304	46	5
265113	7.31011	116	19
265120	7.41667	30	3
26516	5.5341	223	84
265188	7.9947	5046	923
2652	6.65821	993	350
265202	7.02042	173	66
265204	7.18902	417	158
265219	6.80556	36	18
26522	5.41714	175	72
265226	7.94098	122	51
265256	6.87153	1231	248
265260	6.52012	323	73
265285	7.13749	496	126
265286	7.02941	34	15
265293	6.60714	35	14
2653	7.31187	22084	4678
265304	8.44694	49	24
265316	4.41673	98	26
265381	6.8884	263	36
26539	6.75403	62	42
265399	6.62107	159	54
26540	4.88163	49	45
265402	7.77043	2858	786
265430	7.74052	211	32
265489	7.2744	233	119
2655	7.3235	31736	6589
265524	6.25543	892	205
265569	6.8695	100	32
265571	5.72477	118	21
265575	7.43033	150	62
265583	5.69505	31	11
265585	6.63333	57	12
2656	5.08	70	36
26560	6.21739	46	18
26563	5.05227	44	17
265634	7.30811	37	12
265635	7.31079	280	134
26566	7.21554	3720	1169
265681	6.582	180	55
265683	6.70636	1591	291
265684	6.43497	320	79
2657	5.85104	40	19
265712	7.09244	45	13
265715	6.33333	33	12
265736	7.31727	13150	1956
265752	8.01917	120	38
265754	8.45152	88	18
265755	8.4264	85	17
265771	8.16591	44	19
26578	5.11429	35	20
265784	7.63956	394	142
265785	6.86846	250	83
26582	6.43443	61	53
265832	4.8027	37	5
265912	6.55377	175	34
265917	7.14685	171	66
265947	7.14803	76	58
265960	7.41067	64	21
266018	7.23617	47	39
266031	5.09856	60	13
26604	6.11307	88	53
266064	7.44508	109	160
266071	6.43269	52	6
266078	5.53333	33	9
266079	5.51466	58	30
266083	6.49136	5227	865
266092	5.14286	35	11
266102	6.95152	66	24
266121	7.72305	2454	441
266129	7.02931	58	9
266140	7.8334	235	81
266141	6.8208	138	41
266164	7.71493	1453	412
26617	5.1	50	28
266177	6.52204	353	131
266179	7.07148	706	163
266188	7.59237	248	100
266192	8.10005	56146	7781
26620	7.04648	71	15
26621	6.68644	59	14
266259	6.04211	38	11
266266	7.2383	141	26
266304	6.84674	549	145
266308	5.58235	34	12
266381	7.92571	35	10
2664	5.01389	36	23
266421	6.35275	51	12
266444	6.75075	416	56
266445	6.89591	411	52
266446	6.91722	359	59
266448	8.17589	197	73
266460	7.57242	322	66
2665	7.03338	194	102
266504	7.3987	511	87
266507	8.69588	4944	863
266524	7.80152	12683	2193
266525	6.17794	55	29
266538	6.75748	140	61
266564	6.87058	296	63
266592	8.38108	37	33
2666	6.27358	106	78
266651	5.29412	34	28
266652	6.54878	41	16
2667	6.9354	251	111
266722	7.33723	454	89
266744	6.20588	51	19
266747	5.61188	101	19
266756	6.98714	70	55
266769	7.65441	34	16
266771	6.28094	235	62
2668	5.81044	136	53
266802	6.66193	187	51
266810	8.03036	11153	1684
266830	7.46568	2669	530
266842	6.33051	52	16
26687	5.53051	59	29
2669	5.55087	550	279
26692	7.33226	31	8
266936	6.73467	90	25
266938	7.52672	247	55
266940	7.53077	52	34
26696	5.22715	1093	276
266964	7.88176	551	84
266965	7.87022	618	107
266966	7.62597	901	150
266967	7.90766	580	95
266968	7.03448	58	28
26697	7.05244	73	47
266980	6.8754	144	38
266993	7.22935	458	134
267	6.77109	686	266
26700	5.02791	43	9
267009	6.99169	656	220
267013	7.85662	68	22
267030	5.34867	75	21
267036	7.0375	48	21
267058	7.68384	276	88
267127	7.46116	1276	314
267179	7.04848	33	4
267182	6.94058	69	40
2672	5.90361	355	121
267243	7.03559	59	28
267244	8.21746	63	47
267246	6.86633	49	6
267271	7.62808	902	280
26729	4.9359	39	11
267304	8.40957	211	85
267313	7.26421	95	20
267314	6.79333	451	149
267319	7.41395	2325	486
267333	7.91208	178	66
267359	6.47062	73	13
26736	7.46141	92	70
267370	6.70821	1091	257
267377	7.87451	102	52
267378	6.95091	1535	254
267397	7.74174	69	19
2674	5.66455	110	67
267401	7.18596	828	240
267402	7.92	100	70
267404	7.84559	34	11
267414	6.46761	71	48
26745	6.67385	172	112
26747	6.05827	237	158
267475	7.0764	494	91
267506	6.9	57	35
267568	6.28675	680	132
267590	7.19259	170	55
2676	6.05426	47	20
267609	8.63296	115	136
267652	6.90173	647	171
267661	8.26983	120	62
26768	4.61667	30	16
267732	7.36486	37	17
267735	6.95902	776	145
26778	5.3125	112	16
2678	6.77884	319	176
267813	7.0471	1910	401
267832	6.78353	34	1
26786	6.91136	44	8
267884	5.58333	42	18
2679	4.12189	2811	952
267945	6.13784	125	34
26795	6.2675	60	52
267986	6.92424	66	26
267989	6.55152	33	24
267991	6.77263	139	49
268	6.15506	267	97
2680	5.65458	396	161
268008	5.54839	31	4
268012	8.81762	471	199
268098	7.47955	66	7
2681	5.30988	81	32
268159	7.43107	103	22
268183	7.08538	65	13
268185	6.68723	47	13
268201	7.83851	892	160
268221	7.84697	33	30
268248	7.18128	39	16
268252	7.20196	102	30
268255	6.4602	49	14
268274	7.02445	104	21
268276	6.54339	127	37
268377	6.37765	34	14
26840	6.70645	62	38
268408	6.29412	34	26
26841	4.76829	41	17
268469	6.55157	153	79
268493	6.91869	661	206
268504	8.02486	440	172
268543	6.97199	77	31
26855	7.30833	48	23
268582	5.6669	42	20
268586	7.45436	1091	151
26859	5.76605	1185	253
26861	4.46122	49	20
268620	6.88327	2314	658
268665	6.943	100	14
26869	6.36935	62	22
268762	6.38143	56	22
2688	4.09413	196	112
26884	5.75342	904	369
268846	7.27892	77	9
268864	7.84509	6301	1077
268890	6.78486	703	174
268899	7.65	30	25
2689	6.92217	671	262
26890	6.86667	42	30
268901	6.57812	32	23
268921	6.66563	32	14
268936	6.3683	356	99
268948	5.04857	35	7
268952	6.49952	102	28
268962	7.76364	44	5
2690	5.66935	62	40
269041	6.82494	489	89
26906	7.65647	85	53
269069	6.53348	379	91
269072	5.95309	55	14
269077	6.77329	53	11
269144	7.46873	4764	794
269145	5.90357	98	19
269146	6.7937	545	86
269175	6.07609	46	15
26918	6.04886	44	42
26919	6.96957	92	54
269199	6.90518	1086	228
26920	6.1734	50	24
269207	7.61236	8650	1184
269210	7.48955	6177	937
269257	6.57662	623	140
2693	5.15762	238	135
269385	8.00928	11232	1561
269403	7.31539	98	35
269418	7.38826	190	78
269420	6.99829	195	89
269440	6.19578	83	27
26945	7.43077	39	30
269456	8.20134	149	69
26946	6.98833	270	75
269466	8.48537	41	9
26947	5.85983	60	16
269487	6.28947	38	12
269489	8.17107	140	74
269504	7.29737	38	16
269511	7.66915	2790	559
26952	6.54404	267	67
269526	6.71269	622	131
269537	6.32121	601	144
26956	5.9383	47	27
269564	6.02021	94	38
269573	5.50045	104	34
269595	7.15662	2360	468
269603	7.05479	1618	338
269607	7.54839	31	15
26961	6.2216	239	136
269618	7.0744	558	220
269623	6.37483	120	34
269624	5.7755	40	10
2697	5.55185	54	21
269725	6.76913	2435	572
269752	7.17393	1319	299
269756	6.25	58	21
26976	5.97759	58	25
269766	7.08961	77	16
269789	6.69451	505	124
2698	6.29185	151	51
269810	7.19222	255	93
26983	6.87598	306	124
269847	7.2441	100	36
26986	5.0	33	10
2699	6.96303	119	65
26990	7.14918	4471	1435
269913	5.81484	62	14
269917	6.45429	206	31
269967	7.01075	440	59
269968	7.19316	1220	220
26997	7.79475	2114	704
269970	6.64321	81	12
269971	7.20101	89	15
269982	6.64687	32	7
26999	6.77635	74	39
27	5.65724	1337	583
270	6.39595	590	160
27007	6.22051	39	49
270077	6.62857	63	27
2701	5.48788	66	30
270109	7.22814	1331	350
270113	6.45238	63	21
270131	7.50058	281	56
270133	5.8625	56	10
270138	6.8057	1218	322
270140	6.42747	91	23
270143	7.91186	287	84
270168	6.92388	652	148
270223	6.59402	92	20
270227	6.53074	122	31
270233	6.69764	427	101
270237	6.20253	79	19
270239	7.92349	938	273
270269	6.50451	281	51
27028	7.36606	165	53
270293	7.45084	480	125
270314	7.36678	2219	373
270350	7.26471	104	47
27042	6.64321	84	56
270443	6.41556	221	49
270445	6.41724	87	27
27048	6.61478	1419	658
270501	5.821	82	23
270512	6.88971	34	12
270513	6.58258	89	23
270538	7.11409	666	176
2706	6.34402	117	78
27061	5.82973	37	11
270632	6.01471	68	28
270633	8.66658	1760	423
270635	5.68579	108	35
270636	7.09049	365	98
270637	6.76072	138	40
270673	7.30767	5306	859
270677	6.40304	152	34
270680	7.13265	49	21
270685	7.07978	60	26
2707	4.84649	114	28
27071	6.0645	111	21
27073	5.37692	39	11
270836	6.39302	1744	359
270844	7.55801	5117	875
270847	7.48417	755	113
270871	8.69057	53	57
2709	5.86667	105	63
270956	7.08581	398	92
270958	5.73684	38	22
270970	7.4289	3566	668
270971	7.25684	2699	513
270972	6.38096	232	61
271	5.91264	436	190
2710	5.99214	145	57
271002	7.41471	68	30
27101	7.64719	192	101
271027	7.03667	30	3
271036	6.5393	100	15
271038	6.27605	232	54
271040	5.46543	81	21
271042	5.51236	314	60
271043	5.70176	350	64
271044	6.01336	466	82
271045	7.46196	46	13
271055	8.30568	3075	800
271060	7.78194	666	169
271064	7.78707	190	43
271088	7.10028	2176	394
271090	7.07778	45	21
27117	6.20197	636	254
271262	8.73413	126	68
271264	6.89599	318	71
271268	8.59904	52	40
27127	7.43056	36	27
271270	6.51381	97	77
271288	6.72963	54	14
2713	6.44444	63	45
271319	7.4578	1177	229
271321	7.29588	611	179
271324	7.82347	9857	1476
271349	4.57031	96	18
271447	6.13764	89	24
271460	6.49561	875	156
271512	6.40341	1177	256
271518	7.64567	2891	384
271519	7.29468	517	130
271522	6.85458	48	10
271524	7.00315	222	54
271528	6.38908	435	105
271530	6.99965	786	158
27155	5.56534	457	124
2716	5.94373	118	48
271601	8.45365	57	71
271615	7.80372	842	209
27162	7.18593	18744	3920
27165	6.36312	906	364
271693	6.66364	220	20
2717	4.81268	138	43
27172	6.46559	1128	405
27173	7.24514	8076	1900
271751	7.08462	117	42
271754	8.0105	425	158
271756	6.2379	124	33
271762	5.81111	54	14
271774	6.10949	184	38
271785	6.67195	1265	224
2718	5.60375	806	355
27181	2.80743	35	19
271820	7.38971	34	24
271837	7.64235	115	49
271869	7.11951	2825	486
271896	7.69885	7311	1126
2719	4.89445	7455	1932
27190	4.67016	187	44
271942	6.7027	37	8
272	6.32966	145	52
2720	6.44545	55	29
272085	6.59697	323	71
2721	6.10972	109	51
272215	7.67482	110	47
272234	6.45722	48	5
27225	6.35967	9422	2145
272260	6.52177	186	58
27227	6.44146	41	6
272325	6.05481	52	15
272350	5.10938	32	9
272364	6.02281	32	8
272380	7.60651	1121	271
2724	5.1859	39	22
272409	6.88333	1161	390
272427	7.36358	1185	276
272438	6.64731	642	159
272453	7.34505	2030	336
2725	5.68765	162	78
272502	7.24857	35	26
272522	6.66077	78	31
272533	7.61606	1440	442
272538	8.22694	124	52
272541	6.63679	368	75
272542	6.7129	154	33
272597	6.76909	77	28
272598	7.08594	64	21
272636	6.49856	104	27
27266	7.57665	197	70
272666	7.02082	49	38
272683	6.28571	70	15
272692	6.74364	55	7
272697	6.80682	44	8
272711	6.34593	41	8
272738	7.2342	4021	858
272739	7.73844	1578	391
272767	6.56157	72	17
2728	6.8177	217	114
272803	6.675	36	15
272889	6.03947	201	52
27291	5.79489	124	41
27296	4.56923	52	16
27298	6.17425	604	246
272993	7.07341	397	127
273	5.71241	141	67
2730	5.92439	41	18
273005	7.02883	37	13
273009	7.41282	39	35
27306	6.27171	350	128
273065	6.84552	134	40
273092	6.62214	70	32
2731	6.04091	33	19
273164	6.37222	108	49
27322	2.66216	37	18
273264	8.1391	320	154
273284	6.50697	300	84
2733	6.28229	48	14
273330	7.98881	1809	539
273336	6.52131	130	44
273349	6.91447	38	13
27335	2.82235	34	28
273352	7.12553	47	36
27336	5.6625	48	48
27339	6.712	50	31
2734	6.38158	76	38
273433	7.06924	69	40
273477	7.22629	2382	451
273482	8.66564	39	12
273519	7.88375	40	29
27356	6.38855	2508	794
27359	7.3337	46	17
2736	6.61414	99	61
27363	6.02135	208	66
273636	7.66538	52	18
27364	6.90941	4885	1612
273657	7.49117	77	9
273699	6.97333	90	32
273703	7.92245	973	337
27372	5.68485	33	14
27373	6.38492	63	10
27374	5.25469	64	18
273769	7.60938	32	19
273779	7.43433	622	279
2738	5.34836	213	81
27380	6.01476	397	117
273814	8.78528	120	108
27385	6.2045	1378	447
27387	5.502	100	22
27388	5.73696	46	17
27389	5.39218	1280	310
273909	8.34615	52	25
273933	5.27419	31	20
273937	6.11385	65	8
273976	6.66007	235	50
273993	6.58788	165	51
274	6.2521	382	183
2740	4.80397	255	85
274028	6.86388	147	78
274037	7.10468	596	189
274049	6.00913	100	20
274053	6.05814	43	25
274056	8.42333	120	139
274072	7.26164	73	29
274075	8.0016	94	54
27408	5.73818	110	34
274090	6.91082	688	158
274093	7.28798	762	163
274124	8.34208	77	86
274127	7.31288	59	27
274128	7.01073	268	59
274152	6.74196	95	25
274178	7.58194	93	54
2742	7.06894	132	75
274205	6.19455	55	14
274206	5.91667	60	15
274230	6.30708	120	34
274234	7.58729	118	40
274277	8.48261	46	23
274296	6.10883	71	21
2743	6.34059	101	66
274349	7.3475	206	26
274363	6.97269	223	73
274364	7.91467	6914	1063
274405	7.2861	269	85
274426	7.07044	487	138
274428	8.40737	422	113
274429	7.03715	86	23
27443	3.95091	55	27
274432	7.37463	205	53
274442	6.82935	46	16
274445	6.47258	62	21
274450	7.45299	765	210
274471	9.56829	41	21
27451	6.10809	469	70
274527	6.48393	56	14
274533	6.56968	1897	418
274548	7.19571	106	44
274557	6.30597	74	11
274563	7.36371	80	28
274566	6.96216	192	77
274590	7.71422	216	47
2746	5.53871	31	13
27460	5.72381	42	10
274605	6.73438	32	4
27463	6.59495	1411	588
274635	6.25256	39	11
274637	7.93909	4455	671
274638	8.13111	1904	258
27468	4.5097	33	13
274688	6.36107	122	45
274690	6.64023	216	51
27471	4.13898	59	15
274735	6.4895	121	64
2748	6.87828	653	281
27480	8.03929	42	21
274841	7.18877	1422	254
274861	6.62922	366	150
2749	5.69268	403	178
27490	6.41393	244	92
274906	5.66311	61	21
27495	3.83934	61	33
274960	7.27672	11662	1641
275	4.95349	43	31
2750	5.51736	1491	489
275010	7.9471	336	80
275032	7.2378	132	33
275034	7.45306	359	83
275044	7.41571	545	91
275061	6.17797	59	35
275067	7.44935	292	116
275085	6.52059	34	15
275086	6.80454	56	15
275087	6.40667	60	30
2751	6.18261	92	76
275100	6.17739	115	41
275188	6.29557	106	44
275214	6.11852	101	62
275215	6.5437	108	112
2753	5.85512	52	30
27532	6.17481	1048	353
275349	6.48529	34	7
275391	5.79905	63	12
27546	5.80735	34	20
275467	7.26653	3153	613
275469	6.68192	575	171
27552	5.2098	51	17
275530	7.15454	234	53
275557	7.47953	171	41
275589	6.91803	363	65
2756	6.18936	47	36
275634	6.46562	64	34
2757	6.15433	85	58
275703	5.9875	40	8
275715	7.24194	36	15
275738	7.29688	32	16
27574	6.32681	241	146
275777	9.55814	43	19
275785	6.6645	211	67
2758	6.56727	128	86
275800	6.48244	160	38
275802	4.34426	61	115
27584	4.89333	30	13
275840	6.78136	475	109
275857	6.59848	33	6
275870	7.04467	703	126
27588	6.8246	14278	3532
2759	7.14742	194	95
275913	7.30643	1344	316
275916	7.5338	567	128
275969	7.21607	525	139
275972	8.94072	125	47
275973	6.54688	426	107
275974	7.68161	378	105
275996	7.29062	309	109
276	6.45714	70	49
2760	5.67903	124	55
276004	6.99921	679	194
276022	1.16208	269	138
276023	6.25231	65	22
276025	8.2014	10701	1652
276042	7.37849	1688	308
27608	6.18647	182	58
27609	6.1289	236	120
276090	7.67918	383	114
276100	6.175	30	7
276107	6.57934	81	18
276121	6.44586	64	17
27613	6.00122	181	57
276161	7.02433	153	49
276169	8.13505	109	47
27618	6.64103	39	12
276182	7.5095	58	172
2762	6.89	40	28
276205	6.86	102	55
27624	6.14155	142	48
27626	6.21178	118	27
276264	6.94	40	8
27627	6.52086	13886	2966
276280	6.34386	57	19
276281	7.09579	95	20
276296	6.44856	241	65
2763	5.6514	213	107
276337	7.65173	104	54
276386	8.09351	368	121
2764	4.74533	75	26
276416	6.8875	72	23
276431	6.88929	84	38
276459	6.68889	45	8
276497	7.04608	500	87
276498	7.41038	2411	391
276499	6.9563	266	50
2765	5.60897	39	13
276551	8.04483	52	19
27658	6.74717	418	106
2766	5.23586	251	160
276622	6.01625	128	32
27663	5.16061	33	8
27665	7.14032	31	15
276654	7.01105	95	29
276669	6.91238	42	27
27667	5.60517	58	17
27668	4.88557	97	24
2767	5.14784	648	359
27674	5.55799	199	80
27675	4.34872	39	21
276760	6.52358	243	79
276779	6.83357	384	125
27678	6.12162	37	38
27680	7.56119	320	88
276801	4.325	32	22
276817	5.80263	38	11
27682	6.31081	74	37
276830	7.15571	1624	350
276832	7.4	30	13
276856	7.5464	153	63
27687	6.02576	99	45
276880	6.19	90	28
276894	7.18337	2877	534
276923	6.47151	146	52
276924	6.4574	272	79
276925	8.26109	463	104
276997	7.99419	459	155
277	5.91611	964	393
2770	5.03116	841	344
277003	6.43237	55	20
277017	6.18308	221	52
277018	6.46562	32	5
277025	8.3	40	68
277030	8.0765	232	78
277035	6.76957	46	8
277061	6.34722	36	10
27708	7.62041	8763	2821
277080	7.73967	389	109
277085	7.6108	3341	427
2771	5.50567	353	162
27710	5.69284	5548	1459
277109	6.27544	57	19
27712	5.33696	79	18
277131	6.95395	207	72
277184	6.96517	89	28
27719	6.11343	201	57
2773	5.98186	263	129
27730	5.77778	54	20
27736	7.0204	125	98
27739	7.49799	390	223
277410	6.26452	31	3
277424	6.24615	39	10
277434	5.97222	54	5
277458	6.76599	713	94
27746	7.21489	8601	2340
277469	7.54511	78	37
277475	7.02082	67	39
277481	6.57524	35	9
2775	6.52364	110	58
27751	6.23265	49	30
277538	8.59883	138	64
277565	7.4646	42	15
277597	7.14442	1049	249
2776	5.79425	40	19
277611	7.06277	141	57
277629	6.66356	68	24
277659	8.64795	412	176
27766	6.33441	474	108
277662	6.4902	261	63
277671	6.27045	44	4
277672	8.30723	83	37
277699	7.17747	876	180
2777	4.92083	96	42
277700	7.67984	1466	436
277779	5.06667	42	10
2778	6.17867	263	131
27781	6.34722	36	18
27789	5.94486	243	90
277892	6.36353	34	18
2779	5.77724	172	93
277901	8.35	30	8
277902	7.00071	160	21
277903	6.57483	67	13
277927	7.20383	801	227
277930	7.56333	60	25
277931	7.83788	33	17
278	6.71196	13322	3253
2780	7.29865	170	70
27800	5.4162	389	165
27802	6.31284	278	93
278042	7.19096	73	47
2781	5.6749	439	223
278120	6.75396	625	145
27813	6.63224	76	50
278139	3.34743	70	24
278142	6.48139	51	29
27817	8.00645	124	59
2782	4.32895	38	30
278218	8.075	32	12
27823	5.94522	607	302
27826	5.12358	394	102
278297	6.16914	554	153
2783	4.67209	43	17
27830	5.92941	170	69
278304	8.28571	42	21
278305	6.62766	141	58
278322	6.64561	57	17
27833	7.58018	9760	2242
278359	6.01218	145	48
27837	5.18462	299	62
278373	7.4868	97	43
2784	5.4749	81	40
278402	8.4041	145	75
278413	6.08581	151	31
27848	6.65877	2588	854
2785	3.44958	844	250
27852	6.4525	40	13
27853	5.77329	73	53
278553	7.05993	1159	241
278554	7.35889	377	77
27857	6.02121	33	23
27863	5.43939	33	12
27870	5.39823	163	66
278751	7.05041	408	74
27876	5.8938	36	8
278783	7.38191	270	96
2788	4.75395	43	21
278824	6.61411	380	114
27884	6.12933	150	78
278971	6.74446	112	47
278989	7.01493	67	18
279	6.21526	820	342
279014	6.49888	205	50
279056	6.70588	34	9
279087	8.14127	63	30
2791	3.5	33	20
279135	6.62609	479	124
279198	7.11056	329	119
2792	5.46131	282	102
279204	7.04542	142	73
279254	7.18161	2935	620
27926	7.86667	30	10
2793	4.62642	53	14
279306	7.44053	369	84
279307	7.03938	331	79
279328	8.66786	32	5
279348	7.27306	122	34
27938	6.15244	307	84
27939	5.9122	41	15
2794	6.91435	155	65
27940	5.87119	1292	475
279419	7.438	270	78
27944	7.86364	33	19
27945	6.57831	83	60
27948	5.81544	261	94
27949	5.866	50	35
279497	7.18052	166	104
2795	6.40881	2174	948
27950	5.70161	31	41
279527	7.32857	35	12
279537	8.15207	3425	672
279556	7.27907	43	29
279581	7.18636	44	37
27959	3.99167	150	90
27960	4.49967	150	76
27961	5.33683	486	186
279613	7.9092	1573	309
279644	7.62751	331	148
279646	5.51905	63	15
27965	6.91398	236	136
27968	7.51584	219	126
27969	7.36606	327	181
27970	5.78506	472	207
279720	7.31057	459	194
279727	9.07955	44	25
279741	7.98393	112	47
27976	7.62556	2298	614
279776	7.27273	33	17
27981	4.64722	36	23
27982	5.61902	41	16
279869	6.99119	969	207
279884	6.65742	66	21
2799	5.20306	98	74
279900	6.95065	254	62
279911	7.33042	166	60
279928	7.06837	43	10
279931	7.03	45	15
279967	5.78511	47	32
279975	7.72222	90	42
279996	6.05818	44	15
28	6.48008	4948	1368
280	6.77395	215	81
2800	7.33756	262	150
280032	7.30709	757	254
28004	6.73277	124	44
280041	6.08034	393	100
28010	4.86901	142	55
280106	7.65158	95	51
280107	6.09888	215	39
280131	7.04636	143	45
280132	7.09049	813	162
280136	7.12906	1537	267
280148	6.3775	52	18
280149	4.89094	53	15
280162	8.46875	80	41
28017	6.53126	47	12
28018	5.19352	281	60
280201	6.78459	122	39
280202	6.70208	48	16
280203	6.80959	263	51
28023	7.05614	17115	3473
28025	6.41104	1482	458
280281	5.83852	122	40
280282	6.35261	106	42
280304	7.15368	209	36
28037	5.99412	608	168
280378	6.38583	39	3
28044	6.61798	529	349
280453	7.23475	1239	239
28047	5.16634	254	132
280475	7.76478	99	22
280480	7.60302	2433	428
28050	6.20769	52	19
280501	7.18029	250	55
28053	5.33143	35	22
280566	6.83692	221	64
280575	7.38601	174	44
2806	5.70724	76	59
28060	6.19832	149	59
28063	5.27105	76	28
280655	7.26533	95	26
28068	5.55575	40	13
280726	7.96667	42	54
280729	7.56364	33	19
280730	7.42105	38	9
280742	6.62333	45	12
280748	7.90516	641	201
280789	6.6626	2091	447
280794	8.01851	1638	773
2808	7.30688	1436	677
280811	7.26586	227	51
280812	6.91698	227	44
280834	7.39702	133	64
280856	7.42225	36	20
28086	6.25898	1007	427
28089	6.84276	2330	763
280897	7.19694	49	14
2809	6.25798	119	49
28096	6.74308	65	24
280979	6.60923	65	7
280984	7.33411	116	39
280986	7.27364	279	64
280994	7.37778	54	25
280999	7.91556	45	37
281	4.71739	161	47
28100	4.37609	69	19
28102	5.87782	142	56
281020	6.76667	81	21
281075	6.92708	1335	241
28109	6.06522	46	40
281094	7.28647	137	55
2811	4.78026	76	55
281132	7.08196	251	76
281152	7.29497	949	245
281194	7.48269	1346	193
281198	7.17134	86	35
2812	5.9075	236	117
281206	6.40597	134	36
28121	5.82376	117	39
281245	5.71619	42	17
281248	7.43427	150	63
281257	9.25	40	38
281258	7.76429	119	89
281259	7.92355	11136	1937
281260	8.00389	167	78
281310	7.51758	33	14
281385	7.84722	72	39
2814	6.22975	79	40
281417	5.56904	281	75
281429	5.70074	70	16
28143	7.75712	48919	9989
281442	7.64495	2552	556
281455	7.28595	239	84
281466	8.10288	1063	346
281477	6.52848	33	21
281514	6.3807	320	66
281515	8.82991	401	170
281516	8.25096	53	16
281549	7.94156	64	71
2816	5.32945	479	172
281619	7.62727	33	16
281647	6.50093	108	139
281655	8.57038	765	320
281657	8.9782	78	16
281658	6.91545	634	180
281663	6.65314	35	6
281664	6.71733	138	29
281676	7.77907	43	34
281680	5.79736	53	13
2817	4.96891	230	109
28176	4.89474	38	14
2818	5.43131	1433	379
28181	8.10894	1550	520
28185	6.45986	537	245
2819	5.5383	655	147
281919	6.34167	44	9
281945	8.71522	46	26
281946	7.83062	1095	287
281961	6.69012	167	52
281982	6.72716	158	43
282	6.02343	70	33
282006	6.54359	395	75
282007	6.73752	257	46
282008	6.55976	237	48
282033	8.20714	77	31
282055	6.84394	66	11
282080	4.705	30	8
282081	6.11973	147	51
2821	5.51287	613	185
282131	6.75362	207	49
282171	6.25727	1501	310
28218	6.3217	967	300
282216	6.83768	69	20
282224	6.86471	34	8
282227	7.18494	156	76
282237	6.57089	189	60
28224	4.7636	134	58
282246	7.60143	138	44
282255	6.86765	34	21
282278	6.6918	61	14
282287	6.18651	63	28
282291	6.79834	675	156
282297	7.52527	93	34
2823	5.02083	84	36
282300	7.52778	36	20
28231	3.91149	74	36
282332	7.72571	35	21
282341	5.57045	88	21
282347	5.54082	49	13
28238	5.6944	250	127
282390	7.55644	45	24
2824	6.14312	109	56
282414	7.45609	1007	187
282418	7.61031	388	86
282421	6.92982	38	11
282435	8.2621	418	136
282437	7.94706	34	13
282438	6.87098	143	45
282439	7.07408	478	111
28246	5.58845	148	61
282463	6.6826	620	142
282483	6.145	50	16
282493	7.01144	248	141
282494	6.98379	58	28
282524	7.78395	9645	1698
282525	6.06898	108	37
28253	6.63846	39	24
282530	6.43798	99	18
282544	7.21967	100	20
28257	1.81186	59	30
28258	5.55358	831	232
28259	6.5363	4871	1409
2826	6.00109	92	38
282700	7.50521	48	28
282765	6.13589	428	217
282774	7.86949	59	27
282775	8.9918	61	54
282776	7.10564	331	111
28284	7.925	194	95
282853	7.6619	790	196
282863	7.34571	35	20
28289	7.00217	92	55
282910	7.22159	44	28
282918	7.69328	196	66
28292	5.26857	35	10
282922	7.31539	499	162
282954	7.33549	1601	350
28296	5.82973	37	5
28298	5.62103	107	45
283	6.90997	744	374
28301	5.08913	46	8
28302	6.44197	377	122
28306	5.88779	68	32
283073	6.59322	59	25
283076	6.97576	33	25
283077	7.65667	75	20
28308	5.00065	77	27
283095	7.23442	475	144
283124	5.92597	77	15
283135	7.13436	351	86
283137	8.67347	49	73
283152	8.31667	219	42
283155	7.77482	8509	1450
283161	6.27465	71	17
2832	5.24054	37	20
283208	7.27989	59	24
283211	7.1482	597	105
283212	7.41378	309	73
283216	7.01772	79	26
283217	6.02924	144	54
283229	5.38912	68	14
283259	5.98761	88	14
283294	7.44194	1372	232
2833	5.69078	320	97
283317	7.87308	980	193
283353	6.49565	69	21
283355	8.08239	4766	1064
283363	5.94127	55	22
283387	6.97971	1021	277
283393	7.41224	2943	571
283466	6.94237	59	13
283474	8.43979	143	28
283521	5.58731	108	33
283542	6.96905	168	36
283544	5.34893	60	23
283584	6.90742	163	22
2836	5.97845	116	46
283609	6.63317	41	7
283619	7.46185	956	199
283641	7.27083	163	59
283642	7.59704	349	65
283649	6.76069	1228	254
283699	6.16809	47	19
283700	6.43048	35	1
28371	5.02667	30	8
283713	6.685	40	8
283718	6.13347	504	110
283746	6.39362	47	14
283748	7.13098	239	74
283755	7.67854	30	13
283768	7.77537	131	30
283790	6.44423	52	24
283792	7.18284	325	131
283795	6.45578	154	20
283797	6.93305	778	141
2838	5.9033	1001	297
283805	7.6098	51	26
283820	6.08312	77	28
283848	7.01143	35	9
283863	7.61795	2210	398
283864	7.46301	2505	381
283867	6.85613	198	63
283871	7.07254	197	63
28388	5.73395	81	79
28389	7.21707	41	27
2839	5.77267	75	24
283924	6.88439	141	47
283934	7.21341	959	168
283935	6.56333	75	24
283948	8.08496	4677	646
28396	6.26187	1057	406
284	6.30071	140	95
2840	5.16463	82	27
284003	6.93485	33	14
284054	6.43405	224	39
284072	7.86857	35	26
284082	6.11036	393	102
284083	7.96895	25012	3342
2841	4.80932	118	57
284107	6.40218	72	25
284108	7.21681	1402	236
284111	9.04127	63	48
284118	6.89574	47	62
284121	8.67429	247	131
284189	7.56142	120	164
284192	6.7375	40	14
284195	6.79119	292	49
2842	6.67095	7840	2383
284217	7.58664	560	168
284227	7.09792	32	13
284229	6.65372	470	122
284269	7.37298	114	42
284291	6.50149	466	118
284294	7.24109	110	18
2843	5.64144	370	98
284306	6.74072	204	74
284323	6.6625	48	8
284333	7.39255	506	114
28436	6.39605	271	51
284378	8.61602	2953	630
2844	6.6503	166	99
284417	6.2975	32	19
284429	6.80903	523	110
284430	8.11754	57	30
284435	7.41287	4401	642
28444	5.91761	71	38
284446	7.36934	121	52
2845	5.21564	39	32
28452	7.76391	230	158
28454	6.1561	82	30
284584	7.18341	1337	261
284585	6.56333	36	9
284600	6.4873	89	26
284616	7.63964	232	78
284639	8.16696	132	59
284640	8.6129	31	15
284653	8.17047	497	183
284665	7.17526	225	97
284684	6.00027	74	28
28472	4.98316	95	43
284742	7.84696	1990	476
284751	6.63876	121	43
284760	7.66079	2618	386
284775	7.33103	922	218
284777	8.22402	1125	177
284785	6.57648	71	16
28479	4.95161	31	8
284818	7.58739	1861	366
284821	7.52857	35	9
284825	6.94854	251	51
284832	6.44411	190	54
284842	6.76719	64	112
284845	6.2607	62	9
284862	6.22195	41	22
284936	7.50237	855	154
284948	6.88438	32	19
284949	6.94444	72	28
284981	8.12286	35	19
284982	7.16249	202	52
284987	7.37492	80	19
284998	7.1574	141	42
285	5.83746	283	135
285028	7.32432	37	8
285036	7.77408	355	104
285047	6.77992	185	31
285048	5.94422	33	10
285064	5.01895	153	46
285071	7.2368	122	62
28508	5.58623	167	48
285102	7.36667	30	6
28511	5.57063	63	20
285110	7.54091	33	9
285125	6.8213	108	32
285127	6.74333	76	13
285128	6.23721	43	11
285133	7.11675	97	29
285157	7.79914	404	96
285165	5.2	38	7
285171	6.7242	100	15
285183	6.67434	92	17
285192	8.01745	3130	725
285193	7.55776	58	32
285203	7.20088	113	18
285208	7.89615	52	20
28522	6.11935	62	47
285232	7.3826	253	85
285234	6.92857	77	35
285250	7.15135	37	15
285253	7.24992	567	60
285265	7.27589	1386	301
2853	7.00099	203	110
2854	5.56798	119	55
285436	8.44655	58	38
2855	4.9945	160	73
285529	6.31852	54	13
28553	6.92609	46	24
285533	7.53562	997	204
285535	6.66402	140	32
285536	6.53349	74	29
285540	5.50732	41	8
285554	6.50802	359	84
285570	6.80385	104	29
2856	5.6183	153	61
285623	6.40645	31	7
28565	6.41165	88	46
28567	6.8069	87	65
285699	6.04079	38	7
2857	6.12224	237	77
285707	7.17613	31	6
285712	5.97347	49	17
28574	6.20498	241	33
285773	6.55528	912	184
285774	8.20354	14049	1946
285775	7.63905	883	155
285789	7.17778	54	37
285792	6.64176	91	42
2858	5.45616	73	35
285853	8.56491	139	51
285892	6.30842	95	24
285893	6.02761	138	20
285894	7.35894	745	141
285895	7.01994	240	62
285902	7.48421	38	17
285905	8.38756	562	131
28596	6.42234	47	41
285967	7.96279	3316	833
285970	8.3225	40	26
285972	8.11376	170	96
285984	7.60894	2140	364
285992	6.20095	197	61
286	7.09751	1052	399
2860	7.03704	192	161
286001	5.66967	122	62
286021	7.95792	48	28
286062	6.23315	279	72
286063	7.78929	56	370
286064	6.72485	66	19
286081	6.90364	281	77
28609	5.68143	491	128
286096	7.46124	14263	2478
286109	6.88333	180	71
286114	7.88584	89	33
286126	5.28974	117	61
286138	6.63784	37	8
286141	5.6	88	25
286145	6.94135	224	81
286147	7.96	65	14
286154	6.62306	111	37
286156	6.55166	494	133
286158	8.02568	92	54
286160	7.17949	609	200
286171	7.07439	171	46
28620	6.54639	1883	800
286205	7.654	85	38
286215	6.97989	87	22
286236	6.22821	39	10
286247	7.14284	31	18
286261	6.31388	49	29
286263	6.57742	31	4
286264	3.80577	52	22
286295	5.91597	191	29
2863	6.12703	37	16
286309	4.97826	46	11
286310	6.20782	52	16
286343	8.38276	185	59
286344	8.55429	259	88
286358	8.26111	54	34
286363	8.15971	114	24
2864	5.96747	83	34
286428	7.49079	333	59
286431	7.27747	434	88
286434	6.5925	40	19
286439	7.47884	148	94
286447	6.80909	77	32
286533	6.62601	116	26
286534	7.16667	36	18
286535	5.69417	60	13
286537	7.54521	800	285
286549	6.84884	43	8
286559	6.73933	97	24
2866	5.40588	255	97
286632	6.15595	84	55
286656	6.56622	90	24
286657	7.11155	193	44
286658	6.60256	39	10
286659	6.03396	53	13
286667	6.97317	177	84
2867	5.49754	69	46
286706	6.54242	33	9
286714	6.10857	35	18
286735	6.4419	333	98
28674	5.10556	90	26
286751	8.16594	1175	310
286770	7.30808	87	40
28678	7.75253	87	41
2868	4.19667	60	33
286804	7.74545	55	25
286827	6.52579	535	105
286829	5.59535	86	18
286830	6.67287	330	88
286831	6.31277	47	13
286834	5.9771	69	21
286861	7.96182	39	7
286885	6.43276	58	15
286891	8.63333	36	8
286925	7.70345	87	12
286980	6.78	141	60
286983	6.27	60	21
28699	5.46579	38	7
287	6.52177	1705	802
287002	4.21426	66	17
287038	6.65563	71	16
28705	6.21927	262	130
287084	7.19804	2130	320
287088	6.70513	39	13
2871	5.17073	41	27
287110	7.25573	41	11
287116	6.85682	129	41
287158	6.99946	611	133
28717	5.51818	132	70
287174	6.94286	56	20
28718	4.33616	186	49
287189	7.55625	112	29
287198	6.14584	137	31
2872	6.38381	518	223
28720	8.1818	20919	4553
287217	7.22949	78	23
287219	6.40139	72	15
287222	6.72783	177	28
287228	7.19225	308	48
28723	6.63353	1495	534
287247	6.61083	163	57
287258	7.62645	78	20
287275	6.24546	347	114
287322	7.19677	505	134
287325	8.19787	47	11
287326	8.15714	35	10
287345	6.77966	59	12
287346	7.26452	31	10
28738	6.29753	97	27
28739	6.5501	420	168
287450	7.29823	90	27
287474	5.81688	77	19
2875	6.96308	65	48
287507	7.13925	187	80
28755	5.325	44	14
287552	6.7025	36	5
287580	6.07179	39	9
287586	6.19481	52	9
287589	7.07228	1286	296
287591	6.86872	109	32
2876	6.67868	682	263
287607	7.02471	686	136
287638	7.43868	257	35
287672	6.88667	30	7
287673	6.71154	143	37
287676	5.79167	30	12
287678	6.54	40	9
287692	6.0703	33	9
287711	7.72075	53	34
287732	7.15272	268	67
287741	5.00366	41	16
287742	7.24988	584	109
287754	8.12543	439	89
287780	6.85002	445	186
287783	8.1275	80	33
2878	4.40773	231	107
287810	5.27595	79	27
287821	7.20397	63	19
287839	6.1922	85	38
287863	6.55	36	12
287871	9.05918	49	45
287895	7.42692	52	14
287899	7.918	80	33
2879	5.89363	424	169
287938	7.68589	956	118
287941	7.5413	442	104
287946	6.98837	43	15
287952	6.86309	194	37
287954	7.77679	9996	1309
288	7.28569	72	37
288019	6.39322	59	30
28805	7.29687	383	76
288062	6.0871	31	10
288068	6.87551	49	20
288080	8.49706	34	43
288087	6.98387	31	5
288098	6.69184	49	8
2881	6.22963	243	110
288169	7.16996	1893	375
28817	5.92277	112	33
288254	6.24331	127	25
288276	8.37838	37	14
28828	6.63827	162	63
288284	6.9625	96	32
28829	7.00543	989	400
288317	8.20369	56	16
28834	5.29	60	30
288361	5.19266	52	10
288385	7.08425	251	83
2884	6.21618	281	129
288424	6.49192	99	19
28843	5.936	180	118
288430	7.28108	37	8
288431	7.0105	100	21
2885	7.3396	101	65
288513	7.05667	1082	269
288533	7.70299	67	29
288539	8.66629	89	48
28857	4.77067	104	40
288572	9.06452	31	33
288583	5.97042	71	16
28860	4.84255	47	21
288606	6.64803	44	17
28861	5.41899	69	35
288648	5.85	50	16
288664	7.04167	36	9
2887	4.8996	176	85
288775	6.6678	381	91
28879	7.52439	41	17
288798	8.7625	48	19
2888	6.64179	140	63
288828	7.0324	179	37
2889	6.78147	32	14
288920	5.44681	47	13
288933	6.89565	92	33
288969	6.47778	36	9
289	6.63242	223	120
289018	5.95351	233	58
289020	5.22443	58	16
28905	5.29316	155	23
28907	7.01606	339	183
289081	7.69045	501	139
2891	6.88148	297	138
289183	7.76474	76	9
289247	8.43939	165	76
289363	2.45755	53	27
289397	7.16732	149	23
289427	7.0193	57	18
289438	7.74194	31	9
28944	7.21154	104	62
289494	6.77436	39	11
2895	5.79411	280	137
289550	7.12365	384	124
289565	6.94248	109	66
289566	6.91423	123	71
289601	6.43928	276	55
2897	5.56329	170	60
289720	5.85577	52	6
289765	6.68302	143	31
289802	7.0129	103	34
289850	8.03623	69	38
28989	4.87348	89	12
289916	6.84541	109	43
289939	7.13672	64	19
29	6.66643	70	21
290	5.7314	679	309
290025	6.825	44	14
290028	6.92549	113	26
2901	5.15	237	88
29010	5.28699	73	37
290131	6.11	39	23
29017	6.76279	226	94
29018	5.72895	38	11
29019	5.04882	34	11
2902	6.7555	111	52
29020	5.63935	273	34
290236	7.51938	3613	882
29026	7.71022	137	56
2903	5.95711	402	214
29030	5.8876	557	179
290359	7.92395	1688	406
290367	7.36053	95	22
290378	7.87542	59	35
290380	7.1142	81	37
2904	6.47651	289	157
290462	5.86242	46	3
290468	7.24924	66	19
290484	8.28963	813	279
290500	9.13667	30	22
290506	5.06757	37	11
29055	7.85755	106	34
290565	7.01818	33	13
290610	6.81516	62	20
290611	6.66506	89	24
290618	7.59306	198	61
2907	5.96167	60	34
290722	6.74219	73	30
29073	6.6742	2024	655
29078	6.13038	260	181
29080	5.78852	61	25
290822	6.06076	79	25
290872	7.88684	38	25
29096	4.77507	700	246
290982	7.04447	76	41
29099	4.05	78	14
291	5.76501	171	61
2910	2.74349	106	53
291008	6.52735	98	24
291048	6.61667	60	34
29106	6.185	80	41
291066	7.24661	77	29
29107	6.07969	64	24
29109	6.43581	1447	514
2911	5.61348	89	44
291154	7.32129	31	3
29117	4.45714	35	23
29118	5.75591	115	63
291183	7.90879	93	58
29119	4.89706	34	23
291236	5.81574	111	23
29126	6.23345	148	77
29138	6.31028	72	14
29140	6.68605	255	90
291415	6.87317	41	23
29142	4.96132	85	36
291431	7.26482	56	7
291445	7.47714	70	28
291453	7.45645	482	140
291457	8.68168	15963	2442
291508	7.42479	2009	482
291511	6.7074	224	60
291549	7.45441	34	9
291550	6.63868	53	19
291563	6.16223	148	49
291572	8.00854	2788	843
2916	5.19392	120	64
2917	6.18448	58	24
291794	8.45369	1214	228
2918	6.62381	105	54
291828	8.43939	99	54
291845	7.56625	80	116
291847	7.72598	347	142
291855	7.35784	102	30
291859	7.60553	802	137
291874	7.43036	217	45
2919	6.95874	190	120
291951	9.01053	38	15
291952	8.01549	71	37
291957	6.27111	45	13
291962	7.4397	751	108
29198	5.92181	1036	327
29199	7.45652	134	76
292	5.71611	149	38
2920	7.66884	69	46
292013	6.60978	64	29
292029	7.15226	208	43
292030	7.00033	209	37
292031	7.09885	386	87
292032	6.81331	836	158
292033	7.17686	348	71
292034	6.95078	658	130
292099	9.0949	64	52
2921	4.30772	11326	2837
292126	7.38346	670	207
292130	7.35417	48	11
292187	7.90687	233	125
2922	5.68683	827	222
29223	6.67902	4093	854
29226	5.79848	33	8
2923	5.48387	31	12
292333	7.05312	32	20
292339	6.59118	93	18
292363	6.91135	192	54
292375	7.99377	678	328
292394	6.97016	62	31
292464	7.27	40	9
292487	6.83461	76	38
292489	7.1138	155	59
2925	4.947	50	18
292506	6.87274	92	18
292507	6.48672	67	7
29256	6.74351	513	263
292564	6.90989	632	148
29258	6.07258	31	12
29259	6.87964	674	230
292684	7.02984	62	31
2927	5.73387	62	27
292748	6.96945	127	43
29278	7.51754	65	26
29281	5.92269	144	25
292811	7.51602	103	46
29285	8.26199	298	151
29286	6.39184	49	20
292892	7.69055	237	43
292899	7.50243	99	52
2929	4.97922	166	67
292900	7.12496	89	36
292901	6.69896	77	29
292907	7.38061	131	37
29291	6.07143	42	22
292917	7.0717	96	22
29294	6.15792	1979	566
292961	7.26471	34	7
292962	7.2381	42	5
292971	7.32787	61	33
292974	7.58531	484	108
293	6.34111	1439	498
293014	7.70742	6062	898
29308	6.31753	1554	602
293112	7.92471	51	31
29317	5.73367	109	21
2932	6.60013	1295	548
293207	8.09675	154	90
293274	7.85484	31	19
293275	6.97051	363	69
293296	7.7016	1738	281
2933	5.5	37	30
293309	7.09679	165	48
293348	8.34262	351	95
293404	7.23521	98	47
2935	5.5875	40	24
29351	6.39408	294	71
29352	5.54456	185	53
293531	7.07244	702	149
293547	7.98049	41	34
29355	6.36897	773	222
293556	6.79349	129	29
293579	6.8601	104	44
293586	5.93137	51	35
2936	5.92168	404	122
293605	6.7443	31	11
293665	7.54599	99	18
293671	8.87679	56	17
293678	7.49474	672	161
29368	6.93243	13735	3336
293691	6.71674	45	8
2937	5.58401	215	86
293708	6.92742	31	6
293728	6.48632	76	35
293739	6.79355	31	14
29375	7.44435	69	46
29376	7.62075	53	35
29379	7.68457	162	96
2938	6.3805	298	84
29380	7.79697	33	23
29382	6.694	150	88
29383	7.84791	123	79
293836	6.33456	98	23
29386	7.33694	72	55
29387	5.99008	6308	1316
293875	6.20367	120	23
293878	6.28457	97	19
293889	7.30105	1736	299
293925	8.40132	91	17
293941	8.78049	41	27
293959	8.36912	227	87
293972	7.01675	267	110
293981	8.28468	124	62
294	6.82895	76	34
2940	5.5317	583	243
294047	7.90016	129	37
29405	3.46634	71	39
29408	4.61864	59	10
2941	4.82407	54	35
29410	6.68243	819	368
29411	6.46365	277	121
29415	5.94302	106	37
294175	7.02	70	16
29419	4.52711	38	14
2942	5.613	200	87
294216	7.0125	48	13
294230	7.45836	377	92
294231	7.15556	45	9
294232	6.4071	31	9
294235	7.14	134	25
294237	7.04385	65	12
294252	7.92424	33	14
294275	7.52811	228	71
294294	6.93104	143	31
2943	5.81475	61	23
29433	5.92167	30	12
294348	5.84256	129	62
2944	5.79058	2644	633
294448	6.56717	445	92
294463	8.37573	50	27
29447	6.49355	62	49
294484	8.24181	2554	365
294514	7.3464	941	232
294529	6.41538	39	15
29456	5.85264	1236	368
294594	8.99333	45	21
2946	5.48785	166	67
294612	7.87309	1264	239
294652	8.04733	161	66
294693	7.28571	249	72
2947	5.79343	399	165
294723	6.48797	51	4
294773	6.86111	36	24
294788	8.76618	68	39
294810	7.97949	39	22
294813	8.06939	49	44
294880	6.75606	66	99
29489	5.96207	58	13
29491	5.66778	45	30
294986	8.50909	77	42
295	5.98024	329	144
295020	6.85618	55	10
29505	4.75196	97	20
295147	6.81822	129	50
29517	5.82045	44	7
295192	6.86051	363	86
295195	8.35495	91	49
2952	5.23141	7621	1949
295221	7.74279	86	37
295254	6.84559	68	33
295293	7.64444	63	77
295295	6.70278	36	13
295374	7.51081	37	71
295394	5.49372	45	12
295402	7.34685	111	84
295478	6.68888	107	40
295483	7.30982	56	32
295484	4.65429	56	18
295486	7.82118	4595	783
295488	7.49087	479	117
2955	7.23178	5287	1515
295535	7.94735	263	91
295564	8.45103	551	88
295565	6.9313	305	56
295571	6.04461	102	37
295574	8.49278	90	26
295577	7.59343	639	102
2956	4.05567	586	180
295604	8.77656	64	22
295607	7.68727	492	188
295609	7.42667	90	29
295646	6.43778	45	11
295681	7.95882	152	90
295687	6.27778	54	30
2957	5.22333	239	86
295770	6.83451	587	570
295785	8.96755	450	150
295788	7.25806	31	5
2958	5.91497	49	12
29581	6.32824	1368	470
29582	5.1244	191	91
295895	8.00605	119	130
295905	7.53639	582	164
295931	8.58113	53	36
295945	7.2326	619	98
295947	8.06358	4593	974
295948	7.03598	730	177
295957	7.01504	416	114
29599	5.08604	111	78
296	6.72196	1149	399
2960	6.26127	466	285
29602	6.69992	770	251
29603	8.28823	1643	644
296043	7.34403	661	171
296044	6.31857	70	22
296063	8.46975	81	40
2961	7.07657	1349	463
296113	7.16591	44	28
29613	5.03722	802	258
296151	7.98489	5445	868
296164	7.74467	60	29
296167	6.99059	746	124
2962	5.41598	354	149
296237	7.88852	1138	299
296238	7.36161	348	166
29625	4.47	34	18
29626	5.53022	182	53
296291	5.35712	44	14
2963	6.7573	74	28
296321	7.78542	32	5
296345	8.52114	553	149
296353	6.21961	51	12
296363	6.43056	48	18
29638	6.56313	179	76
296419	6.69726	73	39
296420	5.91964	56	22
296483	7.90978	230	83
296498	6.93148	61	13
2965	6.00452	186	64
296512	6.90289	378	93
296514	6.19204	113	28
296517	5.51739	69	11
29653	3.75317	122	65
29656	6.50481	189	126
296576	6.77419	31	17
296577	8.40541	37	40
296605	7.3405	100	69
296626	7.11319	870	161
29663	7.50611	493	153
296667	6.43761	67	18
296694	8.28818	176	46
29676	5.81074	204	76
29678	5.8544	3794	810
2968	6.42821	538	248
29687	6.43676	1199	427
296892	7.36667	30	14
29691	6.88571	35	33
296912	7.27963	4962	852
29694	5.53462	52	19
296985	6.94133	186	27
296986	6.96065	215	31
296987	6.85631	160	23
297	5.27017	119	32
2970	5.73377	260	111
297030	7.86683	3674	607
2971	4.18846	65	34
297129	7.27714	730	152
2972	5.56032	394	153
297204	6.73918	279	71
297234	7.71053	38	9
297318	7.47984	41	7
297345	5.56047	43	15
29736	5.68401	247	109
297374	7.64118	34	23
2974	5.70039	127	61
29741	6.08889	36	15
297478	6.67084	57	6
297486	7.28221	1167	234
2975	5.9881	436	275
297531	7.44915	59	19
297562	8.22856	1653	447
297658	8.00458	292	47
297661	6.75833	90	23
297666	6.7506	83	19
297673	7.96774	31	19
297674	7.04815	253	104
297702	7.18878	49	27
29773	6.60839	1061	387
297734	6.00294	82	34
297735	7.39091	33	12
2978	6.05606	393	108
297821	7.3027	37	8
297864	6.40699	136	13
297895	6.90074	887	169
297897	7.27839	56	11
2979	4.12014	245	138
297978	7.00943	2953	558
297985	7.72282	891	195
298	5.17243	74	23
2980	4.50094	254	100
298017	5.99328	120	25
298018	5.852	60	8
298047	7.68042	4306	871
29805	6.95879	479	91
298060	7.02394	776	146
298065	7.38422	2407	439
298069	7.62474	3012	482
2981	7.31737	446	211
298102	7.84742	503	182
298143	7.10588	51	8
298147	6.89	35	2
298154	7.71118	85	33
298164	6.45158	114	28
298166	6.59204	108	24
298173	6.60854	82	20
298229	7.68629	712	246
298261	7.31892	37	13
298271	6.82736	129	24
298309	6.81175	106	31
298345	7.5729	31	8
298352	6.2245	245	68
298370	7.18871	85	35
298371	7.40151	1194	206
298376	6.00492	61	9
298378	6.91977	336	119
298383	7.62218	498	136
29839	6.72469	1760	693
298397	6.00078	51	11
298442	6.57	30	14
298459	7.33333	63	17
298477	5.5931	377	76
29848	6.82805	82	49
298539	7.79462	31	8
298545	6.58571	42	4
298562	8.05773	198	68
298572	6.97679	578	153
298586	7.46776	399	80
2986	6.42148	115	74
29860	7.6506	63	43
298607	7.03756	52	16
298608	6.58839	56	13
298618	7.09583	36	13
298619	6.74721	229	97
298624	6.9594	106	30
298631	6.63182	44	9
298635	7.34042	347	51
298638	7.56079	733	123
298690	6.80617	236	33
2987	6.56824	8031	2522
298701	6.62537	305	59
298705	6.45763	59	12
29875	7.82874	203	119
298764	7.33242	128	59
29879	6.29897	39	36
2988	6.01486	148	81
2989	5.76175	137	59
299	7.29492	656	244
2990	5.30042	166	72
299027	6.89719	698	148
299028	6.29016	61	18
29903	6.16738	1097	479
299047	7.8258	1712	287
299074	6.98258	62	16
2991	5.69512	41	18
299105	8.20769	52	41
299106	7.95556	45	52
299121	8.00241	441	189
299159	8.5462	44	15
299169	7.23884	2076	323
299172	7.31424	222	47
299178	6.99654	127	51
299179	7.96667	90	34
299191	6.07862	87	57
29924	5.29765	85	18
299248	7.87981	53	13
299249	5.3719	168	131
299252	7.06348	1878	383
299255	7.6305	317	118
299266	7.37413	185	36
299268	7.54006	154	29
299270	7.29773	88	18
299309	5.7871	31	26
299317	8.75749	629	180
29934	6.92533	3025	1018
29937	6.9113	2201	802
299372	7.0493	359	106
29939	5.526	50	19
2994	7.03556	142	75
299450	7.58468	225	83
299452	7.86552	394	139
2995	6.29498	259	163
29952	6.84189	143	69
299544	7.41714	35	17
299556	3.60417	48	13
299566	8.37291	127	82
299568	5.94063	32	13
299569	7.1798	147	38
299571	6.61471	421	70
299592	6.96631	769	177
299594	8.75435	46	35
2996	5.59167	36	19
299607	7.7813	284	96
299684	7.6197	964	184
2997	6.38125	273	136
29972	6.76977	1772	630
2998	7.2923	477	205
299800	7.41037	267	72
299803	6.89031	53	17
299838	7.61842	116	44
299908	7.19366	115	52
299928	6.07211	97	27
299933	6.53454	108	28
299939	6.35132	101	34
299946	6.89036	248	106
299960	7.54979	1613	345
299963	7.20918	418	96
3	7.45491	15202	3825
30	6.84044	1297	603
300	6.10631	1289	532
3000	6.90888	89	62
30000	5.84286	42	16
300001	7.31208	1212	276
300007	6.49687	32	7
300008	6.21711	38	20
300010	7.18806	747	190
300023	6.26205	88	19
300076	6.5666	94	33
300081	7.6875	32	13
300085	6.94126	138	37
300088	6.54412	34	9
30009	4.92903	62	48
300090	6.12759	58	21
300094	6.21667	48	18
300099	6.57827	156	39
3001	5.80308	65	46
30010	6.54545	33	19
300127	7.64114	79	55
300146	6.33778	45	10
300148	6.6972	107	32
30020	6.60833	60	35
30021	6.36735	49	27
300217	7.94262	155	259
30022	7.1	60	36
30023	7.04091	55	32
30024	6.62263	358	146
300296	6.48115	157	51
300298	6.76893	84	36
3003	7.69861	165	76
300300	7.91814	1945	448
300305	6.90564	500	121
300322	8.07078	2876	572
300327	7.34865	1967	409
300329	6.72044	198	29
300367	7.12867	196	37
300369	7.17645	166	33
3004	4.86962	104	44
300400	6.36816	49	14
300428	7.2875	92	34
300442	7.12208	1639	370
3005	5.89286	84	31
300509	7.45317	63	31
300521	6.29382	58	16
300523	7.12049	238	86
300531	7.848	4087	577
30057	5.91368	552	202
300591	7.98605	86	34
300664	7.3119	259	151
3007	4.54546	108	54
300700	6.79015	563	118
300725	6.11205	83	27
300727	6.28692	152	46
300731	7.45606	109	37
300751	7.27922	480	143
300753	7.4121	1153	183
300765	7.54326	66	7
3008	6.36053	57	25
30081	6.31429	35	28
300877	7.24225	3441	555
300882	7.30517	58	24
300905	7.67127	494	67
300908	7.12	60	24
300930	7.27559	506	120
300936	6.80377	960	162
300944	7.14857	56	23
30098	5.70742	31	21
300993	7.53911	147	21
301	6.16536	362	90
301002	7.08059	114	29
301009	6.77899	66	10
301011	6.59422	102	21
301015	7.20417	36	11
301018	6.61383	115	23
30102	7.169	60	25
301030	7.09242	247	75
301032	6.7063	108	33
301084	6.99538	414	104
301085	6.23104	168	82
301102	6.25806	31	13
30111	6.77143	35	16
301242	6.23736	151	14
301255	7.78543	1622	317
301257	7.29168	871	203
301262	6.56375	80	18
301317	7.2787	108	34
301366	7.58649	37	30
301441	6.83621	161	51
3015	6.36861	180	80
301541	7.23125	48	27
301572	7.9022	91	49
301576	7.69625	40	14
3016	5.41667	54	49
301607	8.08281	368	60
301614	6.98421	38	15
301616	8.72905	74	36
301637	6.62991	43	17
301638	6.66472	36	12
30164	6.33684	38	21
30166	6.1898	1362	255
301662	7.05	38	11
301665	7.9592	158	29
301716	7.23607	1057	212
301728	7.8197	66	31
301767	7.33149	1863	326
30179	6.43307	192	54
3018	4.29455	55	24
301880	7.92513	2390	480
301919	7.13129	1227	323
301946	7.35147	34	20
302	6.74019	461	146
3020	5.18789	71	29
302022	6.65176	55	20
302098	8.26984	686	270
3021	4.99296	71	35
30216	7.04777	247	123
302193	7.40063	420	118
3022	5.87143	294	119
302212	6.62659	126	20
302238	5.83674	172	34
302260	6.74009	2251	441
302267	6.67957	31	5
302268	7.62727	33	13
302269	7.86	37	11
302270	6.91593	118	30
302280	7.0299	377	91
3023	5.95	30	16
302310	7.30409	110	14
302312	8.40979	254	208
302316	6.48788	33	6
302336	7.01465	1147	203
302344	7.29844	469	130
302388	7.32066	1641	377
30239	5.46086	244	62
3024	6.80385	52	37
30241	6.62168	1488	475
302413	7.89344	154	68
302417	6.57882	85	16
302421	6.49914	31	12
302425	7.86515	659	155
30246	6.87171	77	51
302461	7.42916	305	159
302463	6.73208	53	15
302465	8.01613	31	17
302469	7.84094	401	164
302477	6.4526	182	56
30248	5.33939	82	32
302510	7.05359	175	74
302520	6.93625	1078	205
302524	7.29531	1615	402
30255	4.19926	68	31
30261	5.95517	87	32
30264	7.45312	32	20
302723	8.05248	3295	660
302734	7.03947	411	78
302755	7.1614	114	43
3028	4.98205	117	53
302809	6.78257	572	156
30281	2.71243	37	18
302840	6.55632	57	12
30286	6.26848	46	24
30287	5.95612	250	80
302887	7.26282	39	26
302911	6.19759	54	12
302914	6.93118	85	21
302917	6.85574	573	91
302926	7.58929	154	27
302933	6.76064	109	40
302965	7.99574	47	11
302990	7.80085	59	17
302991	7.76903	93	20
303	6.45046	217	63
3030	5.12647	68	34
303006	6.94225	288	64
303036	7.82294	85	28
303051	7.38396	847	220
303057	7.64543	2777	564
30306	4.56515	66	21
303159	6.64181	243	83
30324	6.37242	339	118
303263	7.36198	96	47
30328	6.58602	570	279
30334	5.08611	36	10
3034	6.11989	279	80
3035	6.51615	91	62
303544	7.37097	31	11
303548	6.65294	34	6
303551	8.35815	379	91
303552	7.45455	33	10
303553	7.54424	694	204
30356	6.83408	718	233
3036	6.27229	83	51
303621	6.92598	58	19
30363	5.08889	72	33
303635	7.03342	39	14
30364	4.98611	72	40
303648	6.11664	298	70
303650	5.87069	276	64
303669	7.24427	64	19
30367	6.74414	1637	652
303672	7.00089	955	146
3037	5.66061	33	32
30370	5.75138	181	86
303731	7.71154	65	108
303733	6.24878	213	88
303734	6.49911	189	82
30379	5.33312	439	165
30380	7.13645	8025	1998
30381	7.04909	3156	940
303830	6.81694	111	28
3039	5.98	35	22
30393	5.04566	212	92
303954	7.37409	549	173
303981	7.44389	36	15
304	5.5297	356	159
3040	6.72005	428	169
304021	5.02308	65	24
3041	7.34508	706	426
304285	7.12617	1733	276
304324	6.68216	488	112
304333	7.62283	66	25
30438	6.42609	46	19
3044	6.4416	510	283
304420	7.84233	3451	583
304434	7.35263	76	28
304450	7.55769	78	23
304490	6.52464	69	18
3045	5.72629	35	28
30456	3.81	40	18
3046	5.87121	66	56
304620	7.4788	92	20
304679	5.93088	256	72
304728	7.19732	87	24
304783	8.11797	1749	383
3048	5.31429	546	145
304821	7.22117	77	23
30483	6.15947	526	270
304847	8.36244	244	37
30485	4.59662	132	37
3049	5.91328	64	58
304983	8.14286	49	8
304985	8.20968	254	80
304987	7.15439	57	16
305	5.98218	331	108
3050	7.6602	98	61
30505	6.55752	113	41
305096	7.90858	357	372
3051	6.65584	77	47
3052	4.39205	453	207
305221	7.13403	80	28
3053	7.17851	121	64
30539	6.14431	6210	1479
3054	6.235	110	86
305460	5.7729	31	12
305462	7.6559	65	87
30549	7.58896	109006	17305
305498	9.05682	44	42
305564	6.90396	37	12
305587	6.0	33	2
305682	7.27558	981	245
3057	6.53446	132	60
305752	7.51197	211	80
305761	7.13299	506	152
305772	7.51163	43	18
30582	5.562	80	35
30583	5.8129	62	28
305838	6.86957	46	11
305841	6.92218	33	32
305865	7.80769	39	23
3059	5.61084	346	155
305980	5.02609	92	18
305984	5.38694	372	118
305985	7.04412	722	165
305986	6.75687	508	124
306029	7.0	30	25
306040	7.71434	2092	382
306074	6.39447	55	35
3061	7.08258	333	153
306142	5.52857	35	6
306169	6.6104	101	16
306173	7.2795	161	41
30618	7.45018	1625	508
306182	6.8551	69	77
3062	5.87647	34	12
306202	7.55959	73	42
306257	6.71739	92	36
3063	6.28906	139	57
306300	6.63915	159	54
306311	6.92368	38	69
306321	7.19953	113	37
3064	6.17423	97	73
30640	4.82729	85	27
30641	6.38178	449	147
30645	7.27101	3626	1019
306494	7.12782	119	62
3065	5.6836	183	54
306577	7.99459	74	59
30658	7.03714	2036	579
30662	7.24958	516	156
306637	8.23739	129	58
306676	7.33083	60	53
306680	6.87382	361	40
306687	7.01193	73	29
306697	7.6065	197	45
3067	6.24521	73	34
306709	7.3708	481	142
306735	7.92046	4776	822
306745	6.81178	142	20
3068	4.04545	33	13
30684	6.85797	69	38
306881	7.86074	1033	232
306882	7.77614	585	171
306906	7.19063	32	20
307	5.61598	183	70
3070	6.82143	77	58
307002	7.58955	1084	300
307033	6.9375	56	23
30706	5.90432	301	115
3071	5.99446	621	167
307170	8.00516	126	23
307191	8.0	38	18
3072	7.31426	1845	439
30723	5.14062	32	6
307305	7.75206	1074	270
307369	6.02886	91	19
307386	8.25448	135	76
3074	4.1382	323	169
3075	5.97302	63	41
3076	7.96662	65455	12250
30760	5.48448	58	35
307656	6.92558	217	63
3077	5.83631	103	28
30771	7.35977	87	42
307715	8.60638	47	36
3078	6.70258	97	57
307830	5.73167	30	10
307832	6.85797	266	67
307844	7.28631	424	90
307862	7.27991	175	71
30795	7.44648	71	24
307997	7.34744	78	21
308	6.96395	227	68
3080	5.32644	87	70
308028	8.49091	33	47
30804	7.77354	373	130
3081	5.85424	125	71
308126	7.88977	44	10
30820	5.1425	80	28
3083	6.51932	519	232
308329	7.42574	136	35
308354	7.17698	53	34
308357	3.58689	61	13
30838	5.99324	37	14
308385	6.77444	45	30
308386	6.87532	77	43
3084	6.02205	341	177
308416	6.68912	248	62
308493	7.49959	153	80
3085	6.6128	2321	793
308500	7.13384	99	40
30852	5.81359	39	20
308529	6.81795	70	13
308532	4.53443	61	15
308565	7.56418	98	46
308566	7.9237	63	29
3086	6.40636	1076	418
308621	8.27197	173	61
308652	8.22568	74	43
30869	7.13349	9361	2641
308755	8.09273	55	14
308765	8.10437	4316	666
30878	6.72701	251	130
30879	5.99609	110	29
3089	5.45333	150	73
308948	7.63415	82	20
30896	6.17105	38	13
308970	8.41527	129	40
308989	7.00784	659	262
309	6.20158	76	30
3090	5.37021	235	114
309000	6.22891	287	79
309003	8.06774	62	39
309081	8.69674	46	34
3091	5.67731	170	57
309105	7.35333	838	151
309110	7.30337	910	272
309113	7.09688	695	126
309129	7.29714	435	92
309207	7.18204	113	41
309250	7.86944	36	19
309297	7.23265	98	13
3093	6.48251	467	115
309319	7.02364	55	20
30932	6.3455	1084	385
309341	7.27361	36	21
309408	7.03011	93	69
309430	7.18944	977	293
30945	6.64848	33	20
30947	4.28261	46	31
3095	6.90588	307	148
30951	5.85538	93	35
30952	5.6618	267	34
309545	8.67143	35	22
30957	7.22246	4493	1187
30958	7.80876	137	43
3096	5.91176	34	25
309600	6.72548	84	17
309630	7.53305	1586	255
3097	8.25513	628	254
309721	8.08833	30	6
309752	7.34898	197	64
309857	7.44867	98	22
309862	6.62766	255	67
3099	5.74862	320	209
30991	6.54041	172	91
309917	8.27989	87	14
31	5.36364	784	344
310	6.19209	1437	634
3100	6.19358	109	55
310031	6.51635	181	70
310076	6.14815	54	12
310100	8.40212	197	328
31016	5.47156	3199	806
310192	7.5879	864	211
310194	6.90546	119	45
310196	7.29909	33	18
310198	6.55419	133	56
3102	5.93846	91	27
31021	7.05641	39	20
310363	8.13513	74	58
310371	8.79167	36	27
310408	4.4029	69	29
310442	7.19606	300	76
310448	7.95471	724	140
31053	6.81235	81	21
31056	6.61106	927	311
31057	5.61107	121	43
310578	7.29839	31	20
310610	7.10653	123	20
310611	7.09117	120	22
310612	7.21378	115	19
310632	7.29431	499	124
310641	7.61905	63	15
31066	5.3125	64	47
31067	6.70893	56	31
31068	5.12791	86	24
31069	5.56605	162	85
3107	5.49405	42	23
31070	5.76118	85	37
310726	7.675	84	48
31074	6.30533	75	41
31075	5.86042	523	246
310757	8.38689	33	24
310789	7.53622	352	130
3108	6.51	45	52
310846	9.09756	41	22
310873	7.72693	1061	392
310885	8.81316	38	15
310888	5.92194	103	20
3109	7.0	49	24
310953	7.13408	142	35
310968	8.43611	36	25
310990	6.75833	30	8
311	6.67129	264	124
3110	6.86462	182	123
311020	6.56377	69	31
31105	6.66556	3136	1065
31111	4.73585	94	55
31117	4.59463	108	36
311191	6.8	70	19
311192	8.04	40	27
311193	7.87538	2587	444
3112	5.9881	42	23
311209	6.77537	54	12
311322	6.89252	238	54
31133	6.39471	1405	516
311330	6.74977	88	21
31138	5.75519	77	50
3114	5.45152	420	200
31145	4.08731	271	101
311465	7.70897	182	39
311541	6.11247	31	6
31159	5.70245	281	51
311659	4.66424	55	16
311686	6.44183	138	50
311702	7.92719	32	5
311708	6.676	30	6
311715	7.90534	518	153
311725	7.63935	31	43
311751	6.66786	56	21
311823	8.97191	72	58
311828	6.62186	61	8
311829	6.51556	45	13
311894	7.64907	50	14
3119	6.81826	343	77
311918	5.69647	184	53
31198	6.94717	106	48
311988	7.83189	132	203
312	5.92047	960	351
312059	8.76286	63	33
31216	5.61336	155	66
312182	7.57812	32	12
3122	3.59105	95	51
312251	7.33954	1213	264
312267	7.12212	1594	308
312289	6.4	32	9
312318	7.74955	678	156
312346	6.88285	53	18
31235	5.16912	34	7
312372	6.47515	64	28
312463	6.77262	83	10
312484	8.11465	16933	2331
3125	6.69667	537	236
312512	7.43028	72	84
312594	6.2993	71	41
31260	7.92581	66107	13000
312613	7.02694	49	17
312618	7.01697	638	161
312626	7.49167	48	30
3127	5.95203	123	60
31271	4.5125	32	16
312726	5.83242	33	16
312738	7.15897	39	24
31274	5.60034	145	33
312744	6.25491	100	32
312762	5.43635	42	18
312767	7.44426	256	132
312786	6.84169	417	93
3128	6.57988	940	424
312804	6.66011	1251	292
312859	7.95051	208	127
3129	6.09216	51	30
312904	6.85317	42	23
31291	7.25742	703	263
31294	5.43447	168	36
312951	7.32188	32	23
312959	7.61114	36	88
312965	8.83333	120	76
312968	6.14	70	34
31298	4.1681	42	14
313	7.10806	380	133
3130	6.51909	55	25
313000	6.77296	149	45
313002	7.81842	76	43
313008	6.57901	281	104
313010	8.36366	363	74
31302	5.97267	86	26
313070	5.41314	35	7
313085	6.8625	48	22
313090	7.27356	87	40
313100	6.50571	35	14
313121	4.69611	36	8
313129	6.95482	166	52
31315	4.67188	32	13
313178	7.77857	42	31
313261	7.61845	199	38
313262	7.25495	581	124
313269	7.76284	74	42
313274	6.20209	107	38
313292	7.56909	88	23
313349	7.60213	50	17
31335	5.75187	112	53
313352	6.98947	38	6
31336	6.64202	119	82
313457	5.54348	46	15
313467	7.148	75	22
313473	7.06929	414	67
313531	7.00733	455	75
313536	6.16987	104	24
313539	6.63483	37	6
313540	6.40168	33	8
31358	5.83898	59	26
31360	5.31373	51	21
31361	5.52449	49	22
313695	5.84842	57	27
313698	6.94035	603	114
3137	6.7315	577	90
313718	7.30191	131	35
313723	6.48057	47	10
313730	7.50603	116	63
313750	7.44839	31	24
313776	8.7027	37	16
31378	7.24167	60	42
3138	5.8483	264	113
31380	5.6091	145	82
313807	7.80225	43	90
313817	6.36364	33	29
313834	6.96053	50	20
313841	7.43686	176	52
313850	4.98492	126	62
313875	5.76786	56	21
3139	6.64246	1256	518
313919	7.5144	257	72
313935	6.47848	79	66
313963	6.76753	673	121
314	6.20604	202	57
3140	4.79842	76	28
314009	6.83649	37	4
31401	6.09531	64	14
314026	5.33906	128	39
314040	8.63589	3574	617
314088	7.63423	833	331
3141	6.32482	1562	562
31410	6.26139	180	59
31421	5.7093	43	28
314243	7.86928	195	37
314252	8.41316	38	16
314376	7.05911	45	18
314393	8.05967	60	33
314395	6.9447	139	16
314397	6.7772	62	14
3144	5.63715	46	40
314413	5.93568	54	13
314421	6.81639	333	70
31443	7.65806	93	55
314461	7.78214	56	38
31449	5.95447	906	345
314491	7.88477	2371	406
314503	7.23589	1314	212
31453	6.12029	34	39
31454	6.586	75	20
314542	7.59688	32	15
314589	7.95051	138	49
314672	7.88966	87	58
314745	8.19519	31	77
31477	5.68	50	10
31479	6.77662	1342	349
31481	7.38915	30973	6116
31483	6.87231	1528	488
314893	6.14271	48	22
3149	6.22559	438	173
31497	6.75944	3291	982
314971	7.225	48	12
315	5.92616	224	108
3150	5.32812	32	13
315021	6.41744	43	9
31503	6.5367	1052	394
315043	7.21113	332	91
315058	4.62452	45	12
315059	7.17978	178	38
31506	6.17011	1282	349
315060	7.84649	499	84
31508	5.05794	34	27
31512	5.3935	262	134
315138	7.19915	82	33
31516	6.60896	67	22
315196	6.48413	351	106
3152	6.5541	122	46
315219	8.32137	73	49
315221	7.61711	212	70
315234	7.47053	247	70
315267	6.71214	39	4
31527	5.74643	56	11
315291	8.24118	34	21
3154	6.35863	1410	534
31542	6.76396	197	87
31545	6.61943	670	220
31547	6.11695	177	37
3155	5.74356	163	67
31552	7.26947	1150	249
31553	7.00459	109	79
31554	7.07748	131	86
31556	6.19524	42	33
31557	6.27119	42	44
31558	6.03038	53	44
3156	5.88182	44	36
31561	4.84482	56	32
315610	6.42817	112	137
315624	6.82727	55	16
31563	7.38391	4028	1156
315631	7.14632	222	71
315670	7.11538	52	12
315671	7.14744	39	12
315695	7.55341	88	59
3157	5.98683	164	105
315727	8.49991	33	18
31575	6.86604	192	72
315767	8.00648	825	265
3158	6.84833	30	13
31586	6.43889	144	24
315877	6.85893	141	36
315881	7.65103	473	111
315882	7.09149	47	14
3159	5.6836	125	52
315937	6.77964	410	95
31594	7.33205	11190	2564
315954	7.17659	83	27
316	6.81403	310	197
3160	5.154	100	63
31604	6.35	40	39
31605	6.88182	66	44
316080	8.12946	205	47
316085	7.31333	75	45
3161	6.41133	75	57
316113	7.58889	54	20
31612	6.02585	392	152
31615	3.9939	41	19
3162	6.29919	124	83
31621	6.16063	594	188
31623	7.21489	94	33
31624	6.7921	1904	550
31627	7.63527	12360	2303
316287	7.45464	125	39
3163	6.42857	203	82
316343	7.61181	72	21
316377	8.09899	2037	286
316407	6.52162	74	22
316412	7.94613	931	199
316546	7.65176	1329	239
316554	8.32094	14949	2172
316555	3.35153	85	42
316581	4.24194	31	9
316620	7.12667	75	63
316622	7.1983	843	161
316624	7.90849	106	114
316625	7.02588	34	15
316632	7.45672	120	16
316750	6.94567	453	157
316760	8.10769	39	29
316786	7.59686	292	98
316857	6.96652	210	67
316858	7.45183	1230	284
316915	8.79706	34	37
316927	5.17353	68	21
31697	6.81135	326	176
317	6.45	209	60
3170	6.48357	217	72
317105	7.5172	319	77
31711	6.27975	79	42
31715	5.51515	33	15
31722	7.32714	531	199
317231	7.49441	638	123
317298	7.14794	42	9
31730	7.24056	7682	2328
317311	7.15561	539	83
317312	7.34667	48	13
317313	7.28469	49	13
317321	7.2719	84	85
317365	7.35603	58	24
317367	6.47778	78	23
317372	7.60201	353	74
3174	5.78795	83	49
317432	6.90068	192	39
317434	8.11776	312	55
31745	6.32203	901	333
317457	7.59459	1097	400
3175	5.06	60	41
317504	7.15946	736	131
317511	8.91364	88	58
317519	8.86711	152	29
31759	7.63814	897	288
31764	6.25247	73	16
317643	6.55188	128	35
31767	5.59933	119	33
3177	6.55467	290	123
31770	6.51651	63	27
317722	7.67778	36	13
31790	8.61255	477	180
31794	4.60274	73	11
31797	6.75	36	10
317981	6.95261	280	51
317983	7.02828	134	29
317985	8.00697	4877	862
31800	7.61424	33	15
318009	7.92897	628	215
31803	6.17273	154	61
318059	6.27419	31	17
318079	6.79434	122	12
31808	6.04043	1453	412
318083	6.65382	53	7
318084	7.50949	2993	526
318098	7.40528	125	30
3181	5.57869	2381	778
318182	8.03926	1016	239
318183	7.19367	199	41
318184	7.83963	1883	461
3182	5.78733	217	96
31820	5.51351	37	20
31821	6.99012	172	36
31822	5.87657	398	177
3183	6.11899	227	98
318307	7.368	75	23
318322	7.15385	39	18
318328	7.18474	116	14
318353	8.33246	61	37
318359	7.29757	160	46
318392	7.47429	35	11
318450	8.05333	30	41
31846	7.20769	39	33
318472	8.62993	389	71
318474	8.05172	145	60
31848	4.73333	30	8
31853	7.25693	137	50
318546	8.5776	57	72
318553	7.61217	1320	226
318556	7.05348	107	25
318559	7.24597	138	59
318560	7.78547	892	145
31858	6.11	30	14
318702	7.40682	44	24
318709	7.46343	99	26
3188	3.97737	41	30
31887	5.8036	125	56
3189	5.43911	123	78
31897	6.73809	299	93
318977	7.73904	6500	935
318983	7.60907	1115	249
318996	8.57429	35	33
319	5.69298	57	22
3190	6.17419	814	228
31909	5.46207	58	17
319107	6.96601	188	28
319114	7.21313	134	21
319135	7.85379	160	42
31920	6.22615	2062	349
319223	7.69388	49	30
31926	6.38559	118	39
319263	7.37627	68	37
319288	6.81667	30	13
319290	7.25068	73	17
319292	5.4375	32	8
319295	6.41429	49	14
319320	7.21699	47	8
31935	5.77302	149	78
31936	4.5519	105	62
3194	5.02975	121	59
319402	6.60948	97	27
319529	7.21184	114	25
31954	7.35984	395	182
319579	7.35097	295	100
319592	7.07094	108	50
319600	6.98167	36	3
319604	7.67558	126	15
31968	6.80119	160	30
319680	6.21116	198	39
31971	5.67424	613	262
319736	7.93696	46	7
31975	6.28333	66	24
319792	6.855	40	17
319793	6.56667	861	135
3198	5.9575	40	13
319807	7.99074	54	43
319899	6.97283	92	21
319910	8.25064	49	52
319921	6.48833	66	20
319966	7.83181	2565	475
31999	7.66251	3380	932
319999	7.08193	81	31
32	6.05458	328	107
320	6.27385	28248	6316
32002	7.3134	304	142
32004	5.79841	63	32
320084	8.96279	43	18
320097	7.83548	31	20
3201	7.19938	6654	2175
32014	6.79641	707	300
32016	5.64315	222	123
3202	7.38238	629	309
32025	5.93793	58	29
3203	5.35246	61	58
32031	7.11278	54	25
32032	4.92753	781	165
320390	7.09282	742	184
320446	8.29474	104	36
32047	5.74228	162	83
32048	6.21768	181	115
3205	4.71538	39	16
320505	5.93585	53	12
320527	7.97152	194	39
320677	6.56087	46	9
320698	8.47899	158	44
320718	7.6533	200	169
3208	6.28696	939	415
320819	7.31164	308	75
32086	7.24324	37	10
320879	7.1907	129	47
320881	7.73333	45	31
3209	5.58298	94	44
320960	7.26071	70	28
320992	7.32142	141	38
321	6.29333	947	315
3210	6.52132	68	36
32107	5.37381	155	57
32109	5.79756	82	31
321108	7.30788	226	62
32114	6.57927	849	253
32116	6.3747	2674	1001
32124	4.92026	76	158
32125	6.57085	4820	1272
321277	7.47266	540	205
32129	7.07204	186	103
321305	7.24634	41	13
3214	4.95909	44	38
32143	6.35804	230	56
32146	6.03795	522	166
32149	6.83423	149	76
32150	7.83654	52	22
321506	6.86585	82	8
321539	7.25939	187	37
32154	5.55273	234	77
32157	5.11343	108	38
321596	7.24043	193	77
321608	8.11911	64	119
32161	4.44474	76	22
32164	5.5327	185	70
321641	7.48095	63	21
32165	6.55375	1331	476
32171	7.10752	145	50
321711	6.26157	34	9
321713	7.51951	41	18
321756	6.79712	59	16
321757	7.19643	56	26
3218	6.39497	680	380
32187	6.12038	53	19
3219	6.77542	67	28
321928	3.67692	78	21
32194	5.52026	119	48
322	6.42514	485	197
322010	7.6825	80	28
322014	7.35059	152	22
322039	7.35346	127	31
322067	7.36667	30	24
322124	7.29012	86	26
322148	6.23473	74	8
322195	7.19631	407	121
322202	7.69688	32	19
32224	4.8125	32	21
322282	7.28299	97	49
322283	8.27576	66	21
322289	7.96576	438	333
322339	7.23309	68	39
322354	9.35867	60	32
32236	4.08734	138	21
322421	7.44293	253	75
32245	5.78544	103	25
322451	6.23053	132	16
322523	8.23175	63	13
322524	7.21875	32	65
32253	5.66365	260	120
322543	7.59543	165	40
322560	6.96056	71	36
322561	7.83039	190	32
322562	7.94571	126	19
322563	7.95831	140	23
322564	7.24732	31	84
322588	7.25786	285	105
322589	7.07921	112	53
3226	7.00636	220	107
32260	4.40871	249	121
322616	8.46281	95	15
322622	7.81906	267	87
32264	4.47115	52	7
322696	7.15323	133	35
322697	7.35481	52	18
322703	7.16286	268	112
322705	6.09615	39	27
322708	7.99064	2094	625
322709	6.9219	402	123
322785	7.75128	156	35
3228	6.93465	2470	769
32280	5.85714	63	20
32288	6.97157	102	38
3229	6.69808	52	23
322984	8.81759	54	19
322985	8.82711	45	15
323	6.0543	186	65
3230	6.45357	904	309
323046	9.04878	41	26
323068	7.39825	38	3
3231	5.99886	306	143
323118	6.27174	46	20
323156	7.39125	263	184
3232	5.03333	30	17
323206	6.71428	95	23
323236	6.87639	36	4
323255	8.1579	250	68
323262	7.17072	152	21
32327	7.09184	49	18
3233	5.23256	43	16
32330	5.82647	34	8
323317	7.83519	54	25
32333	5.83542	120	51
323352	6.57188	32	5
323367	6.19268	127	53
32337	6.10944	90	40
323377	5.60938	32	13
3234	6.63039	1081	333
32340	4.37681	69	22
32341	6.15269	2749	523
32346	5.88054	149	41
3236	6.64304	1355	558
32361	4.46	40	7
323612	7.99131	652	163
323613	7.52595	355	112
323614	6.97603	169	37
32365	5.57419	31	12
32369	4.475	36	9
3237	6.84627	134	78
323784	7.51864	59	11
3238	6.62265	49	18
32382	6.54461	681	270
323882	6.3625	40	9
323898	7.51791	194	88
3239	5.81704	54	29
324	5.8017	88	30
3240	7.10588	34	14
32405	5.94509	424	144
32409	5.68375	240	30
324090	8.24242	33	69
3241	6.90156	64	41
32410	5.83279	61	16
32412	6.78187	2280	534
32414	6.625	44	15
32415	5.57959	49	11
324150	7.39478	134	52
324157	8.33814	59	9
3242	5.9104	964	430
32424	7.99665	254	136
324242	7.39936	246	66
324246	6.92071	168	34
324278	7.13517	67	18
32428	6.23938	32	18
32429	6.07733	75	30
3243	6.09221	2714	698
32431	5.38202	136	54
324320	7.45952	42	24
324344	6.96	30	10
324345	7.69572	120	35
32441	6.39412	2779	579
32444	5.21154	39	17
324467	6.5026	77	28
3245	6.17794	68	42
3246	6.66308	130	111
324602	6.31818	44	35
324639	8.11063	126	33
32464	5.25	34	12
32465	6.20234	107	32
32466	6.05423	194	69
324670	8.14	32	25
32469	6.22835	164	54
3247	5.85203	123	79
32471	5.65963	321	50
3248	6.50857	251	145
32484	6.60704	1795	784
324853	8.21636	121	25
324856	8.45626	2868	518
3249	5.76065	155	82
32495	5.48777	155	71
324957	7.1283	53	18
325022	7.85044	753	167
3251	5.99267	191	145
325191	7.00349	83	54
3253	5.18644	59	32
325348	8.53571	140	79
325382	7.11064	47	11
325388	6.06467	30	8
325409	7.08323	62	13
325413	5.27975	40	11
325414	6.19945	284	61
325477	6.93167	108	32
325494	7.98089	142	320
3255	4.93676	34	15
325555	7.79087	691	134
325611	7.03148	36	15
325628	5.28182	55	2
325635	8.4282	682	118
325679	7.13462	52	9
325681	7.20889	54	8
325698	7.25513	795	141
325704	6.68654	52	24
325828	6.24946	56	14
325829	7.10431	72	22
325830	6.14467	40	10
325834	6.53906	33	1
32598	6.33625	40	14
32601	4.84636	44	14
326112	7.2025	80	8
3262	6.44815	173	96
326269	7.71591	44	11
3263	7.83696	438	231
32639	6.6	54	36
326400	6.80223	147	37
326408	4.53226	31	18
326485	7.33746	206	62
326494	7.86208	953	180
3265	6.06852	108	52
3266	4.23333	42	28
326624	8.16042	144	36
32666	6.92553	1773	604
3267	6.51731	1388	542
32670	4.27664	108	50
326727	6.77656	64	34
32674	7.1627	985	390
326767	8.81579	38	9
32678	5.25538	186	60
32679	5.2611	127	49
3268	4.8814	43	14
32680	5.21993	140	49
326804	5.82676	61	22
32682	5.68	150	41
32683	5.42269	119	42
32684	5.0849	34	9
326848	7.64937	32	25
32685	5.18632	38	19
32688	5.68687	228	54
3269	5.84534	658	280
326908	7.82487	137	18
326945	8.45876	46	107
326983	6.98689	61	4
326985	8.32927	41	26
327	6.7644	8697	2410
3270	6.46024	84	56
32702	5.119	70	31
327056	7.72829	41	11
327062	6.53452	42	11
327076	7.02942	155	25
327077	6.76777	151	32
3271	5.41031	131	89
327295	7.12622	45	15
3273	5.50417	108	52
327371	7.86556	54	23
327392	6.375	32	4
32740	4.50303	33	13
32742	5.3875	32	10
32743	5.47597	325	55
3275	7.45429	70	36
32751	5.66389	90	25
327549	6.65833	36	10
3276	5.70874	103	54
327711	7.86349	299	150
327721	8.11905	63	23
327723	8.33636	55	33
327793	7.8394	123	22
327797	5.72586	58	14
327831	7.07105	296	65
32784	6.06667	30	16
32789	4.41071	42	5
3279	7.04218	270	100
327913	7.76634	41	6
32794	4.67895	38	14
327971	7.0584	131	97
328	4.90556	36	19
32820	6.62059	101	29
32821	6.86042	48	54
32828	4.63068	44	17
328286	7.00313	32	12
328289	6.60164	61	9
328365	6.97813	57	6
32838	7.92112	329	178
3284	7.0063	3166	1169
328479	7.52171	284	73
32849	5.15143	91	42
3285	4.74916	308	137
328565	7.92106	138	78
328569	6.01887	53	43
328575	6.84614	44	54
328624	6.85906	127	21
32863	4.98774	53	26
328826	7.68549	54	33
32885	5.78411	107	42
328859	6.89152	46	7
328871	7.69889	4071	1072
328908	7.69859	620	155
329	7.22463	678	289
3290	5.50143	70	28
329002	7.73729	59	27
32901	6.51134	485	60
32907	7.5	59	29
329084	6.78727	108	21
329086	7.34663	81	28
329175	6.64062	32	7
329230	6.30773	44	10
329293	7.05882	34	12
3293	5.87705	61	17
3294	5.5369	294	49
329432	8.28788	33	34
32944	7.28493	776	315
329450	7.08354	391	115
32946	6.33824	34	9
329465	7.21636	3710	731
3295	5.49533	75	25
329529	6.80536	56	16
329551	6.47288	78	112
329593	7.35621	132	45
329607	7.35058	39	23
329613	6.67037	54	14
329641	5.22951	61	20
329670	7.33369	142	44
32968	5.56916	214	52
32969	5.61691	246	102
3297	4.33333	30	14
329710	6.34317	40	11
329713	5.54578	263	127
329714	6.74342	158	43
3298	5.09545	44	17
329839	7.56999	990	161
329845	7.35208	239	48
329862	6.66462	31	38
329873	7.75421	76	79
32989	8.32295	275	106
32990	7.84241	162	74
32992	5.34864	110	32
32993	4.98209	67	23
329939	7.36282	39	31
32995	6.52308	130	39
32996	5.34449	72	28
330	6.5028	436	175
33003	7.63175	428	205
330036	7.29321	316	80
330038	7.46232	613	100
330084	8.02689	61	14
330145	7.73556	45	12
33018	7.12244	90	63
3302	5.00623	53	19
33020	5.09357	120	30
33024	5.64396	202	43
33030	6.27696	217	170
33040	5.80476	739	178
330403	6.78543	127	34
33048	6.32586	116	25
3305	5.742	130	40
330538	6.68697	133	29
330560	6.54911	56	17
3306	4.12568	44	33
330608	7.37475	713	150
330664	7.62463	67	15
330665	6.85455	129	31
3307	7.46451	3539	1291
33071	5.811	291	81
33077	6.98781	201	139
330806	5.45548	73	51
33086	6.01714	35	26
33088	6.09007	749	122
3309	5.96184	182	94
330950	8.32105	38	36
330973	7.58188	69	33
331050	7.68718	583	126
331056	7.19459	37	8
331059	6.76732	207	44
33107	6.51408	1484	460
331106	7.95323	235	264
33112	5.44925	209	32
331126	6.2506	39	15
331155	7.51817	32	12
3312	6.51167	983	513
331212	8.9386	57	64
3313	5.97188	272	139
331328	6.81056	45	56
3314	5.39333	96	34
33140	6.208	75	37
331401	7.63333	39	65
33150	6.12112	961	208
33154	6.53384	4781	1387
331549	6.66049	41	32
33155	6.18725	364	122
33156	6.20931	137	73
33157	5.88194	36	28
331571	7.16133	201	28
331573	6.60368	77	25
33159	5.96829	391	181
3316	6.71512	172	88
33160	7.39533	9202	2061
331635	6.83135	116	22
331647	7.07712	208	56
331652	7.02937	155	41
331666	4.66	40	8
331685	7.02383	47	27
33169	4.58788	33	10
3317	6.46515	66	30
33172	6.28089	358	175
331787	8.15865	94	199
3318	6.26197	925	358
3319	5.43556	117	32
331947	7.02581	31	14
331952	7.876	35	4
331953	8.316	30	6
33196	5.83871	402	196
331979	7.80694	36	8
33198	3.69844	64	6
332	6.30654	202	63
3320	5.30276	472	173
332015	7.21831	190	51
332018	7.5	36	11
332075	7.28547	250	77
33208	5.96868	91	31
3321	6.072	901	297
332181	7.12727	33	5
332229	7.19719	38	8
332230	7.73395	70	12
33225	6.3477	87	20
332290	7.08555	641	184
332317	5.77027	74	23
332321	7.25271	574	169
332386	7.24378	751	161
3324	5.36724	116	63
332420	8.71667	36	19
3325	6.95625	40	21
33259	7.53537	82	34
332606	8.26829	41	4
332686	8.20049	103	178
332782	7.2141	39	12
332800	8.42703	970	218
33288	5.83036	56	14
3329	4.79048	42	16
33292	4.34429	35	9
332943	8.30303	33	17
332944	7.22647	329	60
333	5.5314	1958	772
3330	7.0	34	14
333055	7.46808	299	56
333144	7.77429	42	15
333255	8.14706	34	70
333280	7.27011	93	13
333348	7.12313	32	16
333373	6.83062	75	22
3335	5.9641	39	21
333516	7.80217	46	10
333539	7.26027	256	79
333553	7.38794	104	26
33359	5.74725	109	101
3337	5.61938	616	139
33383	5.5375	40	13
3339	6.42631	273	135
334	5.39646	769	362
3340	7.38795	83	52
334011	7.68702	302	79
334049	7.76508	42	9
33406	5.43602	98	34
334065	7.37213	122	152
3341	6.05428	643	200
33414	6.20488	41	18
33418	5.30667	45	14
3342	5.15278	36	15
33421	5.86451	49	22
334267	6.8869	42	12
33427	5.96488	320	88
3343	4.75112	1298	340
334307	6.87395	483	193
33434	8.26749	187	73
334379	7.3332	50	19
3344	4.28986	140	82
33451	6.90973	2917	527
334543	6.305	30	6
334590	8.0881	42	40
334644	6.32265	181	36
33468	6.31258	1683	721
3347	5.3215	942	185
3348	6.79877	856	337
3349	5.88875	40	16
33495	7.23363	337	55
33497	4.9375	32	10
335	5.81357	337	183
3351	5.625	32	11
335131	6.8525	40	10
3352	5.21869	214	85
335212	8.67105	38	28
335271	7.32995	60	22
335275	7.29453	386	93
3353	7.32282	1223	502
3354	5.94444	45	41
33541	8.0	38	16
335427	8.10106	42	74
335467	6.95135	37	15
3355	5.95	30	18
335528	7.57684	95	20
335541	7.01575	40	14
3356	5.42897	39	26
335609	7.19858	597	125
335678	7.59018	76	18
33569	5.54196	92	40
3357	5.59138	116	35
335764	8.61815	65	26
3358	5.91111	90	39
33581	5.67308	454	183
335857	6.65914	31	7
335869	7.22847	229	49
3359	6.65238	63	52
33595	7.12955	44	24
33599	5.31923	104	59
336	5.5323	200	136
3360	5.64583	120	73
33604	6.73681	5815	1426
33605	6.68333	66	31
33614	5.2378	41	23
336195	8.76829	41	25
33623	4.59091	33	11
33624	5.85591	180	22
33625	5.73947	38	7
336382	8.2533	371	180
33643	6.78883	900	298
33646	5.42736	70	29
3365	7.52482	139	89
336552	6.99115	67	32
336622	6.54895	38	12
33664	6.8	30	28
33665	8.13743	277	143
336794	7.83492	668	137
3369	6.58458	166	110
33692	6.7275	40	20
336929	7.59859	359	90
336986	7.87564	78	192
337	6.62452	2619	932
3370	5.76108	176	81
33701	5.34851	67	38
337070	7.68256	43	13
3371	5.22619	42	16
337117	7.05778	63	24
337195	8.36957	46	15
33723	5.80933	75	37
337262	7.51404	47	18
337269	6.86348	86	24
3373	5.51703	139	54
33732	6.16318	710	284
337324	7.7863	48	41
337389	6.7047	117	30
337397	7.80806	31	15
3374	5.721	70	34
337500	7.74617	47	13
337503	3.46453	64	19
33759	6.92337	246	130
3376	5.97368	38	32
337627	7.6767	105	183
33767	7.11062	240	105
337690	7.55214	112	29
3377	5.69097	704	197
337754	6.425	36	11
337765	7.75719	292	98
337784	6.0007	129	24
337787	7.41947	504	117
33779	5.66364	44	28
33782	6.20244	41	9
33785	7.61602	128	73
337864	8.89231	65	19
33789	5.15	30	9
337929	6.69019	120	29
337932	5.92397	68	14
337961	7.25835	91	27
33799	4.58222	45	29
338	6.73301	861	396
33801	5.81489	136	29
33803	6.2282	66	40
338067	8.29127	42	61
33812	6.28203	64	67
3383	6.33252	722	171
33836	5.25313	32	4
3384	5.675	40	17
33845	5.06563	32	16
3385	6.02793	448	139
33857	6.59767	60	66
338628	7.21912	750	161
33870	6.44615	39	9
33875	7.194	50	19
33876	5.58051	336	108
338760	7.78695	378	112
338834	7.99355	695	122
3389	4.48372	86	45
338957	7.43418	79	43
339	6.07456	3244	1030
3390	4.0186	86	31
339031	7.5472	214	67
33904	5.40667	30	11
339052	6.48065	31	9
33906	5.13955	67	6
33907	5.60301	83	25
33911	5.97899	639	256
339214	7.26286	35	7
33924	7.40319	241	126
339263	8.42826	46	7
3393	4.42857	63	48
3394	5.24586	716	177
339484	7.19184	360	67
33950	5.57368	57	39
33958	6.016	75	34
33959	5.42104	77	35
339592	8.85938	32	14
339614	7.37776	274	69
33962	5.97297	111	28
33964	5.77912	114	42
33967	5.21293	169	73
339789	8.19279	421	92
33984	6.08987	132	49
339906	7.33077	401	104
339958	7.49331	328	87
34	6.64834	537	187
340	6.60801	3474	1100
34001	6.09986	289	112
34004	6.46025	887	270
340040	6.50741	54	14
340041	7.68934	393	89
34009	5.99062	64	23
34010	6.27819	762	265
34014	5.56667	108	57
340237	7.72422	101	37
340288	7.97786	70	26
3403	6.52316	136	61
340325	8.14667	75	55
340364	7.46	164	45
3404	5.75423	420	222
340420	7.175	44	9
340455	7.2266	94	34
340466	7.94601	1173	292
3405	5.8247	202	91
3406	7.08576	481	250
34065	5.95526	38	18
340773	7.10938	32	8
340790	7.66986	160	41
3408	7.56103	272	146
340816	6.89375	32	5
340834	7.33437	112	26
34084	7.01276	3703	1007
3409	7.02003	763	333
340909	8.20658	73	48
34091	5.39285	41	8
34098	7.79444	108	60
341008	7.55186	43	10
341009	6.08653	75	28
341048	7.18861	177	62
3411	6.93114	167	78
341164	6.55459	69	16
341165	7.37073	192	72
341169	8.56397	743	163
34118	6.75435	46	36
34119	7.18863	11985	2974
3412	7.31915	205	111
341233	6.76644	222	64
341256	6.41861	115	33
34127	6.13596	3970	1099
341284	7.41833	104	11
341286	6.59556	48	17
3413	7.13905	385	208
341315	6.60611	36	7
341358	6.37297	145	36
34139	7.59685	65	23
3414	7.01011	366	189
341416	6.45807	100	23
341426	6.22615	65	16
341427	5.84722	36	13
341496	7.2782	39	8
341510	5.97368	38	12
34152	6.38	226	123
341546	6.3871	31	17
341583	8.19904	52	11
3416	7.77124	183	107
34166	6.09942	787	282
34169	6.15722	842	176
3417	5.70647	85	52
34173	5.3428	118	24
341753	8.29878	92	16
341779	7.41597	72	16
34185	5.96765	153	51
3419	4.32831	166	115
341915	5.8375	32	7
341918	4.67333	75	26
341931	7.17541	61	16
341935	6.93264	144	36
34194	6.98003	2470	765
34195	6.69352	54	53
341963	7.13387	31	15
342	5.90256	78	38
342010	7.02281	163	42
342016	6.13107	56	21
342019	7.2042	92	30
342021	7.04808	52	15
34207	7.13415	41	30
3421	6.52526	1601	706
34218	6.06184	38	28
34219	7.20327	15874	3816
3422	4.97647	537	137
342207	6.89318	148	37
342209	6.59884	43	9
34221	5.71986	140	50
342210	6.4532	103	22
342246	9.0	40	37
34227	6.5648	558	162
3423	6.625	32	29
34238	6.83696	92	64
342443	7.03096	38	8
342444	8.87801	77	85
34245	6.60781	64	14
342492	7.605	42	33
3425	5.72526	57	43
342542	7.10811	37	11
34255	5.95223	206	64
342562	7.60966	88	36
342636	6.96053	38	12
342638	7.6844	50	18
3427	5.41396	283	143
342703	7.30263	38	11
34276	7.68671	79	55
34277	5.34636	110	38
34284	6.38962	209	51
342848	7.76146	552	130
342857	7.63577	116	31
342894	7.92033	40	54
34291	6.09615	52	8
342942	8.69261	1526	339
34296	5.71865	37	28
34297	6.82749	2947	773
343	6.25343	204	56
3430	4.77868	68	30
34305	6.85333	30	9
34310	6.13333	39	37
34311	6.645	40	39
343121	8.77273	33	18
34320	6.54463	1283	391
343282	7.62543	35	13
343322	7.66418	67	9
343334	7.52321	81	31
34334	6.98069	202	106
343387	6.69375	32	10
3434	5.49711	83	58
34342	5.66036	139	49
3435	5.77232	108	32
343526	7.43728	119	36
343562	7.81655	416	101
343696	7.09596	33	19
34373	6.45477	2059	568
34374	5.50444	45	27
34375	6.21457	381	141
34376	6.0602	114	55
34377	4.62182	55	25
34381	6.617	50	34
34383	5.44118	34	11
343847	7.74468	47	8
3439	6.5026	2438	833
34390	4.81571	105	65
343900	8.77879	44	48
343905	7.86004	724	172
34395	4.49138	58	18
344	6.61123	345	111
344017	5.10606	33	10
344050	7.12429	35	6
34419	5.93882	136	51
344254	7.60568	88	32
344258	8.04745	110	37
344277	7.14855	210	76
344338	7.42169	83	27
344408	6.93986	74	12
344415	7.65439	57	7
34444	6.19649	187	29
34450	6.56096	146	31
344697	8.3063	99	27
3447	4.01562	32	17
344768	7.4912	157	37
344839	7.08518	44	14
34496	6.64215	771	247
345	7.01087	46	32
345036	6.79557	63	17
3451	4.65	30	13
3452	6.35012	1317	495
345584	8.15996	252	142
3457	5.77826	92	49
34575	5.08333	30	18
34583	5.28536	379	148
345868	8.52667	45	37
3459	6.46102	87	69
34590	5.16923	39	4
345918	6.91765	34	11
345976	9.40425	47	19
34599	6.25022	2033	603
34615	6.47133	2202	624
3463	7.33921	500	192
34635	7.55424	47258	8104
34639	7.19694	242	163
3464	7.30568	673	301
346482	7.39395	119	26
3465	5.58182	99	57
34655	5.05278	36	16
34659	7.29394	231	120
3466	6.32509	279	124
346703	7.21146	1599	310
3468	6.05116	43	34
34692	6.26458	48	19
34696	5.89814	296	74
346965	7.63651	251	93
347	5.60391	64	29
34701	6.47019	318	114
34707	6.77548	2237	707
3471	6.41471	85	67
34713	6.10789	38	26
347137	8.49468	114	31
347146	7.30238	42	23
3472	6.53189	74	11
3473	5.47813	32	7
34744	5.90594	143	89
34745	5.47049	308	166
34747	6.76037	270	192
3475	7.10445	419	168
347505	7.92639	36	10
3476	5.23347	118	48
34785	5.42063	80	34
347900	7.5	38	25
348	6.731	1338	492
348065	7.8	32	27
34819	5.98649	464	185
3482	4.37699	103	63
34825	5.01781	32	19
34829	6.20011	375	172
3483	5.41818	55	25
3484	5.20375	360	175
348406	8.33333	30	70
34843	5.98032	188	92
348463	7.9037	36	13
3485	5.95302	149	39
3486	4.80465	43	20
34866	5.42683	41	14
3487	6.48295	770	282
34871	6.35094	480	183
3488	4.86364	77	38
34887	6.72345	4175	1083
34890	6.77625	40	31
348955	6.8209	67	30
349	5.61095	281	109
34902	4.63378	74	36
34905	6.1872	207	96
349129	4.96571	35	10
3492	5.795	40	22
34933	4.4878	41	21
34938	5.07385	65	32
34943	5.91558	159	59
34948	6.0458	123	57
3495	6.16681	1056	413
34958	5.52864	110	38
34969	6.85818	1065	324
34974	5.14154	39	9
349805	7.38821	39	27
350	6.4942	301	119
3500	6.10259	58	20
35003	6.50833	90	56
3501	5.16667	33	10
35017	6.12625	120	62
3502	4.54106	49	28
35023	5.41	80	37
3503	4.19175	36	25
35035	7.58509	384	155
3504	2.07649	77	46
35040	6.23521	71	38
35047	6.765	30	23
35052	7.43739	2726	657
35054	6.02581	62	45
3507	5.99364	286	140
350992	8.4439	41	30
3510	3.50252	1107	424
3512	5.80682	44	25
35122	5.73127	274	139
3513	6.35935	107	46
35137	5.93494	83	21
3514	5.41833	60	28
3515	3.90051	130	70
3516	5.56099	91	63
35163	5.99937	48	19
35167	6.35152	33	11
3517	6.72469	143	58
35173	4.13248	254	70
35179	6.59425	167	35
3518	6.62227	677	296
35188	5.96759	801	203
352	6.18139	572	234
35207	5.82916	143	43
35219	7.39259	81	43
3522	3.46282	1944	689
35220	7.91833	60	25
3523	7.0896	101	57
3524	4.65909	44	18
35247	5.59382	178	26
35248	6.3952	1162	380
3525	5.27131	99	43
35254	6.12108	102	35
35256	5.9238	142	85
35262	5.38448	58	7
3527	5.84028	72	27
3528	5.96449	107	49
35285	6.84367	837	394
35289	6.34782	596	217
3529	5.21848	461	249
35293	6.45088	283	101
35294	4.97415	118	69
353	5.43767	539	270
35305	6.29282	110	44
35306	6.16295	139	64
3531	6.64773	132	105
35311	6.23664	110	47
35312	5.27406	36	27
3532	6.31012	84	68
3533	5.36627	83	72
3534	7.23609	284	117
35342	7.29726	537	251
3535	6.05645	62	63
35350	7.10402	828	334
35354	6.08327	52	24
35369	6.21218	945	234
35371	5.8641	39	11
35376	5.91839	193	79
3538	4.20556	45	31
35395	6.37512	211	79
354	7.04411	3128	1017
3540	5.86944	72	44
35400	7.39467	300	150
35414	5.29434	53	25
35423	7.9093	175	86
35425	7.50566	53	25
3543	6.09576	59	25
35435	6.99956	1926	538
35438	6.2944	439	166
35452	6.35275	109	89
35453	7.88611	72	45
35457	8.49394	33	15
35466	6.02439	41	25
35468	5.1	56	16
3547	4.42907	86	49
35472	6.37685	222	56
35476	7.92059	136	83
35477	7.42088	163	81
3548	6.96349	509	225
35481	6.172	50	26
35482	4.54688	32	14
35488	6.81515	1518	381
3549	4.35724	134	52
35492	6.20946	74	14
35497	7.03324	4191	813
355	5.74345	168	73
35503	6.78272	2502	749
35505	6.56757	1744	412
35508	6.0272	83	56
3552	6.03462	52	30
35524	5.15928	264	113
3553	7.82232	366	174
3554	5.76282	78	49
35546	5.83264	121	46
35548	6.08704	54	32
35556	5.7527	259	78
3557	6.34848	33	20
35570	7.24851	3882	1067
35572	6.72546	1175	420
3558	5.77183	71	44
35585	4.90937	93	36
35599	6.385	260	85
356	5.27941	204	72
3560	5.99894	132	76
3561	6.10238	105	69
35614	7.8973	408	238
35618	6.23509	57	24
3562	5.92003	432	200
3563	6.51892	371	129
35634	6.32314	465	164
35635	6.56809	47	55
3564	5.60682	44	22
3565	7.31368	1627	360
35652	5.07067	194	68
35654	8.01282	39	9
35658	5.02647	34	26
3566	5.50345	58	54
35661	5.86771	48	25
35662	7.03957	115	81
35665	6.04688	144	33
35669	7.38701	375	178
3567	6.07724	457	203
35674	5.50444	124	43
35676	5.11613	31	14
35677	7.86711	27996	5483
3568	6.36654	130	66
3569	5.66386	83	39
357	6.34704	1618	561
3570	6.56534	2924	1086
35706	5.92494	440	199
3571	5.70455	66	41
3572	6.60833	210	130
3573	6.655	500	316
3574	5.20421	95	70
3575	5.75539	204	178
3576	6.34356	132	95
35761	6.72275	2062	666
35763	5.71529	172	65
3577	7.46746	381	254
3578	4.31356	59	38
35801	6.13097	403	145
3581	6.31895	153	70
35812	6.09827	226	77
35813	6.67674	43	25
35815	6.97297	4494	1242
3584	5.09229	175	104
3585	5.56245	216	132
3586	6.26468	599	287
35865	7.04336	128	59
35877	4.92069	58	26
3589	4.86667	30	12
35896	5.68333	30	12
359	6.05598	660	285
3590	6.57955	111	58
35901	6.13235	34	19
35910	6.99639	83	53
3593	6.89798	525	205
35934	6.86176	34	7
35935	6.61012	690	264
3594	6.15124	161	61
3595	5.99232	739	269
35961	6.05231	65	18
35964	6.00851	840	338
3597	7.23964	323	130
3598	5.7178	41	40
36	6.40295	407	202
360	5.37805	293	144
3600	6.6727	185	77
3602	4.75377	284	167
3603	6.44161	87	62
3604	6.33176	74	25
3605	7.79393	460	178
3606	4.7474	96	92
3608	6.4622	721	364
361	6.62764	4441	1382
3612	7.14773	44	24
3613	6.7857	387	161
3615	6.11098	82	62
3616	6.04345	143	55
3617	6.43529	68	51
3618	6.40207	169	89
362	5.77801	191	78
3620	6.20192	52	28
36218	7.61	81582	13787
3622	5.16333	60	28
36225	6.08871	31	16
36228	4.51522	46	22
36229	4.59024	123	60
3623	4.02835	180	75
36230	5.27541	61	31
36231	5.16294	169	60
36232	4.20312	32	22
36234	5.5125	44	29
36235	7.36423	3890	945
36236	5.40722	97	37
36237	5.70917	60	27
36241	6.36454	251	121
3625	6.00082	245	135
36250	5.77579	39	18
3626	5.51536	125	82
3627	6.39147	252	117
3628	5.59167	36	11
3629	4.65751	35	23
36297	7.39762	147	86
36299	5.40488	41	24
363	5.92808	758	276
3631	5.42063	63	27
36314	8.40107	179	110
3632	6.33936	1086	400
36325	7.03598	296	123
3633	5.59746	2714	954
36332	6.82683	41	19
36333	7.01625	40	30
36339	8.13235	68	25
3634	6.15	45	28
36345	6.06384	4987	1072
3636	5.1588	108	51
36367	7.11665	720	214
3637	6.96023	172	127
36373	5.83854	48	18
36380	4.72222	45	12
36381	5.82403	32	12
3639	5.685	48	31
36399	7.45294	889	293
364	6.41917	809	310
3640	5.20758	165	74
36400	7.81178	623	300
3641	6.96835	79	50
36412	6.19474	57	44
36413	6.08643	70	30
36415	7.76471	51	18
36424	6.99754	301	115
3643	6.14237	59	31
36431	6.5303	33	5
3645	4.17656	64	46
3646	5.66062	894	472
36478	6.51667	72	35
36480	6.53505	254	160
36482	7.21739	330	85
3649	5.70588	34	14
365	5.57517	60	32
3650	5.14667	45	31
36510	6.20808	52	32
36522	6.91115	1931	802
36523	5.62773	163	55
36538	6.11111	36	10
3655	6.75419	1312	417
36553	7.70532	3266	734
36554	5.78257	136	67
3656	5.96629	627	296
36560	5.5049	100	50
3657	5.86053	114	58
3658	5.81714	245	103
36596	7.0692	138	83
36597	7.7055	160	83
36598	7.44275	69	25
36599	5.83345	197	50
366	6.36593	413	158
36603	5.75873	63	13
36604	7.13902	41	21
3661	6.87433	553	266
36611	4.67143	161	43
36612	7.09796	54	36
36615	5.28793	87	39
36616	6.73253	83	47
3662	6.47681	182	110
36623	7.23494	77	41
3663	6.56302	192	115
36634	5.248	205	76
36639	5.95	42	23
3664	5.76029	136	47
36648	6.89297	1886	546
36649	5.67803	218	73
36650	5.06739	46	14
36659	6.13287	181	132
3666	7.00444	45	26
36661	6.41267	150	57
3667	7.10526	76	40
36674	7.22581	31	23
3668	5.57686	175	75
36687	5.82821	39	14
3669	5.94167	42	29
36690	5.58367	196	99
36698	6.30312	48	27
367	5.32714	276	163
3670	6.35744	121	78
36708	6.98981	899	281
3673	5.27625	80	53
36737	6.38482	56	40
36739	5.92618	1202	393
3674	6.21738	65	47
36751	6.28273	55	17
3676	5.20285	258	164
3677	5.69754	122	76
36777	5.38793	58	64
36783	4.97925	381	113
36788	6.80244	82	13
36789	6.82765	66	11
3679	6.25152	329	115
36790	5.96889	90	26
368	6.16756	1028	504
36811	6.95759	1661	511
3682	5.67041	49	25
3685	7.5499	3938	1563
3686	4.70745	47	10
3687	4.78409	44	26
36887	6.90771	398	206
36888	6.86789	931	407
3689	5.27273	33	21
36895	5.06944	108	40
369	6.26655	293	172
36903	7.88013	77	31
36905	5.25556	45	8
3691	6.43452	84	71
36911	7.04912	57	55
3692	6.2016	525	252
3693	5.55857	56	33
36932	7.50426	6783	1735
36944	6.10703	68	22
36946	6.29748	7825	2233
3696	4.21187	128	48
36973	4.49406	101	32
3698	5.46933	75	62
36985	5.86706	85	26
36986	6.17576	559	245
3699	5.49799	5619	1897
37	5.81184	152	66
3700	7.19149	47	23
37000	5.11506	290	94
3701	5.29136	53	31
3702	5.10121	470	171
37046	7.30785	20016	4371
3705	5.84762	252	109
37059	6.12941	34	35
3706	5.92186	576	239
37061	7.38704	108	49
3707	6.27167	332	140
37097	6.87179	39	26
37099	6.04516	62	39
371	6.73376	822	324
3710	6.67005	363	140
37103	6.52996	53	23
3711	6.19217	630	281
37111	7.74069	33964	6851
3712	6.25919	332	157
37120	6.44447	2967	691
37127	5.45854	41	13
37141	7.49299	979	275
37142	5.97619	42	31
3715	4.92879	120	62
3716	6.54773	44	17
37165	6.73253	1080	218
37168	5.54111	90	8
37175	4.02121	66	37
37184	6.73394	218	65
3719	4.62195	41	25
37196	6.35941	3699	1344
37198	5.98516	3131	636
372	7.32005	8671	1687
3720	6.96479	1678	486
37208	6.59169	886	453
37224	4.54054	37	5
3723	4.92353	68	34
37231	6.6881	1043	320
3724	6.46723	177	102
3725	5.66929	266	140
37257	7.03037	162	68
37260	6.49667	75	46
37267	5.55122	41	18
3727	5.7065	621	270
3728	4.76531	1437	462
37296	6.26947	655	247
373	6.5625	52	22
3730	7.18222	487	245
37301	7.44242	508	361
37305	4.98803	238	139
37307	6.64394	33	15
3731	5.89176	91	37
37345	6.00887	203	71
37349	5.38803	247	109
37351	6.34171	70	7
37358	6.9675	1852	604
3736	3.95658	91	36
37362	6.39794	253	77
3737	4.12166	3829	1121
37376	5.57873	369	163
37379	5.57222	54	26
37380	6.86517	11687	2872
37382	4.83237	104	21
37383	7.68953	86	49
37387	6.97736	1917	648
37391	6.4583	63	15
37392	6.78974	39	28
37394	6.19216	88	41
374	6.14746	177	62
37400	6.45963	2248	582
37401	5.96809	47	13
37423	5.81806	31	6
37441	6.75543	175	87
37444	7.02569	51	40
3745	5.2138	54	28
3746	6.01224	49	23
37461	6.43722	565	219
37477	6.06667	75	25
3749	5.83224	380	166
37490	5.50962	52	28
37491	7.12368	57	36
37497	5.38182	33	18
37498	5.43149	87	18
375	5.34493	140	76
3751	6.756	75	33
3753	5.21571	70	22
3758	5.21449	234	85
37589	6.11403	1041	236
3759	4.02157	51	44
37592	7.725	40	25
376	5.88332	771	321
3760	5.91463	41	18
37612	5.69403	395	112
37615	5.87186	597	230
3762	5.29864	110	44
37628	6.96974	4060	1294
37633	6.06236	89	47
3765	6.56827	197	102
3766	7.31525	118	68
37672	6.9827	297	87
37680	5.65429	140	84
37683	6.09702	168	70
37686	5.75394	127	43
37694	5.71319	72	32
37696	6.2969	1352	350
37698	4.25705	44	13
3771	6.27362	182	88
37718	7.18333	30	26
3772	6.61463	41	36
37724	6.3983	59	42
37728	6.31139	1314	305
37731	6.98776	49	14
37732	5.69085	177	58
37734	6.67035	1358	489
37738	6.11669	437	166
37739	6.09611	453	169
37741	8.44412	34	7
37743	6.29603	73	31
37755	6.03181	141	56
37770	6.38333	30	8
37777	6.20519	77	15
37794	6.32403	280	115
378	6.94087	115	55
37836	7.78606	1494	564
37847	4.71976	41	29
37849	4.22717	46	30
37854	5.81892	37	7
37875	6.975	112	86
3788	5.67333	30	11
37885	8.01579	57	45
379	6.20197	633	226
37904	7.01573	17847	3222
37906	7.25424	165	54
37907	7.04191	1739	489
37912	7.49286	70	49
37919	7.18436	2013	715
3793	5.64237	93	48
37931	5.96452	354	109
3794	6.11471	210	75
37982	6.34698	232	99
37983	5.80868	280	117
37988	5.53771	309	81
37997	6.93939	33	17
38	6.16429	98	42
380	6.35983	1739	765
3800	6.99721	2146	619
38001	4.64244	86	27
3801	5.60525	551	254
38026	6.25567	1160	277
38032	6.63801	1192	349
38038	6.00677	124	38
3804	5.12653	1197	470
3805	5.75051	39	20
38050	5.91131	84	54
38054	6.97349	6159	1613
3806	5.9391	211	72
38062	6.41467	184	33
381	6.25	104	23
3812	6.1375	64	43
38141	6.02222	45	13
3815	5.85537	121	76
38154	5.43306	313	72
38159	7.00379	3873	820
3818	5.83973	1169	212
38187	6.04808	192	56
38194	6.25367	1961	508
38195	6.13889	198	59
38197	4.77931	58	35
382	6.44232	3510	1077
3820	4.54388	147	62
38204	7.13235	68	36
38227	5.45413	218	71
3825	6.53467	75	47
3826	7.77432	37	34
38263	6.27419	31	10
38266	7.1627	63	54
3827	6.70556	36	26
38275	6.24527	448	166
3828	6.7847	512	237
38287	5.71456	266	114
3829	6.30889	36	15
38299	6.73529	34	15
383	6.42028	108	36
38309	7.39596	701	300
38318	6.34452	901	320
38328	6.22195	123	71
38331	6.25806	31	13
38334	5.78161	173	71
38337	5.29901	101	33
38340	5.534	182	56
38343	6.86731	2891	858
3835	4.77477	65	32
38353	4.26471	34	6
38355	5.91508	236	75
38359	5.49762	562	246
3836	6.9642	176	76
38361	7.20952	70	39
38364	5.96355	709	331
3837	6.22082	3081	987
3838	6.38441	59	48
38386	6.73384	2969	879
38387	6.34914	386	143
3839	4.78037	107	44
38390	5.79524	126	60
38391	6.16882	836	180
384	7.2455	984	331
3840	4.82933	60	30
38400	6.43571	175	109
38402	5.86678	484	174
3841	4.47097	62	30
38418	4.65119	42	4
3842	5.053	41	17
38429	7.18795	224	85
3843	6.12169	198	97
38430	6.55393	389	202
38437	6.61203	79	37
3844	5.85	40	21
3845	4.96446	390	214
38453	7.42644	15160	3453
3846	5.24948	96	49
38462	6.54636	121	51
38464	5.36923	52	23
38466	6.06251	72	31
38471	7.29065	139	71
38476	4.97667	30	17
3848	5.45085	59	34
3849	4.56579	38	12
38499	6.08479	167	51
3850	5.36163	160	90
38504	5.4785	319	137
38506	6.63667	1865	564
3851	6.41245	249	124
3852	6.1322	1054	410
38531	6.70568	1863	627
38545	6.91538	2253	563
38548	6.50617	1595	528
3855	7.11154	379	151
38553	6.3195	533	244
38558	3.882	250	57
38561	3.86833	60	21
38562	8.17375	40	13
38577	5.18857	98	29
38578	7.38678	87	47
386	5.53282	1276	552
3860	6.82834	75	53
3863	5.43056	36	14
38637	5.95611	90	74
3864	6.26932	740	289
38657	6.41998	1186	489
38665	5.41277	47	13
3867	5.03689	61	47
38678	5.22821	78	21
38679	6.27321	56	26
38680	6.63297	91	29
38694	5.34295	190	87
387	5.81656	339	132
3870	7.07118	1027	513
38702	5.69423	52	40
38703	6.30557	287	96
38707	6.2411	264	112
38713	7.48839	1100	128
38718	7.89371	846	356
38735	6.3772	612	246
3874	5.94507	685	242
38747	6.19123	57	24
38749	6.84405	672	217
38755	6.88018	57	42
38763	6.33256	43	18
38764	7.56242	128	51
38765	7.02252	1690	570
38772	6.70217	69	24
38778	6.10388	593	280
38784	6.55714	35	10
38786	7.98983	489	211
38795	4.71731	52	20
38797	6.70116	636	245
388	5.7419	253	87
38805	7.0642	188	93
38821	6.70213	722	139
38823	7.70419	1460	449
38824	6.13125	32	34
38825	6.93537	41	40
38826	6.325	40	44
38828	6.64419	43	49
38829	6.79125	48	43
3883	5.04115	61	44
38830	6.86061	66	48
38837	7.23232	99	66
3884	5.03125	32	27
3885	5.75688	80	39
38858	6.16137	371	132
3886	5.35425	1408	443
38860	4.48889	36	17
38862	6.97058	2458	712
38863	7.081	1927	523
38866	6.04613	103	37
38868	6.31	75	37
3887	6.17365	324	131
38870	7.39277	101	60
38872	6.72895	993	393
38873	6.43657	406	160
38877	7.87447	188	106
38881	7.07674	43	25
38886	6.45368	95	35
3889	5.19494	160	65
38897	5.61139	225	81
389	6.03935	291	102
38904	6.4866	235	94
38918	6.00981	269	58
3892	7.03846	39	20
38923	6.7918	122	79
38924	5.86438	153	62
38929	7.74	30	11
3893	7.34657	450	147
38931	6.55698	606	195
3894	5.64151	53	32
38944	6.33985	195	50
38949	5.63661	180	57
3895	6.99458	397	169
38950	5.40843	244	82
3896	5.66	30	13
38975	6.51438	73	38
38980	6.5489	292	145
38981	5.4812	184	59
38984	6.20811	1411	359
38986	7.52641	156	75
38991	5.16	40	17
38992	6.87535	2145	639
38996	7.63221	2446	867
39	5.29583	108	61
39007	6.89623	53	29
3901	6.94476	84	82
39019	7.78348	227	124
39020	6.14388	139	38
39029	5.82294	143	60
39034	6.27647	68	33
39045	6.41341	246	91
39066	6.58947	190	121
39067	7.33962	53	35
39070	6.15102	98	21
3908	4.05645	62	39
39080	5.80576	203	88
39084	5.93581	124	41
39087	5.91447	38	24
39088	6.32662	532	131
39089	6.7975	40	19
39095	6.10851	188	43
391	4.77083	48	14
3910	5.34338	201	82
39104	6.36667	30	19
39124	6.48235	34	3
3914	5.59107	168	77
39145	4.86458	48	29
3915	5.36184	38	27
3916	6.35833	36	31
39169	6.99485	136	128
3918	5.77317	41	20
39180	5.59103	156	59
39188	8.10986	514	221
39189	7.7875	68	45
3919	5.00362	43	38
39192	4.92463	67	21
39193	5.32143	42	15
392	6.36209	1158	564
3920	6.125	44	13
39206	6.40568	3524	967
3921	5.66872	442	231
39210	6.37163	227	102
39217	7.63897	940	403
39219	5.97143	140	46
39232	7.08231	311	169
3924	5.64	169	87
39242	6.56527	1400	473
39245	5.8631	84	12
3925	6.20183	109	63
39252	4.92424	33	12
39276	5.03125	48	16
39279	6.825	40	21
39290	6.48704	81	48
393	6.61792	413	207
3931	6.71763	3146	1121
39312	4.96365	63	30
3932	6.34057	106	50
39320	4.45377	53	26
39324	5.7285	271	67
39328	7.95189	258	144
39331	8.69347	49	19
39332	6.20273	484	119
39336	7.86683	418	72
39339	6.73802	3781	1367
3934	4.59337	458	237
39342	4.71238	118	28
39345	7.20638	141	83
39351	7.33369	5503	1487
3936	5.91005	189	142
39372	4.16491	53	21
39375	5.94176	91	53
39382	6.06954	83	53
39383	6.64584	346	186
39389	5.39722	36	10
394	6.62512	8841	2165
39406	6.26619	214	75
3941	5.39404	151	74
39415	5.10493	138	45
39426	7.74091	44	28
39431	4.98	33	18
39435	5.875	32	12
3944	4.21212	33	16
39447	5.6175	80	30
3945	6.26234	313	137
39451	6.40667	30	4
3946	5.85625	48	19
39463	7.53737	28836	5851
3947	5.69908	372	142
3951	5.66571	35	42
39515	6.89583	48	23
39527	6.45455	44	18
39530	6.68939	46	24
39534	6.77055	219	40
39536	6.63171	82	35
3954	5.7968	219	116
39545	6.4027	37	43
39549	5.53191	47	14
3955	6.50794	27833	5987
39552	5.22573	96	49
39564	5.38815	498	68
39565	6.2849	149	87
3958	5.65992	129	55
39587	5.86277	47	11
396	6.00664	113	44
39635	6.40969	281	136
39636	4.34118	34	18
3965	6.24437	151	82
3966	6.31154	247	83
39662	4.20517	58	27
3967	7.02738	933	281
39683	7.37562	10248	2669
39684	7.04099	2601	750
39699	5.7833	289	91
397	5.93687	521	271
3970	6.03523	88	61
39704	6.50392	102	64
39708	7.51613	31	15
39710	6.20203	202	88
3972	6.74947	1490	497
3973	6.62162	74	17
39745	6.6871	31	24
3977	6.38482	174	83
39778	4.64516	31	14
39787	6.04298	57	50
39789	4.52704	54	24
3979	6.03837	86	33
39798	5.80343	309	115
398	6.64277	2870	1334
39802	5.68943	176	90
39813	6.56529	1276	312
3983	5.83333	36	14
39832	6.57664	746	304
39834	5.77848	79	49
3985	6.99012	81	41
39856	7.24135	54525	8570
3986	7.16007	555	358
39862	6.21295	307	86
39872	5.71487	284	83
3989	6.08111	45	18
39898	5.01635	52	28
399	4.24096	219	114
3990	3.80076	660	236
39914	5.70507	235	101
3992	7.34053	223	134
39927	7.08581	989	362
3993	6.06573	89	60
39932	7.49752	242	127
39938	7.2397	6894	1747
39939	8.6066	106	55
39940	8.67821	78	34
39941	7.31244	225	103
39953	6.82726	6089	1400
3996	5.51286	35	28
39976	7.05125	56	35
3998	6.006	150	70
3999	5.7422	41	23
39994	6.07953	236	63
39998	6.12222	45	19
4	6.60123	341	118
40	6.75147	268	163
400	5.33028	142	42
4000	5.72041	98	55
40001	5.85081	62	15
40004	6.45006	162	45
40005	6.42805	82	33
40006	6.47273	33	14
4001	6.81324	503	176
4004	4.25425	266	133
40072	5.64286	35	12
4008	6.77791	335	270
40083	5.77051	85	23
4009	6.48477	197	132
40092	5.97632	38	3
401	6.4535	157	57
4010	6.70526	38	29
40102	6.82812	32	23
40107	7.09011	472	282
4011	6.93043	69	66
40115	5.56	80	24
4012	6.48718	39	36
4014	6.89147	334	151
4015	6.58182	55	39
4016	7.4225	52	48
4017	6.5	58	48
40171	6.07561	41	11
40182	6.57514	160	52
40198	6.0001	59	26
4020	6.54696	115	53
40209	7.99509	939	372
4021	6.05091	110	103
40213	6.09885	369	111
40214	6.26414	1726	622
4022	5.75	52	23
4023	5.46859	251	97
40234	6.25993	448	131
40235	6.02908	727	248
40236	5.38453	75	38
40237	6.71676	2137	693
40238	6.01148	135	46
40243	7.63223	139	65
40247	5.43506	77	19
4025	5.55381	42	29
40251	5.85114	431	144
40258	8.14604	134	100
40270	6.90811	2953	775
40276	6.62846	598	264
403	6.15185	1827	723
4031	5.9567	312	135
4034	4.9	40	17
40347	5.0275	318	70
4035	4.65958	823	287
40350	4.1703	33	9
40352	6.1431	58	19
40354	7.97942	2971	896
4036	5.82065	92	83
4037	5.41755	151	111
40370	6.34477	258	75
40376	5.46456	57	20
4038	4.65048	42	19
40381	6.63118	1947	697
40385	7.14706	51	45
40386	5.12727	33	13
40388	5.8125	40	6
40393	6.57718	3147	957
40398	6.28629	9465	2207
404	5.86702	962	326
4040	5.34105	2457	767
4041	4.61692	323	155
40411	7.18358	67	14
40416	5.71977	172	61
40417	5.62963	162	45
4042	4.98529	34	21
40421	4.98595	153	58
40425	6.58831	1562	429
40432	6.20735	806	185
40433	5.21429	42	12
40440	5.90819	116	64
40444	6.43979	1515	463
40446	6.9	55	24
40455	7.47487	69	50
4047	6.98261	454	262
4048	6.04167	84	52
40480	5.36388	116	24
40483	6.20139	423	106
4049	6.03812	101	58
40491	6.50076	315	78
4050	6.67211	587	352
40503	5.24524	225	97
40507	5.27343	102	30
40508	5.12323	1569	477
40514	5.102	75	24
4052	5.90878	483	167
40529	7.20621	1014	269
40531	6.40805	1296	442
40550	6.69778	239	63
40559	5.23077	65	8
40561	6.73654	156	42
4058	5.10417	72	49
406	5.49653	101	34
4060	5.93681	91	52
40602	6.07155	116	32
40603	7.58129	363	169
40609	6.18644	59	16
40617	5.57645	55	16
40619	6.1069	87	42
4062	4.96351	273	97
40628	7.06332	6984	1715
40629	5.53425	540	195
40638	6.26031	257	97
4064	4.4	46	26
40651	5.61842	190	78
40653	6.00811	37	22
40654	5.45091	55	22
40656	5.44	80	42
40657	6.14622	30	16
40667	6.2169	243	97
4068	4.30986	71	41
4069	5.42656	64	23
40692	7.246	64580	10129
4070	4.72727	55	30
4073	5.02857	35	22
40759	6.42579	224	57
4076	5.37125	200	75
40760	6.633	2713	868
40761	6.24813	662	214
40765	7.61279	5345	1351
40766	7.34189	37	21
40767	4.54722	36	10
40769	6.79257	1937	520
4077	4.61623	932	259
40770	6.56866	1461	468
40773	5.95155	193	47
40774	6.0675	52	22
4079	7.11506	346	179
40793	6.85807	7037	1639
408	5.50249	289	130
40800	6.1645	183	52
40801	5.66134	119	38
40803	7.31081	37	18
40808	5.57086	35	4
4081	5.03125	32	18
40816	6.29256	395	167
40819	6.16119	134	102
4082	6.01	50	29
40823	6.4507	85	58
40830	5.97412	199	60
40831	6.54178	1455	426
40832	6.6767	1640	425
40834	7.70967	31226	4277
4084	6.22563	135	85
40843	6.04279	277	85
4085	6.65361	263	185
40851	5.06606	177	64
40853	5.55594	144	24
4086	6.99131	236	149
4087	6.89412	68	61
40871	5.57288	382	138
409	4.82031	64	25
4090	7.30112	578	259
40908	5.47241	58	9
4091	6.4326	227	84
4092	5.7147	79	37
4093	5.76955	66	35
40935	6.38386	429	144
40938	5.70789	38	24
40941	6.57824	301	114
40943	5.8087	46	17
40949	6.06067	225	60
4095	6.12205	4772	912
40958	5.67858	162	51
4096	5.53378	188	84
40961	5.66575	127	53
40962	5.97345	200	70
40964	5.87119	59	14
40966	5.36522	46	11
4097	5.71635	52	28
40974	4.96017	80	15
4098	7.79549	9441	2829
4099	7.04889	2983	1096
40990	6.61527	2379	697
41	6.85444	14498	3834
410	5.97525	80	36
41002	7.23316	4361	1018
41003	6.43751	1198	330
41004	7.35802	81	54
41006	7.27988	83	33
41010	6.69981	3573	1008
41017	4.96898	88	22
41019	5.79024	383	120
4102	6.84044	339	169
41021	5.80718	85	34
41032	6.04944	178	82
41033	7.10756	168	106
4105	5.35101	149	61
41052	6.47435	783	188
41054	5.96755	245	92
4106	6.53334	293	127
41065	6.19111	45	26
41066	8.04842	1592	518
41068	3.14894	47	23
4107	5.98136	118	56
41090	7.27312	209	117
41095	5.43264	246	83
4110	4.14763	118	45
41100	6.998	180	122
41107	6.0375	60	24
41114	7.26526	37370	6382
4112	6.71566	736	308
41123	5.95976	266	92
4113	6.86883	162	93
41148	6.12422	64	7
41149	6.62449	98	32
41152	5.41274	51	19
4118	5.53693	63	35
41185	6.53636	88	14
41186	5.58477	1019	260
41189	4.40708	48	20
4119	5.5	105	60
41190	5.20625	40	16
41198	6.65692	65	24
412	6.20909	44	16
4120	7.35463	65	29
4121	7.08224	107	63
4122	4.86385	526	147
4123	5.56627	292	134
41239	6.93709	440	96
4124	6.70746	63	56
41243	7.03091	127	75
41247	6.03117	154	49
4125	6.14018	168	116
41259	5.0244	542	181
4126	4.6712	125	105
4127	3.69421	177	83
4129	5.29032	31	22
41291	6.17671	316	69
413	6.04029	139	44
41302	6.74421	1146	399
41305	6.33134	67	22
41310	5.45227	44	27
41311	5.99588	194	31
41326	5.98039	51	22
41329	6.06275	51	15
41334	5.20141	160	66
41354	6.32387	31	8
41372	5.81809	528	211
4139	5.83333	75	47
414	5.9991	300	111
4141	6.15595	153	73
41428	6.74167	39	15
41429	7.74423	632	323
4143	4.8009	5111	1399
4146	6.30777	206	165
4147	6.03824	34	22
41474	7.12075	318	112
4149	3.55623	802	293
41490	7.47963	480	220
41493	6.22909	417	134
41496	5.79894	170	79
415	6.16667	36	11
4150	5.28974	151	56
41518	3.86129	31	16
4152	5.45	46	25
41529	6.47368	38	17
41532	5.76525	59	12
4154	6.11878	1357	405
41541	5.04015	713	285
41569	6.49851	1525	507
4157	4.35484	31	18
41573	5.59691	162	44
41585	6.00603	184	75
41587	6.09904	52	9
416	6.10249	241	103
41604	7.6	35	25
41612	6.8748	248	147
4162	5.24373	179	102
41624	7.7553	66	39
41627	7.35854	908	396
4163	6.24878	41	32
41636	6.33841	1060	356
41646	5.36985	136	58
4165	3.95813	128	87
41658	6.17959	668	171
4168	5.90924	737	411
417	4.46997	351	172
4171	5.92453	53	26
41712	6.28914	35	2
4172	6.05691	152	116
4173	6.7322	617	355
4174	6.33766	2921	775
41749	7.41252	980	338
4175	5.37065	92	47
41757	6.04096	142	68
4176	7.89111	45	24
41762	6.38163	587	193
41763	6.97844	141	31
4177	5.87945	73	36
4178	6.58451	91	89
41783	5.48644	118	29
41788	6.38636	33	36
4181	4.92683	41	23
41833	5.88638	1763	444
41834	5.54882	85	41
41835	5.61336	877	267
41837	7.34071	122	44
41844	5.88562	80	22
41849	6.92456	114	55
4185	5.60606	33	20
41857	4.01471	34	6
41860	5.7	138	37
41863	6.9115	2431	614
41875	6.51951	264	69
41878	6.56786	42	25
4189	4.14819	83	45
41890	5.47987	154	47
41894	5.35938	32	7
41898	5.51205	112	35
41916	6.82343	5250	1177
4192	6.64765	2381	730
41933	6.83243	3073	815
41934	8.00462	131	63
41955	5.5	51	7
41958	5.30771	34	19
4196	6.05398	113	76
4199	6.82449	49	47
41995	5.51982	55	23
42	7.69636	26160	6657
420	6.58987	1586	682
4200	7.21302	169	88
42006	5.557	100	37
4201	7.11447	159	83
4202	7.0807	114	50
4204	7.75181	391	182
4205	8.01749	202	87
42050	4.75971	520	45
42052	7.47784	4585	1012
42057	6.70594	101	77
4206	7.73605	308	136
42062	5.21585	41	16
42066	5.81761	88	23
4207	6.65198	227	162
4208	5.99635	159	141
4209	6.60529	2031	603
421	7.86739	4973	1652
4210	7.53239	292	118
42101	7.59571	70	26
42105	6.35787	334	49
4211	7.56363	369	142
42111	6.2146	865	335
42112	6.724	175	74
4212	7.63276	356	147
42124	7.28365	1190	421
4213	5.65974	366	145
42131	7.24881	118	38
42132	5.15216	185	77
4214	7.73694	318	141
42142	7.98021	280	169
4215	6.14553	123	78
4217	6.27972	106	93
4218	6.61294	2153	890
42188	6.12241	58	20
4219	5.47117	157	44
42195	6.01072	152	43
422	7.0465	711	252
42206	6.06076	506	182
42207	6.02235	170	69
4221	5.54262	294	145
42215	7.10794	11138	2492
42216	6.41163	86	23
4222	6.90345	87	56
42227	5.98243	37	11
42244	6.25058	1065	317
42255	7.29153	59	42
42256	6.72	47	42
42257	7.30588	34	15
42259	3.98376	36	29
4226	7.25966	176	121
42275	6.53125	32	27
42279	6.09667	60	33
4228	6.84116	198	126
4229	5.23416	624	255
423	7.50765	1271	493
42306	7.25783	351	100
42309	6.14333	30	11
42311	6.14286	35	10
4232	5.78333	66	53
42328	7.31023	345	168
42336	6.00533	75	32
4234	6.64245	106	88
4235	6.30988	167	99
42352	5.82242	66	79
4236	6.23778	185	95
42360	5.64706	153	66
42361	7.20049	103	58
42368	5.40213	141	62
4237	5.9881	42	28
42380	5.43441	93	47
4239	5.89516	62	47
42396	7.57149	114	45
424	7.43208	983	375
4240	4.50952	84	74
4241	7.29466	103	79
42415	8.50476	42	28
4242	4.99213	127	85
4244	7.06289	194	116
42444	6.28427	691	270
42448	5.91755	815	180
4245	6.18868	53	29
42452	6.78548	5784	1301
42453	6.01905	42	17
4246	6.22667	30	20
4247	5.8678	59	41
42470	6.17966	59	16
4248	5.5641	39	33
42487	6.79455	4064	951
4249	6.4368	2025	845
42490	6.4749	719	217
42493	5.84459	109	55
42498	6.51803	61	47
42499	6.5	41	12
425	6.1562	149	68
4251	4.16154	65	38
4252	6.30097	103	96
4254	6.67433	90	90
42542	5.09062	32	15
4255	6.92952	250	151
4256	6.69841	63	40
42560	6.99188	256	135
4257	5.435	144	83
4258	7.43597	337	164
4259	5.95364	44	42
42591	6.79808	52	30
426	6.56667	381	199
4260	5.29057	35	17
42617	6.02615	221	168
42636	5.58558	104	28
42641	7.1098	51	33
42644	5.64651	63	10
4265	7.36905	42	32
42651	6.95335	194	138
42660	7.3	48	47
4267	4.85135	37	37
42673	7.72124	942	331
4268	5.61486	148	73
42685	5.77489	139	52
42686	4.70104	48	21
42688	6.17507	231	117
42691	5.45099	201	50
427	5.9734	1143	367
4270	7.06992	128	96
42702	5.72606	340	34
42704	6.61929	70	28
4271	5.85333	60	39
42713	6.3486	285	130
4272	5.76515	66	29
42727	7.07467	75	25
4273	5.91667	84	42
42731	8.05551	118	58
42743	6.60756	1015	319
42748	7.15077	65	41
4275	7.28954	172	81
4276	6.34466	103	89
42776	7.4627	4828	1180
4278	6.58607	183	102
42783	6.88182	88	52
42789	6.55385	65	31
4279	5.40909	286	53
428	5.89167	228	71
4280	5.0625	40	25
4281	5.65173	202	82
4282	5.37231	410	172
4285	6.48382	34	34
4286	6.84709	613	238
4287	6.54229	214	106
4288	7.23371	132	74
42881	6.41553	103	66
42882	6.71429	35	18
4289	7.32937	126	56
42892	5.47416	616	275
42897	6.82889	45	35
42898	6.40425	1257	426
429	5.87436	234	81
4290	7.13163	49	29
42901	6.51061	66	23
4291	7.47108	102	47
42910	7.11467	2790	856
4292	7.57174	115	52
42920	5.33722	171	72
42929	7.23319	396	156
4293	6.92468	77	45
42939	7.06345	858	255
4294	6.61282	78	47
4295	6.44444	36	26
4296	6.68	50	33
42968	4.52443	127	57
42969	5.50278	162	72
4297	5.59121	91	51
4298	6.00192	52	34
42980	5.60292	240	117
4299	5.61803	61	44
42997	7.77333	219	110
43	6.58402	370	121
430	5.97516	153	53
4300	6.08929	84	53
43015	7.6828	12661	2636
43022	6.96604	2901	842
43023	6.41473	112	42
4303	5.97024	42	29
43041	5.80158	146	35
43042	4.96452	31	9
43043	5.04278	54	17
43080	6.04146	41	19
43096	7.69333	33	18
431	6.44428	987	408
4310	5.3175	76	56
43110	7.08333	42	9
43111	7.67536	14674	3022
43136	6.2255	200	96
43152	6.82031	1657	516
4316	6.08395	81	52
43167	5.66512	43	11
43168	5.84663	193	79
43169	6.992	50	10
4317	5.92842	152	67
43171	4.87431	137	31
4318	6.17526	390	171
4319	5.41866	67	56
43196	7.26104	85	50
432	6.92954	22954	4951
4320	6.55472	53	38
4323	6.05683	271	149
43231	5.54955	112	33
43233	5.10727	55	21
4324	5.90572	4519	1143
43245	7.05675	120	57
43249	6.00694	602	298
4325	5.33424	92	79
4326	5.24021	93	21
43264	6.31197	771	223
4327	5.74352	369	139
4328	5.86038	260	98
4329	5.53467	243	87
43295	6.22727	33	10
433	6.63752	1278	491
4330	6.16458	280	133
43307	7.17408	628	295
4331	6.12429	266	84
4332	7.35761	46	19
43320	6.49648	583	195
43332	6.94643	70	35
43340	4.4005	67	19
4336	6.28036	84	66
43365	6.61803	259	127
43393	6.49345	119	59
434	5.77558	530	139
4340	5.51829	41	28
4342	7.51408	103	51
4343	6.95174	86	39
43443	6.65141	14840	3592
4345	4.36667	45	21
4346	7.07429	210	141
43486	6.43167	30	23
43489	5.65638	94	34
4349	6.43117	77	63
4352	5.82763	219	122
43526	7.45699	167	95
43528	7.24958	4754	953
4353	5.3225	80	49
43530	6.11595	700	74
4355	5.31977	704	170
4356	6.19587	752	343
4357	6.72871	101	52
43570	7.13639	17929	3848
43578	6.33872	955	253
4358	5.91058	613	316
4359	6.34648	128	78
436	6.2503	783	292
4360	5.69462	65	52
4362	7.18347	118	68
4363	7.55122	82	40
4364	7.34635	96	47
4365	5.3	35	46
4366	6.73755	94	69
4367	3.70518	222	111
4368	7.23784	185	98
43691	6.44477	451	252
43693	6.11793	87	68
437	6.29325	2552	738
4370	6.60466	1002	398
4371	4.47931	29	18
4372	5.50351	57	21
4373	4.76575	73	57
4374	5.26684	95	52
4375	6.01342	285	77
4376	5.14638	370	157
43775	6.0	31	9
4378	3.38712	953	405
4379	6.14304	79	55
43799	5.37	35	41
438	6.51223	15056	3523
43801	7.47297	64	38
43802	6.60882	34	28
4381	5.25825	80	76
4382	5.16993	162	68
4383	5.18333	33	13
4384	5.10357	112	51
43845	7.62644	87	41
43856	6.24577	97	28
4386	6.37965	226	104
43868	6.59833	4710	1495
4388	6.31856	467	227
43890	4.99895	95	31
4390	7.12771	11739	3200
4392	6.12606	33	16
43927	5.71118	144	34
4393	5.78983	59	22
4394	6.57081	2318	786
4395	5.79418	736	302
4396	6.65143	3715	1385
44	6.4559	1602	653
440	6.38127	292	99
4401	6.38673	564	235
4402	5.51801	176	70
4404	5.072	50	35
4405	5.33544	79	41
441	6.39498	706	243
4410	5.85526	38	22
44125	6.74327	52	33
4413	6.07752	109	62
44163	6.84807	5877	1314
442	6.7988	2248	697
4421	6.17054	224	115
4424	6.18782	959	352
4425	6.0636	414	185
4426	5.55789	38	15
4427	5.97965	199	46
443	6.72097	2004	682
4431	5.48226	31	14
4433	4.84762	42	23
44338	6.30951	163	44
4434	6.26304	46	30
4436	6.83522	115	93
4437	6.02831	83	34
4438	5.24516	31	17
444	6.31558	1792	727
4441	5.27941	34	20
4442	5.24768	133	58
4443	4.81667	30	8
4445	5.68518	108	45
4449	6.6754	126	107
445	5.78564	220	77
4450	5.77593	54	68
4453	7.02378	296	134
4454	6.55104	403	179
4455	6.47714	35	19
44558	6.04504	262	102
4456	4.80185	54	36
446	5.69274	248	106
4460	5.07649	57	44
44614	6.16217	304	102
4470	4.94566	173	78
4471	6.15713	2134	818
44715	6.28833	36	7
4472	6.33719	72	29
4473	5.55217	69	26
4476	4.33455	110	27
4477	5.20171	117	56
4479	5.79146	240	105
4485	7.25112	134	71
4486	5.4256	50	29
4488	6.02336	1604	656
44890	7.14661	174	95
449	6.15332	271	125
4491	6.40763	3670	1263
4492	5.21008	1328	355
4493	6.43575	522	158
4494	6.38344	93	73
45	6.90368	13225	3723
450	6.72365	327	158
4500	6.47843	102	70
4502	5.37835	97	56
45020	6.22294	112	97
4503	6.60652	46	15
4505	6.80943	761	257
4508	5.12656	32	21
4509	5.25752	113	59
451	5.8925	40	14
4510	7.24301	93	40
45134	6.11687	1870	671
4516	5.77863	124	93
4518	5.98974	78	35
4519	5.29962	130	40
452	5.07619	185	112
4522	6.50286	397	166
4529	6.1844	2079	915
45315	7.3835	13170	2780
45319	6.04957	291	115
4532	6.2085	486	174
4537	6.17561	41	12
454	6.18419	136	60
45437	5.4093	43	15
455	5.67	90	45
4550	6.67043	524	257
4553	6.37721	1086	468
4554	6.05893	56	39
4555	5.56719	96	22
4556	6.67416	730	344
4558	5.45786	159	76
4559	4.59	50	47
4560	5.12108	37	21
4561	5.23538	65	13
4562	6.4689	576	222
4567	4.38354	79	38
4568	5.56641	80	21
457	5.87424	132	43
4570	5.91818	66	29
4574	6.59167	48	21
45748	7.0229	1151	287
4577	4.91935	31	26
4578	4.99073	100	74
4579	5.82456	57	10
458	6.19753	567	201
4580	5.7356	100	24
4583	6.86701	979	292
4585	5.86765	34	23
4586	5.38889	45	18
4587	4.67841	270	89
459	6.86566	242	104
4593	5.91264	91	44
4596	4.86383	47	13
4597	5.33689	206	98
4598	5.45663	173	68
45986	7.14689	3400	978
46	7.15669	7454	2326
460	6.69794	392	168
46007	6.87838	921	356
4604	5.95959	479	113
4606	5.59379	450	263
4607	5.87619	42	29
461	6.32242	194	71
4610	5.93215	1348	475
4611	6.00033	34	11
4613	7.35675	114	53
4614	5.45278	36	23
46147	5.42443	221	32
46158	7.26106	499	71
4616	7.23187	661	305
462	5.52269	119	39
4620	6.06119	59	29
4621	5.81071	42	27
46213	7.39635	14122	2371
4623	5.92414	87	61
4625	6.02955	44	12
46255	6.65401	2637	844
4627	4.52703	37	30
463	7.53558	34402	7164
46323	6.81267	288	135
4634	4.82258	31	13
4636	6.5584	4940	1631
46362	6.23938	339	122
46369	6.1656	84	19
4637	6.50126	436	230
46396	7.10188	1624	315
464	6.87128	823	276
4641	4.50421	66	24
46410	6.42147	177	57
4642	7.29179	195	138
46422	6.36515	383	120
4643	6.73919	217	92
4646	5.67333	105	53
4649	5.41818	44	27
465	6.29683	63	19
4650	6.73351	39	30
4651	6.06527	465	263
46530	6.1938	258	82
4654	5.44706	51	18
4655	5.41146	48	37
4657	8.01282	110	53
46586	5.30378	249	88
4659	5.89082	413	165
466	6.5924	3148	754
46614	6.83892	130	51
46669	7.95203	123	92
4667	6.61771	276	139
4668	6.2239	210	106
4671	6.0649	208	87
46743	5.20653	136	58
46744	4.79974	189	82
46745	5.1426	250	87
46746	5.14291	141	51
46747	4.68042	189	79
46748	4.57819	182	81
4675	6.0303	66	64
4676	5.43692	65	67
4677	6.49881	42	39
46782	6.31151	822	336
4680	5.75929	70	71
46800	5.68169	71	23
46807	6.19498	1768	566
4683	6.46513	76	56
4688	8.06684	475	251
469	6.10426	129	68
46925	6.19922	64	17
4693	3.95088	57	19
4694	4.55278	144	71
4695	5.70281	32	10
46957	5.71408	206	105
4696	5.02176	125	81
46991	7.04545	33	19
47	7.35387	9100	2437
470	6.17035	259	126
47046	6.73471	600	147
47055	7.37575	1531	670
47082	5.41901	860	340
471	5.49587	121	35
47125	6.65708	89	10
47130	5.88627	161	49
47158	6.436	50	35
47170	4.87447	47	17
47185	7.22769	5775	1177
472	6.7303	2710	940
47218	6.08247	336	96
4724	3.25684	228	117
47258	5.40781	64	29
473	6.57758	252	81
4735	5.21932	44	19
4736	4.7303	33	20
4738	5.66316	38	18
474	6.13739	226	110
4740	6.30811	37	23
47408	5.92193	114	42
4741	7.29146	1032	297
47414	6.59891	46	48
4745	5.44815	162	90
4746	6.01919	344	170
47462	5.58432	221	73
47484	8.23769	39	19
475	7.2766	7257	2260
4753	6.17193	822	344
476	6.60786	318	175
4764	6.0306	116	54
4769	6.85448	268	158
477	6.43512	121	60
4770	5.11734	120	99
4772	6.11719	32	31
4778	6.27534	73	15
4779	4.99124	201	118
478	7.07884	50194	9961
4780	5.78553	190	61
4781	4.94599	162	53
4784	5.99	76	29
4788	5.195	60	37
4789	5.60464	390	110
479	5.89771	131	56
4790	5.29545	66	32
4792	4.00526	639	249
4794	5.94874	119	65
4797	5.10909	55	29
4799	5.67308	119	67
48	6.09072	717	245
4802	6.38399	98	67
481	6.82406	3470	1100
4810	5.26538	39	27
4812	3.914	50	34
4814	5.64848	66	26
4815	6.16955	154	154
48154	5.57812	32	12
4816	5.77132	486	211
482	5.54634	408	161
483	7.04075	12447	4329
4831	6.81822	213	139
4834	4.46721	61	30
4839	6.77775	260	162
484	5.7957	728	355
4842	6.1379	135	66
4843	5.8717	53	38
4845	4.80072	536	239
4849	5.3898	49	25
485	5.77522	1023	385
4851	5.90857	70	52
4852	5.04794	184	156
4853	5.57406	835	336
4854	7.24873	406	182
4855	5.96212	66	19
486	5.70386	228	140
4861	5.79872	78	39
4862	5.818	1808	513
4864	5.51219	1473	404
4866	5.38143	70	50
487	6.01279	262	106
48726	7.39804	14492	3589
4874	6.51994	78	50
4877	6.37312	93	43
4878	6.45327	49	30
488	6.05	62	25
4881	6.56626	179	87
4884	7.76507	146	104
4885	5.32213	61	38
48863	7.52326	86	22
48867	5.8566	50	22
4888	4.7388	1182	391
4889	5.05276	127	60
489	6.1501	98	41
4892	5.65006	176	104
4893	5.36822	101	26
4894	6.35981	53	20
4897	5.22609	46	27
48979	5.92622	1309	215
49	6.4711	5818	1452
490	7.71165	263	200
49010	4.73952	84	36
4902	4.7051	98	51
4903	5.575	40	17
49038	7.40588	34	10
4904	4.64516	31	21
4907	4.91458	473	178
4909	5.69203	133	64
49096	6.87826	46	30
491	7.30269	3402	1103
4910	4.54203	403	189
4912	4.91389	36	11
4914	6.58858	120	67
4915	6.75508	118	61
4916	6.60069	146	81
4917	6.7225	80	53
4918	6.81217	115	69
4919	6.68512	84	58
492	6.9037	3133	1169
4920	7.19727	311	120
4921	7.27512	287	119
4922	5.31106	216	93
4925	3.5514	50	23
49261	6.22877	227	47
49276	6.92673	368	205
4928	6.26221	489	148
4930	5.33103	29	13
4933	4.80645	62	36
4934	6.10204	369	222
4935	6.10899	89	51
49391	7.28452	42	14
49392	7.418	50	16
49394	7.44043	47	20
49396	7.09355	62	27
49397	6.91738	61	38
49399	7.18727	55	26
494	6.6287	4466	1512
49400	7.11587	63	23
49435	5.63774	230	74
49454	5.50886	79	22
4948	5.74125	48	24
495	5.57638	254	104
4951	5.0303	33	11
4952	5.32558	86	30
4953	5.81755	821	347
4957	6.2125	40	15
4958	7.11413	324	148
4959	6.51711	149	70
496	4.20667	30	10
4960	6.65934	91	47
4961	5.98257	306	172
4962	5.84166	271	180
4964	7.21273	55	48
4967	6.18048	105	48
4968	5.76292	65	37
4969	5.83096	52	31
497	5.93193	610	220
4970	6.84167	60	34
4971	6.6375	40	34
4972	5.60417	36	24
4974	7.10629	302	181
4975	6.33731	197	99
4976	4.97944	42	24
4977	6.90723	83	45
4978	6.5753	152	50
4979	5.75414	133	52
4980	6.22476	313	156
4983	5.8126	119	41
4984	6.70361	498	247
4985	7.23031	455	174
499	6.36418	378	168
4991	6.05047	390	172
4997	5.63421	76	22
4999	5.37714	35	16
5	7.33797	18721	5861
50	7.19021	39535	9243
500	5.94915	59	21
5000	5.60606	33	20
5001	6.13462	117	45
5002	5.64184	152	70
501	6.19565	46	16
5011	5.55937	32	24
5012	5.54063	143	73
5014	5.91877	439	117
5015	4.16085	340	127
5018	4.56402	82	34
5019	5.76727	55	33
5021	6.27012	251	156
5023	6.71494	87	65
5026	5.41071	56	35
5028	4.59046	65	22
5029	5.23299	555	174
503	7.07634	13104	4009
5030	5.82381	42	21
5031	4.14	40	21
5034	6.77581	217	126
5035	6.32218	349	234
50356	6.0325	48	14
5038	6.85104	96	56
50381	5.86165	24643	4836
5039	5.56565	115	68
504	6.06596	141	48
5040	4.30238	42	32
5041	6.97586	145	49
5042	7.20755	159	90
50444	4.16216	37	15
5045	7.32794	68	55
50458	5.26867	150	34
5048	3.1848	4239	1546
505	5.70327	107	46
5050	3.36039	607	262
5051	5.04103	78	58
5052	6.41603	78	51
5054	5.88451	71	42
5055	6.39778	45	40
50560	6.44082	49	22
5057	5.69762	42	46
5058	7.29084	71	46
5059	6.21548	42	26
506	5.8836	492	178
5060	6.89754	142	78
5065	6.59515	103	35
5067	5.46136	44	14
507	6.9834	172	79
5071	6.78568	333	99
50719	6.3534	200	24
5072	7.05447	1674	429
50750	7.22987	6088	1524
50764	7.13472	72	39
50768	7.18461	2644	669
5077	5.63433	67	47
508	7.11934	812	314
5082	6.22251	235	74
5084	4.94872	39	25
50849	4.45433	352	172
5086	5.66771	384	198
50862	5.95472	229	84
5089	5.60851	47	20
509	5.69317	753	306
50912	5.44136	220	39
50995	5.75714	35	31
51	7.01437	8296	1913
510	5.68267	214	78
51008	3.72085	47	16
51067	5.94128	109	19
5107	6.16689	122	78
5108	4.85484	31	13
511	7.10227	1033	485
5116	3.02719	32	34
5118	5.9621	30	31
51195	6.89007	141	57
51197	6.28381	105	56
51199	7.31429	35	31
512	6.61051	39	28
5120	6.09592	71	46
5121	5.16327	49	26
5122	4.989	522	166
51250	6.95159	63	21
5129	3.98398	118	35
5130	4.68064	1340	376
5134	6.06238	42	25
5135	5.66178	418	168
5136	6.33647	85	53
51367	5.72368	38	15
5137	5.62184	38	27
514	6.05962	527	192
51401	6.69111	45	19
5142	6.7879	157	133
51429	7.66571	35	11
5143	6.77577	97	41
5146	6.38238	101	38
51495	5.84767	30	22
515	6.90602	248	115
51505	5.11854	32	19
51512	4.27419	31	11
5156	5.73605	43	24
5157	6.57621	195	81
5162	6.1266	94	50
51624	6.10254	59	16
5165	5.55263	38	14
5166	5.04918	122	43
5167	6.01222	74	26
5171	7.05425	153	89
5172	6.29143	105	55
5173	6.41139	79	57
5174	5.8995	40	19
5177	5.91718	262	61
5178	6.31649	185	99
5181	5.12171	76	58
5182	6.54771	109	75
5183	6.56589	129	65
5185	5.91283	71	51
5186	6.10229	131	57
519	5.83319	113	68
5193	5.95789	76	49
5194	6.48438	48	44
5195	5.93371	858	256
5197	6.24022	46	26
5198	6.30806	62	45
5199	6.16533	75	52
52	6.1699	516	192
520	6.51121	2489	735
5200	6.41507	73	44
5201	5.868	50	50
5203	4.8175	80	57
5204	5.13889	54	32
5205	6.99761	851	344
5206	6.95543	2729	1443
5208	5.31592	71	35
5209	5.0875	48	17
521	7.94517	13455	2931
5210	6.09194	31	15
5211	4.24528	53	41
5215	5.70732	41	30
5216	5.90541	37	25
5217	7.40149	194	81
5220	6.27625	80	37
5221	6.05333	30	20
5222	6.39213	394	180
5223	6.76774	31	20
5224	6.40455	33	24
5226	6.8	35	25
52276	5.45021	48	20
5228	6.55663	181	98
5231	5.81132	53	30
5232	4.77242	165	84
52328	7.50538	418	111
5233	7.05263	235	99
52332	6.53942	52	34
5234	4.78082	73	44
5235	6.64578	154	57
5239	6.21715	137	114
524	5.55847	347	183
5241	6.19235	226	131
5242	7.11272	114	56
5243	7.19449	193	122
5244	5.39524	105	42
52461	7.15585	4128	951
5248	4.66602	103	56
525	6.26453	117	42
5251	6.69692	276	225
5253	4.55939	165	81
5254	4.07627	59	42
5255	6.52153	367	124
52568	6.56096	344	91
5258	5.73796	529	196
5259	5.34174	639	297
526	6.45505	6701	1595
5260	4.7507	143	39
52626	5.93636	55	7
5264	6.5368	125	111
5265	5.62179	78	44
5266	5.58889	36	22
527	7.09268	3030	923
5271	5.93194	197	95
5272	5.47315	149	66
5274	7.44531	64	36
5275	6.97347	49	30
5276	6.92778	54	39
5277	6.9769	87	58
5278	6.46858	148	69
5279	7.34821	56	26
528	7.27519	4017	1296
5281	6.44581	315	132
5282	5.11	30	22
52825	6.43613	222	40
52827	6.69788	52	34
5284	3.89221	68	39
5285	4.36123	65	31
529	6.27667	30	13
5294	6.6028	161	128
5295	6.0641	39	23
5296	5.91874	427	215
5297	6.78718	390	262
5298	5.66388	594	202
53	5.96143	35	9
530	5.88182	77	22
5302	4.93333	30	13
5303	6.26806	72	30
5304	5.48947	152	68
5306	6.32257	406	193
5308	5.58181	116	49
53093	7.46637	2006	558
531	6.71387	1581	622
53103	6.37597	226	117
5312	5.47299	457	204
5314	4.20291	973	341
5316	6.62592	592	155
53168	6.69707	769	347
5321	5.97931	87	40
5322	5.8	74	31
53279	5.50375	80	29
533	5.56492	1443	509
53317	5.08769	553	165
5332	6.13052	267	120
5333	6.93434	99	60
5335	6.12987	77	72
5336	6.33856	1620	511
53373	5.02449	49	11
53376	4.99466	148	71
5338	6.07742	31	20
5339	4.31145	1601	518
534	6.40184	599	189
5343	6.302	50	27
5346	6.16534	88	52
5347	5.07543	46	32
5348	6.03676	34	36
5349	5.484	50	41
535	5.52598	184	119
5351	7.03229	144	83
5354	5.13874	111	52
53557	4.81139	79	19
5357	7.26152	232	118
536	6.46446	231	85
5361	5.10714	42	27
53624	7.21936	171	93
5364	6.824	50	21
5366	4.12903	31	14
5367	4.70712	323	167
5369	7.29721	258	100
53723	6.44898	98	23
5377	5.7623	61	25
538	6.44098	133	47
5380	6.06857	70	29
53804	5.25873	339	153
5382	5.69407	177	127
5383	6.25535	159	85
53840	6.60517	118	73
5387	4.23214	56	33
5389	7.02164	55	16
539	6.23767	802	276
5393	6.20157	593	248
5394	7.80391	115	43
53953	6.93263	10259	2297
5396	6.98485	33	32
54	7.33212	18520	4268
540	6.31389	234	65
5400	7.05	114	51
5404	7.31311	8718	2732
54043	7.50318	41215	6763
5406	6.46912	1827	703
54073	5.97151	86	28
541	7.4582	376	186
5410	7.80673	104	60
5411	6.04571	35	13
5412	4.45917	60	34
54137	6.62197	4270	871
54138	7.67499	6002	1188
5418	7.54054	37	22
5419	6.55791	825	389
542	5.52978	1154	413
5420	4.80549	91	35
54201	6.52066	167	102
54221	7.46639	147	57
5423	4.9905	121	49
54239	4.80187	107	47
5425	5.24868	404	131
5427	5.13095	42	17
5428	4.77951	122	42
5429	5.42485	33	17
5430	5.39125	160	60
54300	7.28721	86	81
54307	6.8069	1802	504
5432	2.86623	4038	1330
5433	5.31467	60	35
5435	5.49038	52	29
54361	7.49637	1032	313
5437	6.04719	89	74
54372	6.22672	240	114
5438	6.16667	42	22
54433	6.19521	672	251
5445	7.26062	354	165
54457	6.99233	73	41
5447	5.75753	275	74
5449	5.37971	69	25
545	6.70675	836	201
54501	6.72653	49	14
54507	6.2984	532	181
5451	6.76257	792	282
5452	8.03683	186	88
5453	5.99312	80	59
54541	6.5536	89	11
5455	6.42413	575	307
54559	4.80149	101	59
5457	5.28439	966	441
5459	6.6975	40	34
5460	6.18636	44	54
54604	5.76471	34	12
54625	7.53429	6834	1679
5463	5.62459	61	39
5464	6.90566	53	29
54643	6.32141	596	251
5465	5.51539	141	59
5467	6.16216	176	69
5468	5.24402	234	106
54707	6.11515	66	11
5472	5.2354	328	111
54735	6.19524	1034	250
54743	5.47115	52	15
54745	5.59231	156	55
5475	6.05618	170	128
5476	7.28327	162	86
5478	6.22488	521	186
5479	7.03836	73	51
548	6.46892	808	323
5480	6.44311	167	111
5481	6.72794	68	43
5482	6.71602	181	124
5483	6.5046	87	67
5485	6.85288	156	94
5488	6.56923	104	55
549	7.58871	93	33
5491	6.16467	150	55
5492	6.64565	46	12
5494	6.32143	84	47
5496	4.97561	41	25
54986	5.98297	91	36
54998	7.51932	18852	3458
55	4.87444	90	35
550	6.32242	1437	504
5502	6.18814	118	47
5503	6.19307	202	120
55031	6.23271	107	42
5504	6.67168	279	117
551	7.14974	3466	1408
5511	7.43291	243	87
5512	5.0	48	29
55131	7.13636	110	50
5515	6.21731	52	30
55158	6.30422	218	107
5516	6.86968	94	33
55165	6.58281	512	230
5517	5.47941	51	30
5519	6.01839	87	47
552	7.5348	2486	729
5522	5.9	136	50
55222	5.82548	146	36
55250	6.84922	64	15
55253	6.51015	1905	495
5527	5.24286	56	24
55279	5.49366	205	80
553	5.71547	4438	1174
5530	5.27632	38	18
55315	5.94655	232	63
5532	5.30714	112	65
5534	6.34496	1208	554
5539	5.66094	32	15
554	7.03431	5146	1679
5540	4.68182	33	11
5541	6.48774	106	88
55427	7.21563	3112	669
5546	4.68978	490	166
5548	7.24263	95	26
5549	7.6156	83	37
55492	5.63358	265	130
555	7.52598	14779	3908
5553	3.8	30	15
5554	5.67807	132	91
5559	6.792	175	83
55597	5.48974	835	259
556	5.25243	103	40
55600	7.35345	3826	1027
55601	6.30063	929	261
5561	5.33268	56	33
5564	4.95976	41	24
5566	4.33644	59	28
55670	7.41631	7102	1761
55679	6.36448	348	157
55690	8.60553	8068	1873
55697	6.97711	2226	674
557	5.88891	154	46
55705	6.23384	651	209
55706	5.13394	109	49
5571	7.05893	332	84
5573	7.00309	97	41
5575	6.4565	139	84
55756	6.74201	97	18
5576	6.10618	2636	866
55763	6.63446	350	75
55781	6.79193	109	72
558	6.19426	235	86
55820	5.25217	69	17
55828	6.05393	89	19
55829	7.50686	1708	390
55833	6.10274	572	132
55834	6.55099	640	205
55835	5.85374	395	103
55841	6.39741	58	25
55842	6.18926	121	61
5585	5.56036	337	119
55863	6.8107	457	163
5588	4.34194	1131	354
5589	5.8656	141	68
55896	6.18889	90	42
559	6.37002	5798	1631
5590	5.9453	117	53
5591	4.55047	129	68
55911	6.05714	368	152
55952	6.98249	916	348
55999	7.34286	35	24
56022	6.07333	102	78
5605	5.49219	32	18
5607	6.1654	237	120
5609	4.95878	49	22
561	6.1698	106	35
56128	6.13119	627	93
5614	7.36493	211	96
5616	5.10484	31	32
5617	5.02077	52	31
5618	8.7973	37	34
5619	5.70935	67	37
56195	6.4913	46	15
56197	5.73351	94	25
562	6.41656	417	130
5620	7.45425	722	347
56208	6.71429	35	37
5621	5.29324	74	35
5622	7.67325	601	313
56241	7.18856	118	60
56244	5.73871	62	12
56246	5.17759	116	44
56294	6.49551	296	73
563	6.25129	85	37
56320	6.93534	232	110
56342	5.8889	376	93
5635	7.17676	170	105
5637	6.37755	147	96
5638	5.49474	39	21
564	5.45761	92	32
5640	5.4816	125	40
56406	5.6783	135	27
56409	5.46875	32	7
5641	5.88742	948	312
56410	5.96038	106	17
5644	4.45	32	17
5646	5.40126	159	42
565	6.14291	134	36
5650	3.66744	117	57
5651	7.21493	450	243
5656	6.18406	175	117
566	6.28774	414	173
56604	6.65511	88	13
5661	4.95373	67	22
5662	5.06991	113	68
5663	4.88889	63	64
56641	7.50745	47	15
5666	4.9	35	25
5668	5.67962	514	141
56685	6.16654	104	36
5669	6.12234	47	24
56690	6.28503	171	37
56692	6.97014	6354	1467
56707	6.61042	1185	343
5675	4.64388	49	23
56758	6.46451	593	225
56759	5.77581	93	34
5677	7.2387	233	157
5678	5.82283	46	30
56786	6.73599	1204	218
5679	5.67143	35	14
56796	6.72007	563	176
568	6.16083	1790	692
5680	7.10284	275	151
56835	5.96758	422	204
5684	7.56907	390	167
56843	5.69712	52	27
5686	7.55728	158	67
5687	7.27075	147	55
5688	5.07238	42	14
56880	6.2275	288	74
56885	6.90322	770	139
56886	8.06364	55	17
56889	5.61389	54	12
5689	4.8871	31	14
569	5.84435	186	46
5690	4.55312	48	16
5692	6.74444	45	15
56931	6.87615	2072	719
56933	6.43987	1125	250
5694	6.16639	119	65
56943	6.53125	80	27
5697	5.80396	597	303
5698	7.11541	159	64
5699	6.87936	235	108
56995	7.69524	147	72
57	6.65462	410	136
5700	6.31993	153	85
5701	6.55614	57	28
5702	7.12529	87	60
57037	6.14826	172	50
5704	5.64239	322	177
57052	5.71652	528	110
5707	5.61601	168	68
57073	7.34549	286	146
5709	5.51718	368	97
571	6.24681	94	33
5711	6.38199	391	131
57129	4.5929	31	9
57139	6.21088	147	117
57141	8.05758	132	79
5715	5.42659	126	42
5716	6.68287	5833	2042
57163	6.59054	838	313
5717	4.26667	30	16
5718	6.10924	354	253
57183	6.09211	38	13
572	5.48143	70	41
57201	6.59136	110	42
57215	4.78158	114	29
5723	6.55532	47	26
57239	4.98475	40	28
5724	5.72936	126	80
5725	5.98116	146	83
5727	6.38615	65	50
57276	5.52759	58	21
5728	7.06977	43	13
573	6.42174	92	33
57310	6.12603	73	18
5733	6.00784	102	38
57349	6.2731	171	63
5735	5.42326	43	20
5736	6.27921	178	76
57368	5.91647	269	81
5737	6.98778	4322	1310
57390	7.08171	2917	982
574	6.43503	310	124
5740	7.22587	394	182
57409	6.36818	33	13
5742	5.07778	45	17
57422	4.80238	42	12
5743	6.48529	34	9
5749	4.32464	1065	276
575	5.47143	70	25
5750	5.16706	345	114
5751	7.09524	105	56
5752	7.26833	60	32
5755	5.9008	150	95
5757	5.57022	276	102
5758	5.34315	577	143
5759	5.22892	74	26
57660	7.33611	1223	168
5767	6.12228	1022	445
5768	6.73657	108	49
5769	7.33506	77	54
57691	6.85574	61	43
577	6.01004	234	116
5770	6.35655	937	339
57702	5.38429	49	16
5772	6.61509	265	114
5775	4.68154	104	45
57759	6.44419	257	109
57767	5.85556	36	12
5777	6.2988	108	54
5778	5.87196	107	62
5779	5.6564	172	94
57803	6.74559	136	91
5781	6.89965	1507	532
5782	6.97041	18806	4619
57834	6.11042	48	46
5784	4.56996	119	61
5786	5.98934	61	28
57865	6.91667	36	17
5788	3.45531	113	54
5789	5.3	35	31
5790	5.58333	48	33
5791	6.61193	284	156
57925	6.84788	3033	668
57937	8.20968	31	25
5794	4.7303	33	26
5795	6.58505	1055	413
5797	5.97581	31	11
5798	5.562	50	36
5799	5.43667	30	11
57998	7.63727	267	61
58	6.5061	1629	632
5804	4.88542	48	21
58099	6.96338	495	174
581	5.95071	255	123
5810	5.24032	62	15
58110	6.95106	1587	367
58139	5.50652	46	16
5818	7.45962	52	39
58192	5.53304	56	24
582	5.52162	37	18
5822	6.77237	76	43
5824	5.23797	675	325
5825	6.18902	1167	466
58253	5.32273	194	67
5826	7.05635	126	82
5827	7.22051	117	58
5828	6.49545	55	40
58281	7.25016	6333	1215
5829	6.93443	167	76
5830	7.17887	71	44
5831	6.58571	140	84
5833	7.22125	296	109
58339	4.7375	40	13
5834	6.99036	83	43
5835	6.49905	95	33
5836	5.58727	55	27
5837	5.59481	154	73
58374	5.485	62	29
58396	5.13056	36	14
5841	5.24138	58	23
58421	7.41122	5235	1114
5843	6.54407	59	45
585	6.55197	127	41
5851	5.36667	30	10
5854	5.7859	62	25
5856	5.42566	226	83
58565	5.96799	164	35
5858	6.08587	92	52
5859	6.21429	42	36
586	7.8687	2178	1037
5860	5.99492	59	49
58601	8.29362	317	114
58602	6.67814	1216	369
5862	5.97426	101	59
58624	7.52023	181	83
58625	7.22269	108	62
5863	5.61842	38	38
5864	7.44318	44	48
5867	6.60157	1957	682
58672	5.46071	56	15
5869	6.18102	598	280
58696	5.67092	142	64
58698	4.59929	70	27
587	6.22742	31	15
5870	6.22881	59	29
58707	5.93883	97	23
58713	5.27248	109	38
5875	6.08571	63	38
5876	5.89059	51	24
5877	6.94194	31	27
5878	5.15854	137	47
58782	7.09344	90	17
58798	6.28124	1221	365
5881	6.21308	65	52
5882	5.46737	95	56
5885	4.6	34	13
5886	5.37849	106	40
58861	5.88636	33	9
58886	6.0987	421	167
589	6.88152	1621	662
5890	5.41229	61	53
5893	6.84255	47	34
58936	7.35272	1462	485
5894	4.53733	4229	1009
5895	4.12232	2497	744
5897	5.8325	108	66
5899	4.65385	39	17
59	6.69541	1397	430
590	5.70218	7609	2341
5900	6.09646	195	85
59008	7.81484	91	63
5902	6.31405	42	20
5903	4.88696	92	52
59031	7.62903	31	24
5905	5.85	30	10
59060	5.52	70	16
59061	6.01648	142	45
59149	6.06284	1000	359
59161	6.12524	231	47
592	6.76512	2176	525
5922	5.83049	41	39
59223	6.09574	335	96
59226	5.94737	38	10
5923	6.8512	83	68
5924	6.33406	69	53
5926	5.63636	33	40
5927	6.18365	52	47
5928	6.42138	311	139
5929	6.84394	66	57
59294	7.63129	7940	1603
593	6.41983	177	62
5930	6.809	50	53
59308	5.99515	33	13
59309	6.25102	49	16
59310	5.49157	36	14
5933	6.48444	45	27
59335	7.32867	150	34
5934	5.92105	38	29
5935	6.82846	52	42
5936	5.48378	37	13
5939	6.63788	184	134
594	6.91457	2792	1075
5940	6.93191	94	44
5941	6.21562	397	186
5942	6.83987	814	348
59429	6.27208	944	442
595	5.46748	163	76
5952	5.15924	92	53
5953	6.1294	182	88
5955	6.435	60	65
5956	4.96898	137	105
5957	5.69386	153	139
59576	7.08269	130	58
5958	7.06875	80	48
5959	4.03012	83	77
5960	4.83697	188	125
59602	5.65025	116	23
5961	5.3129	62	59
5964	6.26176	68	64
5965	6.91314	172	130
59650	7.18056	36	15
5966	5.56657	225	78
59753	6.80862	1214	383
5988	7.43548	62	38
5990	6.39083	120	80
5991	7.32885	130	111
5992	6.44793	169	138
5993	6.46344	93	82
59936	6.72663	306	115
5994	5.93699	73	63
59946	6.98235	8697	2126
59959	7.38148	14409	2559
5996	5.31599	152	124
59960	5.8863	405	169
5997	6.71889	99	77
5998	5.58158	95	80
5999	5.64527	74	74
6	6.5537	81	27
60	7.07673	3970	1336
6000	5.53462	78	67
60029	7.05573	131	97
6003	5.90942	69	61
60035	6.01622	233	92
6004	5.47118	85	76
6005	5.86641	64	52
6006	5.34559	68	58
6007	6.37297	74	71
6008	6.25	73	63
6009	6.45579	95	85
601	5.85882	51	18
6010	5.02737	95	37
60126	6.85588	119	46
60131	6.30073	1870	525
60158	6.01142	106	30
6017	6.53056	72	78
602	6.61878	245	53
6020	4.26423	78	65
6021	6.66304	115	79
60210	6.15882	34	10
6022	5.97035	85	81
60228	7.06907	97	54
6023	5.84918	61	55
6024	6.25781	64	62
60245	6.54561	171	66
60280	7.34756	41	25
603	5.49789	95	31
60311	5.17214	168	59
60316	5.8928	334	100
60342	6.09774	112	38
6036	6.36594	69	59
6037	6.45865	126	93
6038	6.54038	104	74
6039	6.67547	106	86
604	5.35652	46	17
6040	5.90326	92	72
6041	6.49455	110	78
6042	6.47273	44	51
60435	7.20611	2446	658
6044	6.13386	63	19
6045	6.46279	129	93
6046	6.69213	127	97
60464	6.10678	118	18
6047	5.70762	105	81
6049	6.33086	81	69
605	5.36358	162	64
6050	6.5564	1689	896
6052	4.90938	64	22
6053	6.1226	73	21
6054	6.21964	55	20
60574	5.96784	116	38
60579	5.59233	1784	496
606	5.92513	271	150
6068	6.40857	2452	927
60682	6.21343	67	42
60697	5.00112	89	33
607	5.93159	825	335
608	6.2877	309	128
60815	7.35354	143	57
6085	6.27294	85	24
6086	6.22376	101	36
6087	5.7623	61	23
60870	3.5	31	12
60872	5.73426	54	14
6088	6.51389	72	24
6090	4.94798	321	120
61	5.43837	672	254
610	4.93529	68	26
61028	6.63182	280	160
6109	5.59459	37	10
611	6.28333	45	22
6112	6.50044	140	55
6117	6.12475	565	233
6118	5.93295	173	103
6119	5.93973	73	46
612	5.92804	158	56
6121	6.28538	199	89
6122	4.7378	82	36
6125	6.27712	52	14
61269	6.16664	402	89
6129	6.06271	48	19
613	5.68767	73	28
6130	6.52152	33	9
61319	6.60682	44	13
6132	5.35806	31	17
6137	6.54205	499	275
61383	6.04821	56	8
614	6.03402	619	188
61458	6.94081	447	156
6146	7.13438	32	19
61470	5.47036	554	77
61475	5.48961	56	24
61477	6.19306	72	31
61484	6.48315	777	279
61487	8.21119	899	364
6152	4.44375	32	19
6153	5.61111	36	25
61692	7.55989	1970	445
617	5.29032	31	13
618	6.22577	260	118
6187	5.68134	268	95
619	6.73698	3402	1205
61902	5.67401	240	58
6191	6.49425	346	122
61916	4.77671	73	14
6194	4.45513	39	17
6197	7.27667	90	53
61996	6.01538	52	22
62	5.32193	342	145
620	7.30976	1124	514
6201	4.71017	293	148
6202	6.92157	248	127
6203	7.65237	267	141
62030	6.41901	313	146
6205	7.47967	1277	675
6209	6.33311	690	253
621	6.55265	545	242
6210	4.95569	102	60
62143	6.92312	109	68
6215	6.30162	136	97
6219	5.49091	44	28
622	5.28281	160	68
62214	7.89019	107	55
62219	7.83735	18786	4061
62220	6.7614	2013	748
62222	8.00797	2819	834
62225	7.45876	291	119
62226	6.74263	179	93
62227	7.59013	4518	1377
62230	7.8342	236	100
6226	6.84186	215	106
6228	4.66	37	29
62291	8.12778	90	46
623	6.95812	250	125
6230	5.39405	56	20
6231	3.34286	35	17
6232	5.31224	49	28
6233	5.46981	53	20
62343	5.84819	260	128
62344	6.46656	32	9
6235	5.53014	216	141
62374	5.78784	37	13
624	6.66379	6867	1560
6240	6.31775	169	142
6245	4.33333	36	18
62478	5.21622	74	17
6249	7.03018	30166	6612
625	6.11125	80	36
6250	5.8212	255	81
6251	7.61751	106	60
6253	7.42824	131	91
62533	5.5473	42	14
626	6.69246	1129	476
6263	6.17352	1531	520
62633	4.98077	52	13
62637	5.82061	66	42
6266	7.52563	80	52
6268	6.54	30	14
627	6.52661	62	39
6270	6.56068	103	73
62709	5.73502	387	91
6272	5.50773	97	31
62809	6.08429	192	69
6281	6.35814	1341	444
62811	5.51613	31	15
62814	7.24975	189	48
6282	6.36104	164	75
6283	2.94321	296	150
6284	4.68404	235	75
62853	6.18929	1033	437
62854	5.25827	81	34
62861	4.17188	32	11
62871	6.2167	16811	3353
629	5.04698	162	64
62922	8.29489	137	70
62972	7.82205	220	136
62979	6.11316	76	19
63	6.4475	432	198
630	7.06579	38	15
63011	6.88533	75	57
63014	6.52703	37	5
63015	6.27429	35	9
63027	7.1371	283	100
63052	6.01001	234	45
63067	5.86933	75	27
63091	7.48491	597	124
631	7.1351	1005	437
63161	6.91	75	45
63167	6.41059	769	253
63170	8.68977	563	232
63196	6.66882	543	123
632	6.48467	2227	828
63217	5.05556	36	19
63268	6.61343	14340	2644
633	5.55704	1132	313
6333	5.58824	51	22
63379	2.66579	38	21
6338	7.04884	43	16
63385	6.57148	216	46
6339	5.03509	57	47
63395	6.38296	338	108
634	6.50765	3363	874
6342	5.93284	67	39
63433	6.47937	48	15
63443	4.96531	49	22
6346	6.95196	51	21
63497	6.36486	37	10
635	6.40945	1924	698
6350	5.72174	46	23
6351	6.83365	2779	1312
6352	5.93033	527	259
6353	7.15027	314	173
63539	6.48514	855	196
63543	7.05807	1647	499
6355	5.562	80	41
6360	6.37703	74	42
63628	7.34869	9353	1911
6363	5.20189	106	14
63632	6.7209	757	227
6364	4.70784	51	22
6365	6.03968	63	23
6366	6.55864	1816	511
6367	5.72727	44	27
6368	5.33174	304	79
637	6.88834	221	121
63706	6.29072	1528	393
63710	6.78243	37	33
6374	6.66429	70	50
63740	6.24188	1067	333
63743	6.36423	260	107
6375	4.8538	79	52
63758	7.46016	258	144
63759	6.91087	1945	576
63778	6.84192	171	73
63779	5.95	76	32
63788	5.62583	162	41
638	6.48729	3326	1291
6380	6.42507	150	58
6381	5.73872	503	155
63823	6.82833	60	42
63829	5.87055	163	85
6383	5.47815	191	42
6386	5.17947	38	15
63868	7.30225	71	25
6387	4.91869	202	98
6388	5.08679	168	78
63888	7.26576	15802	3828
63897	5.50153	327	106
63899	5.34556	90	36
639	6.85596	344	207
63900	5.56201	179	55
63901	4.25962	52	19
63928	7.30694	108	72
6395	5.59545	33	19
63951	7.24203	69	32
6397	4.12659	41	33
63975	6.25956	583	172
6398	4.90645	62	39
6399	6.34252	115	57
64	6.27643	445	169
6400	7.06809	47	21
6402	6.41833	60	53
6404	5.75862	58	39
6405	6.18523	132	69
6406	5.67039	103	86
64064	5.17826	46	16
64080	6.12333	186	75
6411	6.79077	3884	1374
6412	4.42432	37	21
6414	6.10577	52	28
64142	7.21471	34	37
6417	7.03409	44	26
642	6.10795	263	97
6420	5.32896	605	267
64204	5.17022	984	201
64219	5.865	30	9
64220	6.51515	562	232
6424	4.28489	2388	612
6426	5.25	32	17
643	6.24893	140	71
6431	7.69324	148	89
64331	7.365	54	27
6436	4.57115	52	38
644	5.69211	421	172
64426	6.05349	43	20
64430	6.5359	39	13
64431	6.31046	68	10
64438	4.9	42	15
6447	2.13547	53	36
6448	6.96579	38	22
6449	5.55781	32	20
645	5.81471	367	185
64520	6.20937	32	16
6453	5.76471	34	26
6456	7.08	30	18
64570	7.2859	39	36
64583	5.94912	186	79
646	4.64221	68	31
6460	5.7179	245	116
64610	4.66151	126	49
64611	3.78947	38	19
64656	5.78947	113	27
64657	5.96102	59	16
6466	5.70493	71	31
64675	5.9907	430	104
647	6.43333	105	68
6470	6.81955	67	38
64706	5.13333	54	20
6472	7.19964	10272	2659
64735	6.71293	82	50
6474	4.96951	122	67
6475	5.29903	31	23
6476	7.14273	55	45
64769	6.64902	51	25
6478	6.40488	41	21
648	4.40769	78	36
6481	6.37602	674	347
64826	6.63828	750	360
6485	2.8272	93	54
6486	4.97391	46	29
6487	6.46548	84	41
64875	5.22055	199	75
64877	6.73125	32	14
64896	7.19535	43	6
64897	7.22665	242	39
649	5.97797	118	67
6495	7.86802	111	81
64955	6.00172	116	25
64956	6.65738	554	178
6499	5.30506	79	40
650	5.9508	88	34
6503	6.13231	121	57
6504	6.57874	174	72
65061	7.69	40	17
6507	6.25806	62	49
6508	6.27223	427	170
65087	5.78786	70	30
6509	6.406	100	37
651	6.45713	776	163
6513	5.31849	146	57
65134	5.43692	305	105
6516	6.73496	123	28
65197	5.26485	33	12
652	5.71429	42	7
65200	6.34181	1172	382
6521	5.22975	543	241
65225	6.40219	970	366
6524	4.86585	41	20
65242	6.3125	32	35
65243	6.64516	31	27
65244	6.78364	44528	8515
6526	6.07419	31	23
65262	5.22769	698	180
65272	6.68267	225	97
65282	6.8722	1999	522
6529	6.14286	98	47
653	5.45009	108	33
6531	5.50789	319	183
65313	7.15927	194	91
6532	4.43737	99	21
65333	5.79952	63	21
65334	6.6171	334	112
6534	5.32048	83	57
6535	4.40563	395	130
6539	6.5174	894	384
6540	7.37087	103	53
6541	6.53365	1272	235
6542	7.42873	355	197
6543	5.52078	77	74
6544	6.28853	319	220
6546	4.6145	1129	321
6548	7.13239	88	41
65488	5.78171	41	13
6549	4.28342	275	165
655	6.10327	1669	612
6551	6.0779	442	257
65515	6.49982	3893	1069
65516	5.96385	285	132
6552	5.20252	632	240
65521	5.94572	173	75
6553	5.54651	86	32
65532	7.29516	5282	1507
65534	6.56691	665	360
6554	6.01517	414	176
6555	6.49961	166	101
65554	6.06429	91	35
65556	5.5628	242	91
65557	5.40312	64	22
65559	5.51024	83	34
65564	7.88238	846	292
65565	6.9977	87	51
65568	6.67141	564	186
65575	5.90392	51	23
6558	6.12348	278	152
65581	5.36139	122	39
65582	6.06202	248	54
6559	6.45616	146	84
65590	5.96275	171	38
65592	5.67647	85	18
65611	5.18728	2716	821
6563	5.26471	51	23
6566	5.64477	323	141
6567	5.90667	30	13
65673	6.49752	1410	360
6569	5.95933	460	231
657	5.88171	123	44
6573	5.55357	84	31
6574	5.51471	34	19
6578	5.93462	117	36
65781	7.35073	6362	1573
65796	6.23529	34	14
6581	8.10275	309	181
65814	5.92108	686	221
6582	5.44621	71	29
65825	7.19066	305	175
6583	5.78563	274	103
6584	6.20845	318	96
65889	5.57965	169	68
65901	7.37069	2899	935
65907	6.55847	2528	687
65936	8.05236	212	108
6597	3.72785	79	50
6598	4.71447	76	36
65990	6.11095	630	222
66	7.0286	2467	800
660	6.05969	98	34
66044	5.81228	57	20
66047	5.48638	47	22
6605	4.45537	54	29
66056	6.96567	6349	1275
6607	5.87345	2314	465
66076	6.36289	376	131
6608	6.0799	404	170
66080	7.3313	123	74
66081	6.51997	833	243
66085	6.8711	681	181
66088	6.04361	302	77
661	6.22904	402	171
6610	5.71275	102	54
6611	6.42308	65	52
66116	6.18368	266	78
66120	6.72007	550	173
66125	6.63592	309	49
66126	6.92885	381	133
6613	7.88497	423	221
6614	5.18187	268	58
6615	6.18143	70	62
6617	6.17189	233	63
66171	6.52567	3387	780
66188	7.27422	12268	2523
66190	6.66391	529	230
66193	6.18813	1057	297
66197	6.32407	54	17
66198	5.30509	375	130
6620	5.19512	41	26
66213	5.08614	153	41
66214	6.87958	1641	522
66218	5.75	32	9
66245	6.1175	40	5
6625	6.66757	37	24
66251	5.29538	130	44
66256	5.31333	45	22
6627	5.99488	529	240
66277	6.50938	32	10
663	4.83548	31	17
6630	5.20816	38	20
66356	7.12597	6104	1359
66362	7.31151	8877	2027
6638	6.76212	66	35
6641	6.98761	113	64
66416	5.64757	67	41
6642	6.81089	202	107
66424	6.2325	1518	465
66437	6.44467	447	97
6644	5.87103	532	214
66457	5.93913	46	24
66459	5.21752	327	114
6646	6.26942	312	117
6647	5.32308	91	30
66499	4.90625	32	13
665	6.68333	84	41
66505	7.02889	4874	1204
66507	5.78276	275	124
66510	7.17826	1626	285
66517	6.98409	44	21
6653	5.77941	406	168
66533	6.21571	35	22
66537	6.11636	55	12
66551	5.76811	90	25
6657	6.14416	734	209
66587	6.50894	2558	659
66588	6.92647	1898	448
66589	7.5429	8411	1712
6659	4.24237	46	19
66590	5.41876	314	92
666	6.38788	33	21
6660	5.73029	104	47
66603	5.22699	103	44
66608	6.00492	539	202
6661	4.89189	37	18
66611	6.12833	60	16
66613	6.3928	423	112
6663	6.88966	525	203
66641	6.30958	83	26
66643	6.15299	147	53
6665	5.70217	46	26
66665	7.41211	128	27
6668	3.59168	101	41
66695	5.99752	121	39
6672	7.02143	35	23
6675	5.25308	39	27
6678	5.57327	37	37
66781	6.89954	325	167
66797	6.08941	301	85
66798	6.24044	442	105
668	6.56071	354	125
6680	5.81	30	18
66809	7.3617	47	23
6681	5.11364	44	19
66825	5.9084	144	48
66837	8.29906	832	315
6684	4.225	40	26
66849	6.91047	1457	354
66851	6.07566	189	31
66852	5.35	48	20
66855	7.98798	436	253
6686	4.42857	77	38
6687	5.99697	33	19
6688	7.18	411	176
66888	5.93192	120	40
6689	5.55938	65	30
66896	6.495	156	63
669	6.21808	690	297
6693	4.64516	31	21
66964	6.31429	91	65
66969	6.021	50	12
6698	5.73709	151	77
66982	6.44178	536	93
66986	7.43	100	37
6699	7.00426	47	15
67	6.36488	373	189
670	6.53484	1210	589
6700	7.00385	78	30
6701	5.64118	68	23
6702	5.38088	68	26
67022	6.19939	91	8
67026	5.25961	155	33
67034	5.74925	134	47
67037	6.53182	33	15
67038	5.81476	271	70
67041	5.68108	37	2
6705	5.67861	72	38
6706	5.87174	46	22
67066	5.97561	41	20
6707	6.12829	3197	1287
6708	5.47891	55	35
67084	7.26571	70	49
671	6.35072	222	136
6710	5.39044	68	42
6711	4.42917	252	122
67112	6.34516	31	7
6712	4.87843	51	29
67123	6.76803	122	56
6713	4.42059	34	5
6714	6.45762	762	470
67144	5.76265	83	17
67148	6.74744	215	52
6716	4.45333	30	11
67178	6.59308	430	135
6718	5.47738	126	82
67180	6.86717	1349	348
67181	6.64891	729	136
67185	6.65398	2175	412
6719	7.19785	493	214
67199	7.99968	126	73
6720	7.0122	41	30
6721	7.46809	47	45
67239	6.80246	2308	624
6725	5.65602	108	44
67251	7.24815	54	11
67254	7.77887	802	174
67285	6.4961	218	90
673	6.33325	212	87
67309	6.24705	301	129
6731	5.2431	129	56
6732	6.42833	120	82
67339	7.99024	41	18
6735	6.8402	50	31
67361	6.47222	252	124
67364	4.95692	39	11
6738	6.105	1084	481
674	5.345	100	68
6742	6.0	114	52
67421	7.87895	38	20
67426	7.04211	95	43
67429	5.68091	33	19
67436	5.9767	537	188
6744	7.50319	47	31
67453	6.25386	598	192
67477	5.63855	33	10
6748	5.72758	223	114
67486	5.48529	242	86
6749	4.79413	275	143
67492	7.25828	2871	805
675	5.30506	79	59
6750	6.45386	97	52
6752	5.83821	1857	762
67542	7.65	30	14
6759	6.00849	53	45
67593	6.14334	712	176
676	4.68129	31	12
67600	8.2205	383	185
67601	8.26088	270	133
67609	5.66503	181	62
67627	4.18372	43	12
67628	4.37736	53	25
67629	4.15882	34	13
67630	4.87222	45	23
67631	5.77977	367	138
6764	4.41583	109	63
6765	6.86957	46	26
6766	5.79348	92	47
6767	7.29539	170	119
6768	6.67258	62	39
67693	6.40479	274	93
67695	5.67572	138	62
677	4.37638	697	251
6770	6.97857	70	28
6771	6.65957	47	20
67712	4.84516	31	7
6774	6.25238	42	29
6778	6.84735	545	211
6779	6.96373	1535	682
67823	6.65057	285	62
6785	3.31429	70	37
6787	4.48565	216	66
67877	6.65569	3470	768
67878	6.70516	155	95
6788	5.70333	30	13
67888	6.77486	1906	501
6789	5.42857	42	12
67891	7.00889	45	47
679	6.22414	198	102
67910	5.85403	293	103
67917	6.76504	355	141
67919	6.92296	435	87
6792	4.5675	40	18
67928	6.64556	1972	556
67948	5.01962	79	26
6795	6.26758	2087	1077
6797	7.70093	43	33
67972	6.46286	126	59
6798	5.24727	204	123
68	7.04573	492	188
680	5.76155	342	160
6800	5.24413	242	101
6803	6.5375	56	35
6805	5.97273	33	23
6806	5.90909	33	10
68076	8.14099	433	136
68083	5.85337	249	91
6809	5.8125	32	12
681	6.86404	6339	1426
6810	5.76519	185	76
6813	6.73042	95	72
6814	6.83734	124	70
6817	7.47313	286	114
68182	6.71091	2441	663
68186	6.43322	143	72
68187	7.2663	46	28
68188	6.85549	264	143
6819	7.2374	1073	308
68199	7.65195	128	88
68201	6.675	40	24
68227	5.79967	337	123
68228	6.69439	912	346
6824	5.60568	176	55
68247	6.58252	994	323
68250	6.74435	164	121
68251	5.8526	77	36
6826	6.58701	87	63
68260	7.22452	261	138
68264	7.78238	1547	586
6830	7.24907	2865	976
6832	6.57353	34	25
68340	5.83308	169	78
6837	5.88297	209	74
68387	7.40143	70	45
684	5.53768	629	238
6840	5.43036	84	28
6841	6.2292	188	102
6842	6.18469	49	46
68425	7.0215	9866	2446
68448	7.73515	90021	14553
6847	6.875	66	47
6848	7.15294	34	26
685	6.85262	61	46
68504	6.67714	42	35
6851	4.47222	36	17
686	6.75995	472	210
6860	7.43766	77	38
68603	7.08827	277	131
68606	5.67717	637	281
6861	7.48089	135	64
6862	6.63398	88	40
6866	7.92488	455	118
6868	5.0995	100	48
6869	5.55096	52	32
687	6.16218	156	74
6873	5.35078	128	40
6874	5.19245	53	26
68743	6.23548	31	14
6879	5.92132	68	29
688	6.03333	81	88
6880	3.63158	38	20
68816	7.26068	69	49
68820	8.61522	487	237
6883	5.39676	34	23
6885	6.31897	58	36
68858	7.48992	502	106
6886	4.86667	30	13
6887	6.45746	4007	878
68876	6.38458	165	82
6890	6.77021	47	27
6891	5.83068	117	66
6892	5.4375	32	20
68931	6.68752	109	55
68943	5.84195	133	64
68947	6.77344	64	22
6896	6.47159	44	33
6897	6.11833	60	40
6898	4.39724	190	70
69	6.77708	48	28
690	6.43255	98	84
6901	6.80957	2351	689
6902	5.60488	82	28
6907	6.91351	37	11
6909	6.43909	88	20
691	6.6594	1776	618
69105	5.97797	235	74
6912	6.18293	41	16
69120	6.27515	1695	445
69130	8.1433	292	153
69136	7.31783	207	119
6914	6.89433	97	63
6915	5.70909	66	49
6916	6.67341	126	78
69175	5.28544	103	36
6918	6.4322	118	75
6919	6.09192	99	49
692	6.72333	1194	577
6920	6.75106	47	48
69205	4.75821	67	21
6921	5.81061	66	42
6923	6.81105	382	99
69232	6.58554	83	35
69234	7.88552	221	133
6924	7.36667	33	21
6926	7.14016	122	49
6927	7.40665	302	121
69275	4.50333	30	15
69278	7.42917	216	103
6928	7.49564	126	54
6929	6.97582	153	109
69292	5.7695	100	78
6930	7.70303	218	107
6931	6.43227	894	221
69316	6.32321	112	51
69318	6.10954	218	77
6932	3.56064	1084	437
69347	6.66158	33	19
69356	5.56653	219	71
6936	5.66667	36	35
6937	6.93478	92	41
6938	5.8605	121	84
6939	6.17448	58	46
6940	6.34366	71	40
6942	6.80976	82	59
6944	6.25625	48	51
6945	5.55	30	27
6946	6.27064	189	135
6949	5.23538	65	39
695	6.30968	62	34
6953	5.30528	180	69
6954	5.8125	56	37
69543	7.36562	32	28
69544	4.05435	46	15
6955	6.28856	1227	521
69552	6.00278	2964	921
6958	5.08939	66	18
69582	5.64671	347	65
69587	5.76682	214	58
6959	4.62286	35	6
696	6.29362	823	370
69601	8.13838	357	106
69602	5.66292	261	34
6963	5.30545	55	20
69632	6.24762	63	24
69638	6.74444	45	27
6965	4.99487	39	13
69676	4.36306	72	13
69687	6.28387	62	44
697	6.24455	597	339
69703	5.7381	63	32
6971	5.05672	67	33
69721	5.81447	94	22
6974	6.80728	115	46
6976	7.19198	106	60
69761	5.97629	97	68
6977	5.48173	202	108
69779	7.57012	2211	713
6978	6.495	60	37
69789	7.02736	12288	3013
6979	5.76909	275	130
69796	4.13133	30	12
698	4.65103	210	109
6980	5.92431	283	155
6981	4.03889	36	14
69815	7.10882	34	28
69819	5.68333	60	39
6982	5.71046	250	138
6983	6.16548	42	18
69851	7.54069	204	117
6988	5.95811	74	32
699	7.1513	11568	3098
6990	4.69256	39	13
69904	5.73438	32	11
6993	6.58838	83	27
6994	5.45696	286	84
6995	6.56279	43	36
69973	5.80158	98	35
7	6.52224	3330	1236
70	6.8624	2380	867
700	6.29365	2263	827
7003	6.52574	54	56
7006	5.76136	44	37
7008	7.57075	80	44
7009	5.27778	36	45
70096	6.59418	98	26
70097	6.36174	178	52
701	7.07031	1946	946
70128	6.21333	30	4
70149	7.70176	10133	1920
702	5.97602	221	95
70222	7.9697	33	13
7026	6.21304	46	48
70262	5.78824	68	12
703	6.89261	88	64
7031	5.88704	54	64
70323	7.16923	61141	10148
70324	6.35815	216	124
70329	4.04369	86	24
7033	6.49	95	70
70376	5.67747	91	29
704	5.85016	594	251
7040	5.89762	42	49
7047	6.22597	77	63
7048	5.64242	99	67
70488	5.76233	100	16
705	6.90565	62	53
70502	3.76562	32	13
7051	5.64304	102	95
70512	7.30822	4695	1170
70519	7.4464	701	288
70532	7.84783	138	74
7058	6.43656	93	84
70597	5.98224	107	24
706	6.95142	457	299
7060	6.38824	34	34
7062	6.58225	655	282
7063	6.05542	48	38
7064	6.60014	147	84
7065	6.09027	81	46
70653	5.32839	155	30
7067	5.91802	150	76
7069	5.34135	52	27
707	6.18222	90	69
7071	7.30946	37	21
70767	6.49435	115	92
708	6.23187	91	74
7080	5.83211	75	39
7081	5.81493	95	53
7082	6.53333	63	43
7086	7.07935	274	136
7088	6.13265	49	15
7089	6.34886	176	99
709	6.27197	76	32
7090	7.58212	72	47
7091	5.21867	30	22
70912	6.01253	91	24
70916	5.97138	528	131
70919	7.25965	38038	5669
7092	7.43164	286	199
70922	5.77157	51	20
7095	7.125	32	14
7097	5.67987	150	61
7098	5.27798	1223	287
71	7.49697	7205	2255
710	6.20292	394	191
7102	6.16825	40	21
71021	6.26167	2035	384
7103	7.01237	291	102
71035	7.43171	41	22
7104	7.27151	480	196
7106	6.06792	106	29
71061	6.6309	3234	874
71074	6.98066	1878	540
7109	6.92332	196	139
711	7.05959	294	103
7112	6.45395	76	49
7114	7.0879	124	69
7118	7.10334	323	144
712	7.54313	5374	1185
71272	6.19354	537	209
7129	6.59396	48	30
713	6.22008	2850	1054
71304	6.51389	36	16
7131	5.74925	67	54
7138	8.06134	119	84
714	6.35244	5237	1718
7140	6.15366	41	15
71402	5.09301	102	42
7141	6.241	50	25
7142	6.52064	63	38
7143	5.86455	55	26
7145	5.92456	57	30
715	6.6694	3129	901
7156	5.18864	44	15
71569	6.87672	58	17
71593	6.31127	505	183
716	4.95516	126	44
7164	6.08837	283	130
71655	6.66515	1148	398
71668	7.35967	183	98
71671	7.04325	3845	891
71676	5.80884	1144	326
7169	6.33012	83	32
71721	6.99546	12572	3095
7176	6.95	186	99
7177	6.65462	119	66
7178	6.02667	30	21
718	6.27294	590	265
7181	6.13494	81	33
7182	5.76009	213	131
7183	5.78024	41	17
71836	6.65321	6026	1601
71837	5.34811	132	38
7184	6.09802	106	46
7185	5.61128	47	18
7186	5.46742	31	10
7187	5.51087	46	29
71882	6.87509	1654	548
71886	6.61464	181	39
71889	6.5787	54	35
7189	5.61022	93	58
71899	5.2	39	15
719	6.45034	436	182
71906	6.96663	1706	459
7194	5.52206	34	28
71956	6.3125	92	29
71973	6.39084	758	275
72	6.69319	1930	609
720	6.33977	393	160
7203	6.28081	86	77
7204	5.84334	482	215
72050	8.12687	67	22
721	5.39659	44	28
72125	7.87699	26851	4872
72131	5.9285	354	141
72132	6.40795	517	198
7215	7.30651	146	102
7218	7.28354	158	70
72200	7.03906	64	59
72204	6.11533	300	173
72225	7.14062	3770	956
72242	6.14758	128	56
72269	6.34311	196	64
7228	6.92586	58	29
72285	6.61038	183	66
72287	6.88553	7985	1583
72298	7.59039	77	39
723	6.13925	441	173
7230	6.17105	57	27
7231	5.29167	30	11
7232	5.70204	49	27
72321	7.20494	5691	1233
72340	6.97936	63	33
7235	4.96875	32	14
72373	6.11742	62	19
72376	4.99687	32	14
7239	6.21788	400	195
724	5.98757	419	199
7240	5.83297	482	302
7241	6.17544	57	25
72420	6.32509	888	271
7243	6.84545	55	29
72448	5.88207	610	134
72460	7.38487	76	61
72478	6.61263	411	179
7248	5.6811	73	39
72482	5.48459	403	171
7249	4.95	58	38
7250	4.26	50	22
7251	7.4699	195	72
7253	6.85211	71	32
72535	5.45331	151	97
7254	6.30962	52	45
7255	6.80583	103	62
7256	5.60917	180	78
72560	5.46053	38	15
72566	5.05556	36	6
7259	5.54054	111	36
7262	4.2255	1007	665
72622	5.66587	104	93
7263	6.39597	409	165
72644	6.99749	405	90
72667	7.14906	508	154
7267	5.80899	89	60
7269	5.52333	66	24
727	5.8949	49	46
7270	5.66944	244	101
72751	5.83929	56	20
72766	5.48354	454	172
7278	7.32232	56	37
72799	6.81104	154	80
728	7.02128	47	29
72800	6.74751	321	139
72808	6.2779	167	32
72809	6.83411	614	245
72848	5.91377	386	103
7290	7.69896	236	110
72941	7.29744	117	77
72957	5.25424	59	19
7296	5.63538	65	24
72991	7.00718	2719	732
73	6.99655	1726	541
730	7.68366	1009	530
7307	5.70492	246	143
73070	6.81306	1417	383
7308	4.58046	412	141
73091	6.70455	44	26
731	5.56327	98	50
7310	6.36167	150	91
7314	4.61576	92	68
7316	2.88293	2282	711
73171	7.64915	3292	1091
7318	5.25278	36	29
7320	4.47504	399	172
73228	5.06504	121	36
73230	6.43718	39	33
73232	5.74643	42	32
73233	6.23333	39	28
73238	6.525	32	23
73240	6.23208	53	35
73241	6.18571	35	27
73242	6.15	52	33
73243	6.55278	36	30
73244	6.64265	34	23
73245	5.98913	69	40
73251	6.02703	37	22
73252	5.89667	30	20
73253	6.91404	57	35
7327	4.52529	87	41
73288	5.16018	73	17
7329	5.41531	80	35
73312	6.18771	179	54
73313	6.82072	581	222
73316	6.9796	1454	375
7334	5.4938	100	40
7336	5.59153	802	251
73360	6.22727	33	34
73361	7.32889	45	43
73363	7.11552	58	44
73365	6.08963	378	73
73367	5.95	36	14
73369	6.81429	2876	888
7337	6.93333	33	31
7338	7.17857	140	81
73439	7.75095	20221	3839
7344	5.72632	57	36
73472	6.11758	256	108
7349	7.65435	440	206
73536	6.90645	31	5
73538	6.17562	2564	469
7354	6.7587	46	28
73543	6.46952	146	34
73574	5.65143	35	15
73589	7.18906	32	24
736	6.18361	316	112
7365	6.60985	196	134
73650	6.37964	248	96
73655	6.16087	138	58
7366	6.27834	49	23
73664	7.0857	1148	204
7367	6.39474	57	23
73759	6.13727	33	17
73761	7.04329	9591	1813
7377	6.46042	96	35
7378	5.99484	115	72
7382	7.22816	87	52
7386	6.45161	31	29
73863	6.41097	1363	383
7388	4.58824	34	21
73960	7.40694	72	57
7399	3.99727	66	35
74	5.79461	18052	5186
740	5.27797	59	71
7400	5.23024	250	116
74098	5.441	50	9
741	6.85504	120	89
7410	4.70374	107	66
74102	6.24398	411	101
7418	5.97213	61	31
742	6.68206	68	56
7420	6.66884	146	54
74203	6.14167	60	19
7421	5.6266	47	19
7422	3.95104	96	64
74233	6.16825	232	133
74309	6.01613	31	25
74310	5.43958	48	39
74311	7.54468	47	38
74312	7.41842	38	40
74390	6.7946	745	293
74408	6.92762	210	46
7443	5.67045	44	17
7447	8.29116	43	21
745	7.02576	66	43
7451	6.69855	185	59
7453	7.61414	143	78
7457	4.97289	83	26
74596	6.93792	120	32
746	5.94273	521	295
7462	5.083	226	97
7463	5.31193	109	77
7464	5.74455	176	90
7465	5.24915	59	32
7467	3.62755	159	90
74678	6.92946	56	26
747	6.89859	213	133
7470	6.12752	109	32
7471	4.98611	36	21
7473	4.82321	89	32
7475	5.87861	360	128
7479	6.11951	2627	730
748	6.49874	544	214
7480	7.32994	1582	616
7483	6.67329	237	99
7487	6.54839	93	37
7488	5.42641	53	24
7491	5.85284	88	60
7493	5.48091	127	95
74936	5.31807	88	14
74987	6.74485	68	37
75	5.49906	1393	547
7501	6.77522	115	67
7502	7.02323	127	76
7503	6.76705	88	51
7506	6.70667	30	28
75091	6.79382	1075	300
751	6.40712	295	99
7514	6.69226	456	227
75165	7.21522	1912	549
7519	4.34348	46	23
752	4.70307	114	54
75212	6.77851	1084	307
7522	6.05308	78	49
75223	6.89095	801	427
7526	6.30769	39	20
75292	6.04554	39	39
753	6.46183	262	158
75333	6.66422	320	107
75358	6.68626	2740	839
7536	6.11667	36	18
75360	6.95347	144	65
7537	6.55385	156	72
7538	5.70336	679	320
75382	6.34205	88	35
7539	5.69091	66	43
754	6.12156	178	92
7541	5.86486	37	36
75418	7.9617	47	13
75441	6.75807	161	62
75445	5.63333	30	5
75448	7.47639	424	116
75449	7.24488	2919	706
7547	4.92429	70	33
75476	7.02268	1431	451
7549	5.36791	79	47
755	7.02858	420	194
7552	5.26016	64	38
75529	6.78448	58	27
7553	5.54249	293	142
75547	6.4055	1526	432
7556	5.12521	117	113
7557	6.35429	35	16
7558	6.62391	46	22
75587	6.98333	48	28
756	7.01613	460	253
7562	6.25455	66	66
7563	5.03306	121	72
75644	7.80488	41	17
7566	6.69592	49	37
75668	6.19811	53	15
7567	6.9	35	21
75674	7.33231	65	50
757	6.33657	67	31
7571	6.43555	713	330
7575	4.97159	88	45
7576	6.3879	219	113
75762	5.20392	51	6
75782	6.43702	289	165
75783	6.20056	36	18
75789	6.52669	1060	243
7579	6.98558	52	32
75809	6.61587	63	36
75828	6.99466	193	107
7584	4.88205	233	109
7586	5.49	50	37
75890	7.68806	67	37
759	7.26003	720	304
7590	7.24932	73	46
75957	7.97323	93	56
75991	4.80326	92	28
76	6.39808	763	316
760	7.41393	16174	4706
7600	4.16747	83	43
7601	3.41371	240	93
7604	5.71219	41	13
7605	5.08254	84	44
76065	5.48774	172	52
7607	6.55242	62	22
7609	6.71264	87	67
761	5.53759	560	200
7610	4.82372	43	26
7611	4.89302	43	13
7612	4.49136	81	28
7614	7.58864	339	226
76150	6.86937	1427	418
762	5.18571	35	21
76203	6.74589	302	90
76207	6.66162	240	109
7622	6.43415	41	26
7623	8.1625	56	38
76247	5.86355	1142	437
7625	6.41099	91	79
7631	5.26154	39	25
76319	4.69118	68	25
76322	6.7277	145	33
7634	7.44485	136	80
7635	7.21918	73	50
76352	7.22632	38	15
7636	6.75435	92	64
76362	4.08382	34	17
7637	6.85636	118	91
7638	6.44802	126	90
7639	6.68632	117	82
764	5.00605	1464	417
7640	7.29327	52	41
7641	5.84738	172	73
76416	5.72963	54	26
76417	6.99617	1134	394
76436	6.91021	237	123
76442	5.76474	149	70
76443	5.46183	93	50
76444	4.43269	52	22
76447	5.69766	159	79
76481	6.08636	44	30
76487	6.24364	77	23
765	5.95505	368	142
7650	6.19333	90	45
7651	5.70893	56	33
76541	5.95377	30	11
76546	5.47339	124	50
76551	5.05159	63	23
76567	5.66667	30	5
7657	6.68646	48	37
766	6.35323	570	319
7662	7.33604	111	61
76668	4.8631	84	31
7667	5.55645	62	33
76674	6.3447	1905	531
76681	5.93948	134	45
76684	5.61593	182	64
767	6.80727	55	24
76728	7.09263	95	39
7679	6.172	30	9
768	6.53952	105	46
7680	6.18784	37	24
76810	6.17722	281	96
7682	3.63969	1536	460
7683	6.57632	38	10
7688	4.74256	2650	1129
76883	6.31069	350	109
769	6.49074	108	64
76920	6.39091	66	30
7693	4.16731	52	16
7694	6.42386	88	46
76994	6.87513	39	24
77	7.66407	674	334
770	6.29647	6165	2038
77011	6.70183	219	75
77034	5.97788	269	90
77076	5.95988	253	67
7708	5.59251	1223	563
7709	4.625	158	88
771	6.63192	141	66
7710	5.00229	131	58
7711	5.57386	44	20
7712	5.83775	102	19
7713	4.98627	51	12
77130	7.4012	14853	2686
77148	5.67866	82	28
7715	4.93404	47	34
7717	7.09656	7759	2302
7718	6.18378	259	121
7719	5.88002	977	471
772	6.06798	277	99
7720	4.98375	283	150
77200	7.41892	37	28
7723	6.44426	61	38
773	5.17568	74	27
77344	5.58585	106	44
7735	6.61765	51	21
77361	6.61847	122	37
7739	6.56268	92	59
7742	7.09033	378	150
77423	7.6544	21848	4471
77454	5.97278	45	13
7746	4.50455	44	31
7748	7.74699	83	53
7749	7.60417	48	28
775	5.77424	33	22
7750	7.64516	62	37
7753	6.67908	173	97
7754	6.51404	57	40
77548	5.61842	57	45
7755	7.18333	156	82
77596	4.88118	85	36
776	5.63273	55	22
7762	5.64894	47	15
7771	6.75339	118	56
7774	6.58875	120	53
7779	7.40204	49	32
7795	6.08462	52	40
7799	6.80811	37	34
78	6.8324	189	105
7802	5.9	35	24
7803	5.23569	253	129
7804	6.20704	1690	611
7805	6.67064	7799	2173
7806	6.38287	2131	668
7808	6.01704	54	23
78093	7.45484	31	25
781	5.91235	85	37
7811	5.47059	34	18
7815	5.99032	93	43
782	6.73113	837	390
7821	5.06466	116	72
7822	4.03184	154	59
7823	7.44217	83	39
7824	6.07883	744	363
78247	5.6743	93	34
7826	4.92747	180	83
7827	5.08049	41	17
7828	6.71322	121	95
7829	6.66545	55	35
783	5.9582	82	45
7830	6.46525	59	32
7831	7.08869	137	80
7834	6.24072	97	48
7837	5.25714	35	10
7838	6.13382	123	37
784	6.61538	52	23
7840	6.7034	103	64
7843	7.33294	293	129
78436	5.17413	46	16
7844	7.26471	153	98
7847	5.94977	87	63
7848	4.34318	44	16
7849	7.04614	88	42
785	5.17083	132	47
7851	5.61418	79	49
7854	7.69763	7818	2037
7858	8.03554	739	372
786	4.54285	151	62
7860	5.10636	110	53
7861	6.16487	111	77
7862	5.4963	54	28
7864	4.8	35	23
78647	5.80564	62	27
7865	6.55729	1937	830
7866	6.48511	2084	793
7868	5.53947	38	30
7869	5.23896	77	44
787	5.92667	75	21
7870	6.72	45	31
78733	7.37992	715	250
788	7.06102	813	361
789	6.45198	772	355
78954	6.81698	829	293
79	6.33226	124	70
790	6.05054	93	33
79067	6.7517	367	106
79068	6.13275	484	152
79073	6.57655	1812	465
791	5.92267	86	45
7912	5.25161	31	22
79127	7.50427	3199	941
79131	6.4713	1498	498
7917	5.67419	31	22
7918	5.63667	30	19
792	6.07872	47	41
7920	6.03243	37	27
7921	6.41538	39	31
79216	5.8949	100	27
7922	6.71439	139	80
7924	4.72206	68	45
7927	4.83766	154	42
79282	6.0307	577	192
7929	6.54718	1072	368
793	6.04507	545	266
7931	6.65882	34	31
79312	5.68797	306	89
7934	6.82273	66	33
7935	8.34676	197	65
7938	6.34551	78	45
7939	6.425	44	27
794	5.5177	161	159
7941	6.19134	127	79
79413	6.25393	89	36
7943	6.15545	110	29
7944	5.50294	68	27
7947	6.07909	44	24
7948	6.06977	43	29
795	5.38657	420	170
7950	7.15385	78	27
7955	6.36667	156	105
7956	6.34543	35	12
7958	5.21696	112	39
796	6.48719	218	100
7960	5.4687	187	51
7963	5.72241	58	60
7964	5.03125	40	42
7966	7.32043	46	36
7967	5.67732	519	214
797	4.55	30	6
7970	6.76458	144	70
7972	4.47275	314	155
7973	5.78	95	43
7975	6.75732	157	76
7976	6.09841	402	121
7977	6.10638	47	44
7978	6.52985	67	53
798	7.03618	1119	468
7980	6.80086	58	27
7981	6.26324	34	17
7982	5.54605	76	58
79828	7.38949	7599	1966
7986	6.25	46	19
7989	6.0487	368	150
799	6.37297	259	111
7991	6.25	86	74
7992	6.85965	57	39
7993	6.22844	122	38
7994	6.7	144	95
7995	5.8481	79	43
7999	5.26556	90	42
8	6.10716	201	88
80006	6.55004	1666	439
8001	6.11977	43	45
80028	5.58897	97	29
8003	6.71198	217	81
80044	7.08125	56	56
8008	5.88312	77	19
8009	4.7053	138	59
801	6.85	88	67
8017	6.13178	576	229
802	6.07059	34	31
8024	5.34545	55	43
80296	5.64421	101	40
803	5.75864	250	138
8031	4.47727	139	89
8032	5.83667	30	22
8033	6.81034	58	41
8036	6.67467	75	48
8037	6.29514	111	59
8038	5.175	60	57
8039	4.99123	439	141
804	6.65467	805	353
8041	5.43435	872	278
8042	6.5	72	26
8043	6.6875	32	16
8045	7.34068	2212	861
8046	7.0	42	31
80474	6.3675	60	25
80484	7.74265	34	17
8049	8.09722	36	14
805	6.63221	1675	751
80503	4.8469	80	30
8051	6.99339	6405	2184
8056	6.28538	106	59
8057	4.90441	34	28
8059	6.13195	890	398
806	6.34265	34	18
8063	4.60536	112	68
80642	6.93993	539	197
8066	7.68557	149	66
8067	6.05686	51	31
8069	6.23545	652	236
8071	6.43333	171	137
80719	6.15676	37	15
80771	6.67618	1937	370
8079	6.21095	137	85
808	5.27045	88	31
8081	4.04524	42	26
80833	5.85458	83	28
80836	5.16793	92	40
80869	6.03344	151	67
8088	4.9303	33	30
8089	6.02645	93	67
80908	5.75234	147	48
8093	6.58833	60	37
80933	6.28054	295	67
80934	6.13266	124	45
80935	5.39118	34	14
80942	5.59907	204	80
8095	6.64965	1900	797
8096	6.21606	523	252
8097	4.71346	52	33
80972	5.6549	51	18
80979	6.48109	890	227
8098	6.49464	11921	2301
810	6.02619	42	25
8100	5.10795	44	13
8101	6.16159	138	75
8102	6.31	40	47
8103	6.01047	86	44
8104	4.97953	171	37
8107	6.51377	3545	1146
8109	6.57027	74	47
811	6.40298	14459	2904
8110	6.1901	96	57
81100	6.54444	54	19
8121	4.51321	106	46
8122	6.15227	61	50
8124	6.43703	1773	729
8125	7.11064	4948	1583
81250	6.72399	418	131
8126	6.29865	599	236
81263	5.48889	45	14
8127	5.30931	574	235
8128	5.63783	366	140
8129	6.8665	2338	862
81297	6.55723	83	28
813	5.41021	171	74
8130	6.42607	681	297
8132	6.00156	64	55
8133	4.16981	53	37
8134	6.04194	98	48
8138	6.75474	341	153
8139	6.47109	303	150
814	6.04913	1742	576
8140	6.64096	83	26
81445	5.16111	36	13
81453	6.44038	3041	742
8147	6.66984	764	198
81486	5.3449	49	17
815	6.1954	5384	1572
81542	6.06877	277	112
81561	5.64805	77	14
81588	7.06175	40	25
8159	6.40217	46	23
816	7.08928	401	174
8160	5.85732	246	89
8161	6.82222	45	39
81640	7.41044	1009	270
8166	6.24588	1319	484
8168	6.1725	40	15
81691	6.7457	86	29
81698	6.79867	93	28
8170	6.48777	2035	943
8172	6.63076	1511	345
8173	5.12463	134	38
8177	5.31532	62	26
8178	5.69	40	16
8179	5.84211	209	70
8180	6.15072	69	37
81826	6.67732	97	64
81850	6.24227	260	62
8188	5.8375	32	12
819	6.26923	39	20
8190	6.80423	2392	942
8191	5.0587	69	38
8192	6.15278	508	224
8193	5.42857	84	59
8195	6.82974	1331	500
8196	5.88714	332	103
82	6.733	348	219
820	6.96307	232	119
8201	6.28378	37	14
8203	6.69992	20075	5134
82037	5.41463	41	13
8204	4.97881	67	37
8207	6.30756	1287	371
8208	7.84524	84	63
821	5.54137	51	28
8210	4.81395	43	20
8211	4.00313	32	18
82168	6.94051	4213	977
8217	7.24762	22714	5615
822	7.41837	108776	19263
8220	5.83226	62	50
8221	5.79756	41	20
82216	5.44104	265	63
8222	5.91823	1431	355
82222	7.87863	8220	1919
82223	5.94609	64	21
82272	6.24162	309	137
8229	6.33076	989	275
823	6.74411	14753	4387
8232	6.09123	422	146
8233	5.79167	36	30
82397	5.6918	300	122
824	5.77993	46	32
82402	6.26817	564	85
82420	7.57411	2359	422
82421	7.52399	2589	448
82424	6.25377	332	107
8243	5.65772	518	129
82449	5.36033	181	81
8245	6.87927	41	36
8246	5.87048	62	55
8247	5.33034	89	34
825	5.99834	366	181
8250	6.50373	201	152
8252	5.82759	58	51
8253	5.80208	48	46
8254	4.97742	62	38
8256	4.56452	31	25
82572	6.17027	111	43
82577	6.1678	59	23
8258	7.45192	52	42
826	6.68511	7602	2198
82610	6.26218	362	106
8262	6.12067	30	13
8267	5.86213	75	58
827	6.47838	1604	581
82702	5.8882	274	102
8273	6.16055	938	392
82762	4.65667	30	9
8279	6.44872	39	27
828	6.37839	387	171
8283	6.44737	76	48
8284	6.85216	250	113
8285	6.81677	164	67
82863	7.91429	35	21
829	5.77637	182	87
82948	6.22208	212	88
8295	5.03221	95	33
82955	6.45638	442	148
82976	6.15218	101	32
83	6.38889	135	74
8304	6.2031	84	47
83040	7.6909	455	135
83068	6.0504	378	184
8307	6.20323	155	63
8308	5.16524	141	91
83092	6.41033	237	71
831	6.47174	713	247
83117	5.68221	104	36
83157	6.35686	226	81
8316	7.71355	166	59
8317	6.62321	112	62
8319	5.5937	135	104
83195	6.71122	7493	1395
83196	6.29671	219	44
83197	6.33114	502	168
83199	5.75135	126	33
8320	6.65481	214	149
8321	5.17808	73	82
8322	6.18182	99	100
83228	7.0	49	41
8324	5.59398	176	150
8325	7.21805	190	148
8326	5.94763	169	169
8327	4.66373	102	81
83278	5.53916	131	38
8328	6.1419	205	165
83283	7.51084	83	38
8329	6.00687	131	98
833	7.77003	1565	697
8330	6.18919	37	41
8331	5.79225	129	104
8332	5.5957	93	77
83325	7.93615	195	122
83330	7.28883	13056	2383
8334	6.55902	61	64
8335	5.42421	95	41
8336	5.92742	89	51
8337	5.02182	110	45
83378	6.35806	31	15
834	6.47798	870	301
83453	5.25676	37	4
8349	4.73333	30	24
835	6.84184	98	51
8350	6.56163	129	91
8351	6.94643	56	42
8352	6.92786	56	26
8353	7.06444	36	21
8354	7.4087	46	28
8355	7.41538	39	24
8358	6.83478	46	37
836	6.64327	156	76
8360	6.11714	35	52
8362	6.54242	99	66
83629	5.97067	1791	453
8363	6.57368	57	50
8364	6.26923	39	39
8365	5.97583	48	44
83658	5.21909	33	4
8366	5.78788	52	48
83667	7.06428	1070	402
83734	7.55053	717	277
8382	6.42727	44	30
8388	5.79167	42	27
83907	6.71867	75	38
83919	6.0793	265	59
8392	4.54541	540	210
8393	4.92078	102	24
8394	5.93833	90	39
84	7.54488	1001	530
840	6.05333	514	198
8400	5.19714	35	21
84017	6.75156	32	12
8402	6.70873	84	65
8405	6.30173	52	52
8406	5.95114	44	38
8408	6.03456	68	46
84088	6.82634	123	27
8409	5.90587	46	47
841	6.36403	325	105
8410	7.15435	46	31
8415	7.43548	31	24
84159	6.4021	1288	333
84173	5.45119	134	51
8419	5.7131	42	25
84230	6.16235	81	28
8424	6.29895	95	59
84247	6.2525	32	11
8428	7.20968	31	30
8429	5.06905	42	49
843	6.33358	218	108
8432	4.87006	179	65
8434	6.8	30	33
844	4.59677	93	51
84419	7.70457	3280	1074
84453	5.94064	78	25
84454	6.06757	37	4
8446	5.90889	45	63
84464	7.02053	430	146
84465	7.33498	654	285
84469	6.51872	1224	359
8447	5.15147	68	71
84470	7.1875	36	17
8448	5.08679	53	28
8450	5.39516	493	193
84514	4.4	30	14
8452	5.44265	34	33
8454	4.74634	41	44
8455	5.27283	46	63
8456	5.7002	49	57
8457	6.16875	48	39
8459	5.61747	83	45
84609	6.53396	45	17
8461	6.30652	69	55
84671	5.9665	137	47
847	6.06422	1438	654
8470	5.60577	78	64
8471	5.86471	85	53
84730	4.6698	181	88
84732	6.96837	838	150
8475	5.5608	88	39
8476	6.23333	30	11
8477	5.21795	39	21
84772	6.91729	754	254
84776	6.54833	60	36
84778	6.20306	49	23
84783	6.57438	80	47
8479	4.55612	85	36
848	5.77243	105	31
8481	7.15352	1169	553
84825	4.58235	68	32
84834	7.4258	162	98
84838	7.54062	504	170
8484	5.09	40	28
8486	4.3638	179	72
84864	6.29136	81	28
84869	6.45059	572	203
8487	4.25308	315	128
84876	8.12675	50576	8270
84889	7.932	411	202
849	4.82817	71	34
8490	6.82101	1122	618
8491	5.41902	82	39
84913	6.56021	95	30
84922	6.69	61	16
8495	6.58961	255	97
8497	5.52175	223	96
84989	7.38088	68	17
8499	4.34615	65	30
84991	6.9375	32	9
85	6.9622	704	374
85000	7.41117	264	122
85004	6.49329	82	25
85005	6.78617	2421	515
8502	5.66222	45	29
8503	5.65562	32	19
85036	6.84374	1740	508
85076	6.56216	37	31
8508	5.87129	350	146
8509	6.78085	71	49
85105	6.09509	666	213
85108	7.00357	339	155
85123	6.11707	41	30
85124	7.11212	33	30
8514	5.29688	32	31
85147	9.29208	101	58
8515	7.36366	327	166
85165	7.12708	48	25
8517	5.48869	84	53
8518	6.89375	32	42
8519	5.60156	64	51
852	5.20864	81	43
85204	7.84646	257	79
8521	8.20935	261	130
8522	5.61235	1264	385
85243	5.79686	392	115
85245	6.17366	262	92
85250	6.54666	1791	406
85256	6.70678	7574	1265
8526	5.68382	34	18
85286	4.90429	70	31
853	6.40507	339	103
8530	4.44375	48	29
8531	6.39241	79	45
85325	6.68385	3355	601
8533	6.96471	34	29
85338	5.73367	128	40
85340	5.89589	219	84
8537	7.52045	44	34
8538	7.33293	41	24
85389	5.80784	51	15
85394	5.50066	331	114
854	6.50346	748	282
8542	4.64507	67	23
85424	8.52367	153	80
85429	5.60444	45	6
8544	7.1	35	46
85467	7.12266	32	6
85468	6.549	50	8
85472	5.97297	74	23
85474	5.83704	54	11
855	7.00867	3375	1169
85504	4.74667	45	19
8552	6.3901	1003	450
8553	6.94445	146	93
85562	4.83111	36	12
85563	6.34398	118	44
85567	6.83126	119	42
85572	7.72017	116	70
856	5.76263	99	37
8560	5.16351	37	16
85609	7.80488	82	44
85633	6.97778	90	33
85652	7.23841	233	80
8567	5.05403	124	75
8569	5.07738	718	273
857	5.4465	157	47
8571	6.0601	104	72
85769	7.77589	428	179
8577	6.80833	60	43
858	5.2962	79	26
85800	6.57602	312	127
85826	7.6871	31	26
8585	5.46957	46	25
85857	6.62829	76	45
8589	6.15333	45	21
85897	7.33863	2668	528
85899	7.77273	33	14
859	6.1893	2654	741
8593	5.50244	612	309
85948	6.20857	35	12
8598	4.70379	132	44
8599	4.22791	43	12
85992	5.37027	37	9
85995	4.31452	31	18
85999	6.14062	32	9
860	5.89286	56	32
8600	5.52273	44	15
86003	6.53784	74	61
86006	6.64788	52	19
86025	6.01515	66	22
86033	5.69167	48	14
86040	5.41935	31	17
86073	5.49194	1981	394
861	5.96329	496	225
86128	5.92466	475	216
86156	6.68747	501	162
86165	6.33433	67	24
86167	6.93579	208	114
86169	6.55319	47	34
86174	5.38457	35	15
86177	7.18441	256	134
8618	4.95714	49	25
8619	4.84412	34	17
8620	5.41813	64	23
8621	4.09559	34	11
8624	5.38	67	21
86246	6.88802	1803	519
8626	6.40141	106	79
86270	5.48162	136	44
8630	6.50826	286	119
8633	5.16388	543	143
8636	5.27987	191	71
8637	5.27581	62	56
8638	4.48336	34	17
864	6.166	948	338
86406	7.07524	103	70
86415	6.62679	209	73
8643	6.31632	95	63
86433	5.98713	68	20
8644	5.69697	33	15
86445	7.06607	84	78
8645	5.48387	31	23
86458	7.5225	80	46
865	6.17731	220	103
8651	6.56184	69	13
8652	5.81109	128	61
86538	6.23882	76	12
8654	4.51562	32	23
86542	6.29167	102	35
8658	4.44816	103	28
86587	5.75329	76	19
866	5.28156	180	99
8666	6.32683	123	58
8668	6.26215	1225	485
867	6.5	241	87
8670	5.64622	45	9
8671	5.7149	510	216
8675	5.51702	47	22
86754	6.8087	46	8
8676	4.37115	52	31
86768	5.07203	59	20
8679	7.30342	73	40
86849	6.63429	35	7
86882	5.78152	166	74
8689	3.10217	290	157
869	6.07526	525	165
8690	5.73499	650	189
8691	4.64722	36	11
86919	6.86944	72	58
8693	6.34444	54	38
86955	6.20923	3279	534
87	6.36032	418	206
870	6.62418	537	244
8702	7.02276	123	65
8703	6.43023	86	56
8705	6.44127	71	73
8707	6.25041	121	55
871	6.03562	80	63
8711	6.75145	207	109
87120	6.50875	241	72
87141	6.50101	149	57
8717	7.44706	68	47
8719	7.48349	218	129
872	6.33979	620	215
8720	6.28198	86	57
87200	6.62964	222	98
8721	7.08864	110	51
8722	6.86935	168	118
8723	7.20263	38	26
8724	7.00947	38	22
8725	5.72062	97	76
8727	6.23611	108	78
8728	6.21343	67	34
87280	5.19656	39	10
87288	5.71617	167	28
8730	7.52522	781	373
8731	6.35708	48	25
8736	6.74795	73	62
8737	6.57943	106	73
8740	6.31579	38	27
8742	6.39175	97	72
87428	7.09375	48	42
8743	6.71333	45	33
8744	6.46452	31	29
8745	6.0129	31	24
8746	6.17683	41	28
8747	6.21765	85	53
8748	6.21735	49	40
8749	6.49091	44	36
875	7.72781	3165	1102
8751	6.74687	80	46
8753	5.81146	48	43
8754	6.62931	58	48
8755	5.76769	130	92
8756	5.92882	85	72
8757	6.80539	102	84
8758	6.96825	63	40
876	5.63889	90	44
87632	6.29512	205	106
87681	5.4881	42	8
877	5.60162	154	59
87748	5.31778	45	14
878	6.8314	3945	1362
8782	7.01266	154	102
87821	6.90127	601	239
87829	5.78091	44	4
8784	4.68667	207	115
8787	6.13714	70	66
87871	5.45	30	8
87876	6.10896	67	41
8788	5.87736	53	48
87890	7.38342	3908	983
87893	6.11153	255	69
879	6.39605	38	16
8790	5.91901	1049	182
87904	6.12755	534	72
87907	7.56553	181	70
87926	6.5273	37	15
87929	4.98913	46	22
8798	7.06856	202	140
88	7.10844	9019	2451
88005	5.78091	44	7
88006	7.10273	55	40
88011	6.12963	54	33
88016	6.26984	619	225
8803	6.2961	77	49
8804	5.67471	741	181
88045	6.97143	35	20
8806	5.25609	64	24
88079	7.92094	64	30
88088	5.72632	57	8
88113	6.20737	99	25
8812	7.18769	134	82
88126	7.06276	597	91
8813	5.03037	135	105
88140	6.41697	221	72
88147	6.0713	108	57
8815	6.81543	105	21
8816	5.61512	215	137
88167	5.46818	66	15
8817	6.86151	678	275
8818	6.0121	157	78
88190	8.01867	75	48
882	6.02674	43	18
88246	7.25526	57	40
88253	7.42649	185	133
8829	6.86679	910	118
88296	6.37333	30	7
883	6.53993	1886	663
88316	6.30301	133	64
8833	5.94653	213	142
8834	6.97768	56	53
8835	6.08333	33	45
884	6.14302	685	322
88402	5.61458	454	197
88406	7.16822	247	131
88408	6.4897	3849	1064
8842	4.62667	48	13
8843	6.68832	107	53
88464	6.39045	201	49
8847	5.20588	34	17
8848	6.3	45	24
88513	6.66398	565	193
8852	4.69231	52	31
88521	5.55738	61	33
88549	6.28387	31	7
88554	4.99091	33	10
88556	4.62333	57	28
88559	6.74315	146	84
886	5.93451	71	28
8860	5.19933	234	95
88608	5.17365	74	24
8863	5.89216	51	29
88691	5.19502	227	65
88704	6.01765	34	6
88827	7.63615	1157	348
8887	7.37962	183	118
88870	7.58	30	9
88871	7.43511	141	74
88872	4.56286	35	16
8888	6.695	40	31
88881	4.57429	35	15
88900	5.8422	61	16
8892	5.68205	176	95
88922	5.74831	532	145
88925	7.085	40	11
88931	6.12381	105	38
88950	6.13042	190	86
88957	4.51333	48	23
88960	5.7004	187	67
8899	5.82581	31	9
88996	5.575	56	28
89	6.75017	454	283
890	6.92131	61	35
8902	6.69268	41	8
8903	5.62308	78	48
8904	5.44928	69	58
89071	3.79688	32	14
8909	6.05708	130	42
891	5.6828	8889	2224
8911	6.32759	58	51
8913	6.24368	87	76
8915	5.32168	204	63
8916	5.13796	201	58
8920	6.29121	803	405
89222	5.46204	129	72
8923	6.85417	48	24
8924	6.3674	2269	746
8930	5.57461	128	86
89319	7.2939	41	18
89340	4.83908	264	66
89342	6.36296	467	178
8935	6.16585	605	272
89386	6.368	50	10
8939	7.07595	158	34
89403	6.26238	206	65
89404	5.19118	34	18
89409	7.72207	1824	511
89415	6.41068	982	267
89423	4.12903	31	12
8943	4.99493	69	39
8944	5.86752	377	150
8945	5.58496	157	89
8946	6.10658	1897	582
89478	6.03544	109	30
895	7.01805	292	147
8950	5.45	32	21
8954	6.52375	200	105
89550	3.43448	58	14
89569	5.59681	94	31
8957	6.82888	250	89
89575	6.17767	133	44
8958	4.97106	171	92
8960	6.72353	34	12
89610	6.13538	52	9
89611	5.81563	71	18
8962	5.94146	41	35
89620	5.08571	35	10
8963	3.92647	34	12
8964	5.47223	829	253
8965	5.93012	83	31
8966	5.41795	39	27
89668	6.42056	419	124
89695	7.06962	159	98
8970	5.33301	103	52
8972	4.47436	39	21
8976	6.92373	177	90
89767	6.74762	147	21
8979	6.1986	57	25
89807	6.80625	32	35
8981	6.38409	44	20
8983	4.85729	317	103
8985	6.085	90	39
8986	6.15068	147	70
89880	7.08571	63	41
8989	6.88042	5003	1752
89898	5.81546	194	79
899	4.61769	61	32
8990	6.568	50	26
89910	6.88286	1845	486
89912	6.06698	175	116
89915	5.28676	68	34
89918	5.90744	364	80
89926	5.18333	66	22
89927	5.40595	158	50
89928	4.641	100	39
8993	7.49049	305	156
89931	5.27099	81	26
89951	6.53992	181	44
89953	4.95042	839	250
89956	5.30497	163	53
8996	5.41905	238	83
89962	4.57856	417	160
8997	5.54471	85	27
89972	5.91009	108	26
89976	5.44467	180	53
8998	5.34426	79	27
9	6.45217	1396	591
90	6.21853	588	259
900	5.60826	115	42
90002	6.84286	35	37
90004	6.2375	72	15
90009	6.9781	421	118
90016	5.88582	67	26
9004	4.65051	494	173
90040	6.89616	2344	581
90041	6.14888	1018	323
90050	6.04071	255	97
90092	6.35938	32	3
9010	6.80303	33	20
90125	5.80278	36	15
9013	5.76389	36	30
90137	7.38066	10648	2008
90142	6.19945	91	45
9016	5.425	44	23
9017	5.07803	96	46
9018	6.75	36	25
90190	6.15861	636	175
902	6.8796	3260	1061
9021	6.15478	862	412
9022	5.66949	59	25
9027	6.70417	2178	841
90272	7.51515	33	29
90274	7.35161	62	46
9028	6.22473	2300	907
903	6.8117	2120	676
90305	6.45723	2861	710
9033	6.27591	35	35
90375	5.946	100	18
904	7.05122	5184	1933
9041	6.90308	65	19
90419	7.29953	7011	1769
9044	7.28814	59	41
90460	5.73056	36	6
90467	5.37097	62	15
90471	5.48333	54	8
90474	6.40288	452	117
9048	5.66235	284	149
9049	5.5025	132	71
905	5.76	35	27
90568	7.47893	180	81
906	5.8831	142	50
9062	6.26	55	36
9063	6.40152	66	34
9070	6.04571	35	14
90730	6.475	80	47
90735	5.7626	41	11
9076	5.95455	33	15
9077	6.75505	99	71
9079	4.86089	124	28
908	6.14825	2816	847
9082	5.0	56	46
9083	5.73684	38	30
9084	6.0356	125	25
90855	6.109	90	45
9086	6.73649	74	40
9087	5.74194	31	13
90870	6.74811	1170	315
909	6.7551	206	95
9090	4.91336	128	62
9091	4.85514	138	75
90919	5.58049	102	29
9092	6.4001	220	85
9093	6.66316	76	50
90930	5.39706	34	5
9094	5.76628	43	64
90942	7.48584	113	46
9095	7.53548	31	18
90968	5.70617	81	24
90972	5.81517	58	26
90974	5.51081	37	16
91	8.05769	4689	1696
91010	7.41983	116	73
91034	6.69214	782	240
9104	7.19888	65	39
91050	6.1622	268	120
9108	6.03369	390	157
91080	7.61628	1746	610
911	7.16373	438	249
9110	5.89706	34	45
9111	6.79737	38	34
9112	7.14643	98	51
9115	4.91489	47	11
9117	6.82658	79	49
9118	3.41765	34	35
91189	6.80851	632	157
91197	5.76481	54	20
912	6.9232	410	204
91312	7.23789	9599	1881
91313	6.04898	49	19
9132	7.50826	121	60
9133	6.5359	39	37
9135	7.62553	94	40
9139	6.16303	806	314
91394	5.66083	121	33
914	5.07895	38	33
91425	6.23161	174	41
9143	7.34068	59	36
91430	5.97049	224	47
91438	7.132	50	45
91440	5.86459	85	30
91442	6.63765	34	14
91448	5.21795	39	7
9146	6.2491	83	48
9149	6.01829	416	158
915	6.53729	7807	2364
9150	7.28507	67	44
91512	6.03047	106	30
91513	5.6895	66	26
91514	6.94233	9137	1768
9152	6.54167	42	28
91523	6.49211	2491	543
9153	4.98423	52	26
91534	6.1497	2546	597
91536	6.7501	13371	2873
9156	5.90588	34	12
916	5.87	106	65
9160	5.0875	80	37
9161	6.25133	143	64
91620	6.83009	2035	666
91653	6.45217	92	38
91664	5.13889	36	9
91666	7.14396	182	62
91668	6.2714	195	47
91671	6.41727	515	145
917	5.78572	2762	816
9173	4.31476	62	24
91737	6.925	30	19
91739	8.0172	93	49
9174	5.24658	73	23
91759	5.7106	176	80
9177	6.58185	157	65
91773	6.89833	600	123
9181	6.59688	32	18
91817	6.54884	216	82
91831	6.19307	101	37
91872	7.23494	5850	1219
91873	7.17302	2564	579
9188	4.96875	32	17
9189	6.57742	31	25
9192	6.87845	58	23
9194	6.14383	81	14
9197	6.57069	58	56
91984	7.13458	1538	384
91995	5.78788	33	10
920	6.11602	272	72
9200	6.06532	248	137
9201	5.48401	548	239
9202	5.79406	1234	508
9203	6.85662	4652	1451
9204	6.27568	37	23
92044	6.93612	1555	478
92046	6.48072	83	46
9209	7.41291	76207	13061
92094	5.31917	169	42
9211	5.5371	341	152
92120	6.523	956	339
9214	4.2364	225	92
9215	7.3155	924	431
9216	7.57748	11086	3052
9217	7.28966	15010	3457
92177	6.14223	103	16
92186	7.10143	35	37
92188	6.65298	84	35
92190	6.78879	2587	702
9220	6.56369	27580	4899
9227	5.37451	116	44
923	6.18793	773	259
92319	6.91495	2599	678
9233	5.87214	70	40
9234	5.03408	49	27
92363	7.85	193	106
9237	7.23918	97	48
9238	6.32122	115	64
92415	7.2041	16547	2730
9246	6.01471	51	15
92465	6.89283	46	10
9248	6.01064	47	22
9249	5.34314	51	10
92497	5.43785	177	48
92499	5.66236	144	32
925	6.52512	4432	1648
9250	5.15667	30	19
9251	5.429	100	38
9259	7.05208	48	17
92591	6.52586	58	14
9263	5.92308	39	29
92643	6.29874	1027	363
92644	6.88279	365	77
92646	5.20086	97	15
92661	6.37222	36	5
92666	6.7491	550	270
927	5.15667	165	70
9272	5.51351	37	15
92759	7.33507	67	51
9277	6.36667	30	23
92776	5.62406	434	183
92777	6.75122	41	33
928	5.06333	75	25
92828	7.44377	17979	2224
92838	7.6859	39	10
9284	5.54371	167	70
92852	6.69607	337	102
92876	5.90072	138	26
92879	5.81902	41	25
9288	6.86818	132	58
929	6.56899	7193	1852
9293	5.1394	63	28
9296	6.82896	164	54
92960	3.89394	33	13
9297	5.853	432	171
93	7.74964	24485	5357
930	5.29592	49	14
9300	6.59559	136	69
93001	6.37281	228	100
93041	5.61094	32	7
93044	5.85867	65	15
93094	5.50712	59	13
931	6.52955	44	23
93134	5.93383	45	18
93138	6.21094	128	39
93164	5.79143	35	19
93185	5.96426	518	165
9319	5.7077	74	37
93194	6.07949	427	154
932	6.75683	1290	401
9320	4.66667	39	20
93260	7.50447	10572	1937
93271	5.68661	41	10
93275	5.39677	31	22
93287	7.15349	230	66
933	5.8271	131	50
9339	7.01705	44	33
934	5.38864	88	24
93400	6.51617	167	73
93402	6.19891	46	11
9341	6.72378	1788	733
9342	5.99407	944	459
9343	6.16667	33	14
9345	6.19827	52	25
9346	6.41515	229	97
93463	5.72551	49	17
93472	5.9951	168	42
9348	4.88485	33	9
93493	6.32763	38	20
935	6.95812	518	213
9350	6.36579	38	32
93522	4.41774	137	49
93537	6.35556	207	98
93538	6.57107	1238	474
9354	6.38508	307	54
93540	6.21448	210	96
93541	6.46043	516	175
93555	5.94143	70	15
9356	7.69782	55	55
93563	5.98224	237	88
9357	5.13182	44	46
93575	5.94256	39	21
93577	5.61398	161	74
93578	5.53431	51	20
93594	5.74089	150	37
936	6.92869	1173	449
9360	7.37403	77	51
9364	7.52967	740	179
93678	5.8125	92	22
93679	6.29	45	30
9368	5.49056	71	25
93688	5.11594	496	169
937	6.8401	293	145
93724	6.84269	1128	355
93733	6.14043	116	22
9376	6.64058	69	31
9379	6.02155	58	35
938	5.71757	2627	1021
93819	6.65538	195	86
9385	5.81	50	32
9386	6.3787	270	136
93867	5.79412	34	40
93879	6.00101	139	63
9388	5.40809	241	88
93895	6.73267	101	33
939	7.55841	2130	821
9392	4.84804	153	39
93971	6.81973	609	162
93997	6.28776	49	18
94	7.20726	4212	1270
940	6.02057	158	59
94002	5.39856	104	57
9406	4.5	30	16
94073	5.0119	42	13
9408	6.42013	1360	587
941	6.05609	1099	388
9410	3.85	30	17
94104	7.34043	1561	640
94116	6.31294	85	11
94123	5.97875	112	52
94140	6.07778	81	43
94142	4.48758	31	27
9415	5.34828	58	22
9416	4.62845	58	30
9418	5.94167	36	18
942	5.17742	31	14
9420	5.87265	34	18
94246	7.33665	2274	739
94255	7.31946	149	85
9426	5.16667	66	26
943	6.186	3745	997
94331	6.75211	166	89
94338	6.07849	86	33
94346	5.51023	88	32
94362	6.81387	4283	987
94363	6.08936	47	20
94365	6.32223	331	63
94371	6.83	50	37
94373	8.61283	230	138
94375	7.131	100	64
9438	6.19453	64	73
94389	6.86285	909	327
9439	5.77243	498	173
94396	7.4687	238	127
944	5.90383	368	136
9440	7.11485	4938	1556
9441	6.78151	2359	522
94456	6.39634	41	12
9446	6.7015	5589	1963
94476	6.45	40	38
94480	6.73179	1657	417
94481	4.97253	158	68
94483	6.43572	568	213
94484	5.86481	77	57
94486	5.34521	73	31
94493	7.08197	61	38
94571	5.79058	138	49
94596	5.92026	66	23
94615	6.75412	85	50
94633	6.60475	40	22
9464	4.75193	233	99
94683	5.91905	42	8
94684	5.11417	80	33
947	5.19407	59	22
9471	5.57805	41	13
94724	6.09663	303	90
9473	6.01038	183	82
94731	5.95491	845	276
94732	5.92735	446	115
94733	6.02175	514	134
94734	5.99	473	121
9474	5.79474	38	19
94746	7.07586	58	37
9475	4.93682	85	42
9476	6.86667	144	71
948	5.31745	212	78
94822	6.65219	73	17
94837	5.85291	293	71
9488	5.80526	38	13
9489	6.9869	42	24
94891	5.28154	353	78
949	6.58889	2409	922
94902	7.65061	394	156
94915	6.11917	360	100
94916	6.28958	48	33
94949	6.75778	90	48
94958	5.19231	52	16
9496	6.48485	33	27
95	6.40541	1024	365
950	6.57241	425	254
95021	5.36	30	31
9504	7.13895	80	16
9506	5.52472	89	46
95064	7.29643	3202	651
9507	5.35407	59	18
9508	5.04194	31	17
951	6.42321	417	208
95103	7.10193	3653	970
95105	6.54286	1623	534
95115	5.57588	85	22
95128	5.5142	88	47
9514	4.78247	77	41
9516	4.28908	130	57
95234	6.39307	1838	407
95364	6.1231	145	31
95386	6.03263	879	188
9539	6.42	30	10
954	5.31395	124	41
9540	4.43778	90	38
9541	5.02778	36	16
95449	5.9595	141	31
9545	4.80941	85	38
9547	5.1375	40	19
955	6.02789	92	50
95503	6.81191	47	20
95527	7.59394	4112	937
9554	4.81379	29	21
9556	6.36329	286	110
95589	5.08977	44	20
9559	5.35824	119	41
956	6.00533	142	75
9560	5.56474	323	136
95607	5.90614	204	39
95613	6.24823	659	228
9564	6.80469	32	33
9565	6.03909	55	33
95679	6.31127	71	19
9569	5.81944	36	19
95695	4.07333	45	8
957	6.17222	45	27
95705	4.72065	46	14
9571	5.58333	48	31
95710	5.05056	218	48
9573	4.69697	33	18
95756	6.30035	142	37
95765	5.27623	162	45
9577	6.14211	152	98
958	5.42068	278	115
95800	5.6881	42	13
9581	4.56889	45	17
95810	5.08333	33	10
9583	5.51051	99	36
9589	5.16327	49	32
95893	5.37657	289	88
959	7.17297	74	70
9594	5.23417	30	14
9597	6.056	50	23
96	6.18448	573	281
96007	7.51029	1279	306
96026	8.1221	276	102
9603	4.4465	44	33
9606	6.27871	631	313
96061	7.51027	73	40
9607	4.63878	49	16
9609	7.774	10147	2981
9610	5.76538	78	25
9615	6.13735	572	240
96152	7.00365	882	201
96157	7.40833	36	31
9616	5.8588	440	165
9617	6.95712	428	162
96188	5.61835	774	210
9619	6.66584	101	52
9621	5.40323	31	24
9625	7.51761	3954	1482
96260	5.99006	1352	461
96266	6.82333	30	40
9629	7.08205	117	68
963	6.15673	1310	401
96310	7.42857	84	35
9633	5.44615	52	39
96342	6.1088	83	16
96345	6.14743	413	57
9639	5.06897	29	23
964	6.22467	201	104
9640	7.47887	71	32
96440	7.88095	42	17
9646	5.533	50	29
965	5.6435	277	128
9650	7.12222	90	77
96564	7.09211	38	39
96602	8.00976	83	35
96608	5.58557	81	17
96613	6.31957	1454	382
9663	7.36901	71	44
9666	4.56376	234	110
96672	5.88717	120	52
9668	7.44032	31	19
96703	6.20671	82	65
96704	6.66609	652	240
96713	6.36727	1886	516
96728	7.88129	31	16
9673	7.57734	64	28
9674	7.11718	16056	4037
9675	6.18151	1365	586
96765	6.64177	164	48
96792	6.86464	938	348
9681	5.72023	131	42
96848	8.09905	29417	5857
9685	6.23901	131	61
96913	7.40786	6904	1458
97	6.28244	1027	419
9704	4.74389	90	54
9705	4.53915	47	13
9706	4.97222	36	14
97093	5.90042	259	66
97094	6.09941	405	151
9710	5.41563	96	44
97207	7.44725	13493	2549
97248	7.11538	39	23
9725	5.15537	121	43
97273	6.49554	677	217
97287	5.35	77	68
97329	6.84326	46	16
97332	8.0951	51	5
97339	5.78824	51	18
9735	6.33172	604	282
97357	6.61784	1046	333
97377	7.22525	99	35
97432	7.15909	44	26
97433	7.03958	48	29
97469	6.28851	74	25
97494	6.81707	41	28
975	5.86848	33	18
97512	6.91383	47	23
97521	6.82157	51	27
97582	6.58614	57	18
9759	6.77027	37	13
97655	5.88725	298	81
97683	7.74067	105	47
97747	6.61854	48	16
97751	6.10625	80	29
9776	5.70128	50	33
97786	7.25796	10152	1468
97803	6.48918	899	249
9782	6.30943	162	70
97824	5.3984	166	68
9784	6.46667	30	21
97842	7.18625	9419	1885
9785	4.75938	32	15
9787	5.74143	414	140
97875	6.56691	485	156
97888	5.28727	55	19
979	5.85386	204	118
9790	6.7	40	30
97903	6.84847	7276	1835
9791	5.88016	63	32
97915	6.90743	785	300
9792	5.7889	675	319
97939	6.82509	161	92
9794	5.89048	249	89
97990	5.83628	86	19
98	6.56471	10498	3245
980	5.96244	1158	374
9801	5.84704	186	91
9802	5.05899	166	103
9803	6.81144	118	75
9804	7.06108	217	117
98046	5.9492	188	51
9805	4.44063	32	15
9808	5.3	32	19
98085	6.28135	1790	378
9812	4.05169	124	64
98122	6.13261	316	108
9816	5.64145	39	19
98189	5.28172	93	13
98197	5.93881	134	21
982	6.06671	507	241
98203	5.59604	111	43
98229	7.28228	3430	609
9823	7.83396	2456	950
9824	5.10895	190	116
98242	6.47513	1178	319
9825	6.60662	924	231
98261	7.13878	49	13
9829	6.20057	1534	694
983	5.75592	380	157
98315	6.79762	2003	600
9833	7.39762	105	45
98347	6.71784	677	257
9835	6.71429	42	32
98350	4.16452	31	18
98351	7.17326	4065	1225
98352	6.20305	87	14
98371	4.89565	46	18
984	6.20685	73	32
98426	5.57333	45	7
9843	6.40972	36	23
9844	6.12088	34	24
98443	6.73	285	136
9845	6.03023	43	26
9846	7.34868	38	26
9847	5.91176	34	31
98472	5.54329	164	53
98475	6.76214	42	11
9849	6.90645	31	21
9851	5.11355	1274	465
9852	5.34538	528	192
98527	7.61147	1638	612
98529	6.03603	242	116
9853	6.57143	35	24
9854	7.32738	42	20
9855	7.11867	176	75
9858	7.84783	46	21
986	6.65608	3884	1219
9861	6.25625	40	25
9863	6.59054	37	22
9865	7.50375	80	47
9866	6.95465	43	33
9867	7.36957	69	36
9868	5.74	30	24
9869	6.86333	30	23
987	6.51176	2921	1207
9870	7.54731	67	35
98739	6.29781	192	90
98762	6.51571	339	148
98778	7.07224	41588	6977
9878	4.55147	68	34
98780	6.47547	53	38
988	6.12648	452	145
98857	5.31793	92	46
98918	7.12746	1389	570
98931	6.70727	55	24
98960	5.72196	245	127
98975	7.13352	91	60
99	6.69309	2423	871
990	6.68769	65	28
9901	5.66667	39	13
99038	5.69296	54	17
99042	7.11048	62	64
99044	6.32222	45	39
99062	6.76667	36	31
9907	6.67188	32	26
99078	6.71975	226	111
99079	5.02201	631	178
9908	7.07898	59	37
99081	5.79131	884	273
9909	6.77941	34	29
99097	6.05592	716	199
9910	6.97381	1770	475
9912	5.34873	197	85
99120	5.73115	1097	284
9913	6.73452	42	25
99130	7.39355	149	80
99131	6.60172	58	29
99132	6.71827	147	62
9915	6.73902	41	27
9916	6.5961	77	50
99166	5.90556	36	16
9918	7.66554	83	38
992	5.87568	37	11
9921	4.32818	157	77
99219	6.10898	632	144
99227	6.35441	34	31
99254	5.22564	39	10
99286	6.28085	47	37
9929	5.01562	32	17
993	6.34306	216	93
99308	5.93957	183	49
99310	7.037	50	18
99312	6.48618	754	244
99313	7.71646	79	60
9932	6.61875	48	29
99358	8.61264	261	110
9938	4.2813	73	50
99392	7.12941	927	343
99437	6.11766	850	194
99459	6.35787	461	89
9947	4.67647	34	16
99479	6.34186	303	105
99573	8.23468	111	44
9959	5.41167	54	27
9961	6.8225	100	95
9962	5.97041	692	170
9963	7.25931	351	172
99630	7.39278	248	123
99655	6.53356	219	100
9968	5.34783	46	36
9969	5.61017	58	15
99696	7.42014	71	24
99698	6.47899	119	95
99707	5.73803	71	21
9971	6.2157	86	45
9973	6.40104	48	36
99770	6.02465	275	94
99777	5.99383	162	60
99791	5.83316	196	120
99808	6.15497	463	155
99875	6.17285	3554	899
9988	6.96667	30	24
99880	6.16494	77	29
99881	6.0093	43	10
9989	5.74875	40	21
999	5.38175	137	58
99935	7.30962	104	73
99949	5.51905	42	23
99975	6.72976	3636	569
99976	6.44293	99	21
99992	4.0825	40	23
